Timestamp,Sample,S1_X,S1_Y,S1_Z,S2_X,S2_Y,S2_Z,S3_X,S3_Y,S3_Z,S4_X,S4_Y,S4_Z
2026-06-17T17:25:33.469000,0,-105.68021167007102,76.23706531763149,114.27814015784725,-0.45250322558314227,1.665446978088716,-0.34273214538364866,-28.098316028880888,-55.4868969236384,123.89348665345823,-14.60175296772205,-52.84800977498004,81.1818293884352
2026-06-17T17:25:33.477000,1,-105.70053853015834,75.8903015603558,113.7294850541692,-0.4576331414527176,1.9256629369696374,-0.8658203135808278,-27.86881970187968,-55.527305889460656,123.85609412998316,-14.502795219765824,-52.66497935830357,80.65188610607125
2026-06-17T17:25:33.487000,2,-105.69923174703652,75.80572732297637,113.82485525050464,-0.37446487177455057,1.6051869665430833,-0.7308096332084985,-28.167412582699,-55.47881339488001,123.51821257004534,-14.811708580309768,-52.883329801134956,80.15321098012744
2026-06-17T17:25:33.497000,3,-105.84478922504009,75.70705283871219,114.13595282105535,-0.3130001194425949,1.8024047582461362,-1.1093834410420538,-28.350038492144442,-55.55761369857356,124.76155858035548,-14.299669469793143,-53.44527127934469,80.20615947480279
2026-06-17T17:25:33.507000,4,-105.51479074110802,75.84519469499946,113.9410747984748,-0.48376915633501,1.6079280632662323,-0.5911280965121034,-27.657269302309164,-55.503059642170335,124.34101588720998,-14.994419764938598,-53.018196859225114,80.65419916539948
2026-06-17T17:25:33.517000,5,-106.06569732130995,75.75498096428679,115.2261153003875,-0.7323022280100142,1.3477121043853109,-0.719402840188959,-27.546220593235066,-55.62024911424275,123.31794436298081,-14.694774861176885,-52.73562285848787,80.27073917095257
2026-06-17T17:25:33.527000,6,-105.71703680896552,75.91003827347059,113.97355032156082,0.028192449121464944,1.0628468626324143,-0.4927832988304854,-28.240444292799353,-55.462650676348076,123.00994812859032,-14.452114387269152,-53.002140107780036,80.25138377014291
2026-06-17T17:25:33.537000,7,-105.84400479719828,76.09046573489596,113.9733332109986,-0.36883462470377065,1.153235409405407,-0.4413067657176706,-28.035038756687037,-55.735416619379365,124.08363034643534,-14.721437610457937,-53.07599702697805,80.79176698659715
2026-06-17T17:25:33.548000,8,-105.8297884507922,75.71551056516046,114.50666051277113,-0.5123938248075575,1.7859699422708792,-0.9356792780477962,-28.33806322481567,-55.46062870941227,124.69046148657966,-14.874168585703805,-52.70350935559771,80.9060843806144
2026-06-17T17:25:33.558000,9,-105.88466001672485,75.88748332724079,114.64472693483806,-0.5611393146618162,1.46549397184433,-0.4565456802100941,-27.842276156512597,-55.30101047407421,123.88090529185406,-14.538737598981138,-53.37462777916038,81.5457637662717
2026-06-17T17:25:33.571000,10,-105.70777920690897,75.9664210983902,114.37427958399704,-0.18697877022481169,2.0680970283915396,-0.3606574527693029,-28.030902738635795,-55.668741608823396,124.74413849324874,-14.942462157088546,-52.989296775348656,80.57028222652761
2026-06-17T17:25:33.578000,11,-105.70554301030882,76.00870973063154,114.21659338017324,-0.1119110816911287,1.964011821275531,-0.43889412005373746,-28.29832911615894,-55.39395369885631,123.68133451915297,-14.867622350373614,-53.13700716587021,80.88325494497111
2026-06-17T17:25:33.588000,12,-105.73182333277954,76.05663482910288,114.1683452694092,-0.35742231485557624,2.046182960060898,-0.4038295313402982,-28.161386882705575,-55.60004463133162,124.56339212973563,-14.61299090971313,-53.62830169602116,80.15090090723392
2026-06-17T17:25:33.598000,13,-105.93699254973575,76.21169213828668,114.68400395521788,-0.7179087189539354,1.498363603794839,-0.6440165730945069,-28.033779543080886,-55.64045359715388,124.28465308112341,-14.578943711276205,-53.04709694310159,80.34347731388583
2026-06-17T17:25:33.608000,14,-105.79836427036992,75.89594105368906,114.34377790255787,-0.298596869435934,1.848968109448753,-0.5123771922827219,-28.070608955217573,-55.37172724900937,124.02183098799054,-14.371425668047092,-53.27829416623883,80.39804296965886
2026-06-17T17:25:33.622000,15,-105.9408703883253,75.93541145281539,114.51099865394501,-0.5940024396963342,1.6873610464193578,-0.7766586142170031,-27.766242341516243,-55.62428870912953,123.38098485646582,-14.646525242191853,-52.41130199356831,80.77372366736161
2026-06-17T17:25:33.628000,16,-105.89322529833575,75.5660927493099,114.58799260422904,-0.2751021168329616,1.7695351262956274,-0.6909141789442083,-28.061115486168006,-55.53538724872662,124.54627597743544,-14.657064118480504,-52.93471002660944,81.45254273478653
2026-06-17T17:25:33.639000,17,-105.97122706440794,75.88748332724079,114.69680695711813,-0.35133787258504556,1.829795137841255,-0.47334384038205163,-28.370050507310676,-55.77380578775823,124.87048227476757,-14.969856906322718,-52.31175840950753,81.2689744885808
2026-06-17T17:25:33.649000,18,-105.65698062132151,75.74934147095351,114.10385939710217,-0.37756422204540907,1.5367095470098298,-0.4495117588591723,-27.64162761563831,-55.60004463133162,124.44296934941488,-14.43809399310085,-53.32003758254668,79.66743936949875
2026-06-17T17:25:33.659000,19,-105.74008259587129,76.05099836287286,114.17050379630093,-0.03479360758202171,1.8818377413992617,-0.630558024554811,-27.89911422965241,-55.733396821935976,123.89327582651147,-14.69725410745312,-53.04709694310159,80.87281580450257
2026-06-17T17:25:33.674000,20,-105.7402371221088,75.99743377106826,114.32426007702283,-0.24425121993842103,1.6955784544069838,-0.3058210686680398,-28.142437725265538,-55.38991193447711,124.61468806975545,-14.822182275702781,-52.71635613590357,80.18973709672142
2026-06-17T17:25:33.679000,21,-105.98748397810596,75.84519469499946,114.64691103721255,-0.4509983212455513,1.5421887993652148,-0.6957462145349279,-27.69634063663471,-55.43638246212195,123.80235216979086,-14.405449362506017,-52.80626635867219,81.13930299826077
2026-06-17T17:25:33.689000,22,-105.89365971887355,76.02844341664307,114.55619963729845,0.17640239129514845,1.4572765638567042,-0.15954698125336647,-28.089028406860532,-55.83240160854065,123.7241506090651,-14.35751528024793,-53.20765066605451,80.46626234276482
2026-06-17T17:25:33.699000,23,-105.74475792441208,75.87620736767751,114.22344630016069,-0.3384543051007324,1.7503592135972266,-0.3926917812407973,-28.082922557723613,-55.9354459900321,124.53429164472523,-15.173170218051087,-53.111317053132964,80.82034704220447
2026-06-17T17:25:33.709000,24,-105.81435896326444,75.78881187007984,114.239674040512,-0.35038139081708347,1.7585766215848524,-0.8920754011370904,-28.17749538526249,-55.048449013954055,123.97398187465973,-14.284106158320618,-53.127373804578056,80.81340972853452
2026-06-17T17:25:33.723000,25,-105.6561304013716,75.76625692385005,113.92768786944238,0.055169876575951626,1.2162365176741836,-0.6931228089672509,-28.0856124054691,-55.72531546267001,124.26979024700292,-14.69066998770182,-53.05352033325452,80.84011886087302
2026-06-17T17:25:33.730000,26,-106.16974013107068,75.8903015603558,115.35912604588808,-0.26255573792785025,1.3696261727159527,-0.7443255948507711,-27.918138550975733,-55.18786276638098,124.24328165558855,-14.648767869139249,-52.86085310741142,81.00530190562354
2026-06-17T17:25:33.740000,27,-105.69598604461993,76.02280695041306,114.00672809747647,-0.36590426521370945,1.829795137841255,-0.7027013133872155,-27.947905004048465,-55.77986734958081,124.03408460152274,-14.691157987670515,-53.35536105657607,80.95856182514541
2026-06-17T17:25:33.750000,28,-105.99753032889996,75.4617817988157,114.77521129186994,-0.9062676088347354,1.8352714491057371,-0.5184523778998129,-27.84264393292573,-55.543470777485005,123.65720699438783,-14.70152303870591,-53.503071447097625,80.34291847219113
2026-06-17T17:25:33.760000,29,-105.86101748945885,75.74088374450525,114.62889158653947,-0.34399892130981113,1.5558854597082257,-0.6052062177461723,-27.595897819563973,-55.60004463133162,123.64769194583693,-14.527459342083857,-52.449835438736926,81.0005571655901
2026-06-17T17:25:33.772000,30,-105.6872923609904,75.59428718887295,114.03636253751536,-0.21283268049750784,1.7037958623946097,-0.7728237465512431,-28.16780662009007,-55.54751037237178,125.02594305695253,-14.485811371849126,-52.94755335904082,80.91368398570317
2026-06-17T17:25:33.780000,31,-105.81959060771655,75.84519469499946,114.59100939633636,-0.374342827919789,1.8626647697917638,-0.8761420076844115,-27.88176041855874,-55.41011641738824,124.35117504190717,-14.289051676106459,-53.1691172208859,81.0738639545709
2026-06-17T17:25:33.790000,32,-105.86598482678049,76.08764750178094,114.5596133095508,-0.31089089764116995,2.133836292292552,-0.5757608607211827,-27.75377581137167,-55.63843379971049,124.62867295547917,-14.593825486045262,-52.709932745750635,80.82341998885477
2026-06-17T17:25:33.800000,33,-105.6829757809674,75.76625692385005,113.87475089868197,-0.25638760222041734,1.6079280632662323,-0.7368550890136786,-27.92001711067165,-55.43638246212195,124.19114321911823,-14.822582952809348,-52.86085310741142,80.59971784961853
2026-06-17T17:25:33.810000,34,-105.47368769962337,75.49279447149375,113.23814108666954,-0.4125279723731941,1.5202747310345728,-0.9555010360360674,-28.317064087146548,-55.864729215096936,124.65635179141603,-14.672617281609572,-53.29113749867021,81.1565701878284
2026-06-17T17:25:33.822000,35,-105.82446027862579,75.92131423303385,114.31820223406066,-0.06295159155483601,1.7037958623946097,-0.8125056128816963,-28.622902469809347,-55.42021974359001,124.06985628765838,-14.664518361499585,-53.316827611407454,81.06995534379082
2026-06-17T17:25:33.831000,36,-105.67464118516656,75.47023952526396,113.79572096356782,-0.22768427754514312,1.7037958623946097,-0.6630673697036148,-27.996706900690832,-55.828359844161454,123.8423604001274,-14.24487084779001,-53.18838394347021,80.68631532919024
2026-06-17T17:25:33.841000,37,-105.57228495380899,76.16658527293035,113.58532387573045,-0.06354421270111854,1.9475770053002792,-1.003651364205084,-27.97746954464107,-55.462650676348076,124.51866129706012,-14.286554900831257,-52.581489077813394,81.09434194094639
2026-06-17T17:25:33.851000,38,-105.62225368758834,75.82827924210292,113.80621600429676,-0.08666538167403631,1.6955784544069838,-1.087239008334433,-28.382401890475794,-55.648534956419844,124.38534889263231,-14.347773584807994,-52.09019454766244,80.60740067257942
2026-06-17T17:25:33.861000,39,-105.78511601487497,75.78317237674659,114.2842496952313,0.08320192390221666,1.509319167414706,-0.5397173787549457,-27.79893851842473,-55.735416619379365,123.7786701121847,-15.056274383339307,-52.857643136272195,80.94774274101586
2026-06-17T17:25:33.877000,40,-105.7462689298142,75.7183318253787,113.86565068812973,-0.2830778878311144,1.7914462535353612,-0.8756258126230954,-27.812071177063594,-55.25049818205017,123.91250376463894,-14.570928906737246,-52.844799803840814,80.2766057029301
2026-06-17T17:25:33.881000,41,-105.4126207192231,75.66476723357408,113.70800472491423,0.06536327948792042,1.6818817940639679,-0.8156154836987761,-27.765354258486312,-55.695007653557106,123.19204036030946,-14.691529962626115,-52.82231966224279,80.7361122330214
2026-06-17T17:25:33.891000,42,-105.7006076955332,75.49561270460876,114.10944715053732,-0.24170224760417877,1.9557944132879053,-0.8267073511050166,-28.106267070974766,-56.05061566466113,124.02880611054755,-14.74013222595315,-52.85121974611926,80.94451868829681
2026-06-17T17:25:33.901000,43,-105.75510631214051,75.67604319313737,113.92644855010101,-0.11716578976484743,1.99688145322604,-0.8166507018515072,-28.277126914283695,-55.636411832774684,124.34100505986567,-14.757766725939831,-52.459468800029086,80.84064122836985
2026-06-17T17:25:33.912000,44,-105.99066597474143,75.97487882483846,114.81789196331039,-0.38655430713051064,1.8380125458288858,-1.0364146057580081,-28.036917316382922,-55.52326412508146,124.03149190996504,-14.307222208826428,-52.98608680420943,80.78701926012896
2026-06-17T17:25:33.925000,45,-105.69090797877644,75.90721701325234,113.80914929410218,-0.3452256138296121,1.7421447467005036,-1.112925192036056,-27.94245465056333,-55.35354256354163,123.99551020821919,-14.732771280775246,-53.050306914240814,80.72428647533953
2026-06-17T17:25:33.932000,46,-105.72110104809691,75.83110050232118,114.14427826869385,-0.19756215680077505,1.840750701461127,-0.8454027499561023,-27.763544725687574,-55.50103984472695,123.81175029721652,-14.570992725621416,-52.74204280076633,80.91890434955921
2026-06-17T17:25:33.942000,47,-105.4544253099198,75.3433766556432,113.3974650784432,-0.4145410114377528,1.1833668857236748,-0.8905180317367092,-27.635739307116943,-55.63843379971049,124.0605282394139,-14.700199592599436,-53.24618411122314,80.96090837223679
2026-06-17T17:25:33.952000,48,-105.62807253179963,75.95232387860868,113.91311374306018,-0.36548063484822474,1.8900551493868876,-0.4916522353840441,-28.28659037075738,-55.282825788606466,124.64789006626232,-14.578439587984985,-53.05352033325452,80.84759387171538
2026-06-17T17:25:33.962000,49,-105.74490718212508,76.08482926866593,114.0107929455739,-0.27073691269986055,1.6079280632662323,-0.6868130963885106,-27.886421728486923,-55.72531546267001,123.93704644364958,-14.987607431322534,-52.75488958107219,81.50598958505023
2026-06-17T17:25:33.973000,50,-105.65540953106922,75.93541145281539,113.77861596062455,-0.22160258362399426,2.010575172478148,-0.7325824668218719,-27.622416337615352,-55.775827754694035,124.28794753474085,-14.578123026449486,-53.316827611407454,80.45735635190012
2026-06-17T17:25:33.982000,51,-105.67552342766247,75.96923933150521,113.795467984603,-0.5233778005738965,1.5257539833899627,-0.5882357298616074,-28.28855684767997,-55.62428870912953,124.66452611079379,-14.53597967559051,-53.23976072107021,80.5633171208927
2026-06-17T17:25:33.992000,52,-105.63536047895519,75.89875928680407,113.77531612597731,-0.35364583907695146,1.9475770053002792,-0.41699966751748974,-28.098040583614576,-55.531347653839845,124.18596432227598,-14.273225810841994,-52.722776078182015,80.67818467437172
2026-06-17T17:25:34.003000,53,-105.56978748403425,75.54917729641338,113.37342945803817,-0.2339791608237262,1.827056982209019,-0.6990772056251915,-27.544126215989657,-55.44648578832373,124.39639032342257,-14.726372979900287,-52.61681255184279,81.36349891940718
2026-06-17T17:25:34.013000,54,-105.55449166704966,75.62247860133276,113.49995251165781,-0.27002418512361614,1.7311862419897337,-0.6410033356476409,-28.04863880255201,-55.644495361533075,123.5637390706021,-14.454649046965445,-53.34251772414469,80.24077329175363
2026-06-17T17:25:34.024000,55,-105.71665815238225,75.33210069607992,114.32197242996313,-0.3353068634614505,1.85992367306862,-0.37468686328001044,-28.125659740051226,-55.25453777693695,123.98884550674188,-14.21148444976649,-52.992506746487884,80.72553444877352
2026-06-17T17:25:34.033000,56,-105.70421119883872,75.84519469499946,113.81890544032004,-0.10841785496446939,1.6380565984935922,0.0609205101057594,-28.132703808785664,-55.37980860827533,124.43401748710984,-14.736746773602658,-52.81910969110357,80.43657295750283
2026-06-17T17:25:34.043000,57,-105.57733194473539,75.89594105368906,113.95932691400111,-0.4210905343010227,1.5942314029232165,-1.1574802723412412,-27.59902782478276,-55.37980860827533,123.56079481770696,-14.547200088582626,-52.581489077813394,80.15494325961693
2026-06-17T17:25:34.053000,58,-105.6994052337106,75.83110050232118,113.73885882952602,-0.3438279751620259,2.128357039937167,-0.4512386279420654,-28.268460269450134,-55.62024911424275,124.32055900200176,-14.297358513394322,-52.65855596815063,80.89854684887545
2026-06-17T17:25:34.063000,59,-105.80762619332211,75.61683910799951,114.30945854715854,-0.6459086714144396,1.4216687762739544,-0.837147876051376,-28.146666645803606,-55.61620734986356,123.8566911588771,-15.022113927577191,-52.12872799283106,80.79942579764962
2026-06-17T17:25:34.080000,60,-105.94503547606664,75.7437050047235,114.88525943100105,0.03443924103162391,1.5777965869479644,-0.7560762552190193,-28.250415302546497,-55.31919515954195,124.06200321670464,-14.81979414478521,-53.23012735977806,80.86238455264521
2026-06-17T17:25:34.083000,61,-105.83135874165728,75.83391873543619,114.46550274666835,-0.12891414374983726,1.7531003103203704,-0.8143176667627097,-28.120835349013078,-55.452547350146304,123.93289785490082,-14.553794356677376,-53.329670943838835,79.87636249647284
2026-06-17T17:25:34.094000,62,-105.56527005499771,75.64503052045931,113.84065341366538,-0.044394389347707286,1.7722732819278684,-0.3169195984999006,-27.872485549881716,-55.4222395410334,123.84931170941896,-14.755670627771199,-52.80947632981141,81.27109996764244
2026-06-17T17:25:34.104000,63,-105.75839998492671,75.75216273117177,114.36428628483361,-0.3994715213162954,1.649015103204367,-0.7208777709841038,-27.617337114706434,-55.51922453019469,123.85940591059291,-14.860139405203565,-53.25260750137607,80.6334119909457
2026-06-17T17:25:34.114000,64,-105.65916964693923,75.77471465029832,114.00823622180191,-0.33573519754330505,1.848968109448753,-0.7596076458435738,-28.02761578929317,-55.828359844161454,124.19468963994018,-14.423547333674838,-53.10168369184081,80.52144226613976
2026-06-17T17:25:34.128000,65,-105.92434649419474,75.92131423303385,115.17617349088763,-0.19398248828783227,1.7914462535353612,-0.2686025168412536,-27.998921593126948,-55.373747046452756,124.39784797372097,-14.710069263010585,-53.435637918052535,80.53809896816199
2026-06-17T17:25:34.134000,66,-105.6116521595811,75.60556314843623,113.74592886007571,-0.35356799379882553,1.7722732819278684,-0.6877603017130229,-28.254230326589123,-55.41011641738824,124.85783082060732,-14.303782748732344,-52.47873552261339,80.89176554345065
2026-06-17T17:25:34.144000,67,-105.68402371655247,75.85647368166597,114.09158293897138,-0.36421478098598215,1.2682791212321853,-0.20625327847902014,-28.071935564623764,-55.56367526039614,124.3883740654278,-14.413808405922884,-52.79341957836633,80.66257980233262
2026-06-17T17:25:34.154000,68,-105.83543172200245,76.07918977533268,114.33314898184041,-0.5704201008646725,1.5750584313157234,-0.7043362534091482,-27.94370274192316,-55.59196110257324,124.12702044993767,-14.570709435539491,-53.242974140083916,80.84981045726033
2026-06-17T17:25:34.164000,69,-106.00885177958065,75.82827924210292,114.98457061663706,-0.4531717545827324,1.2107572653187937,-0.263113646404893,-28.498128016984563,-55.39799329374308,124.49549559713061,-14.441258568577082,-53.2044406949153,80.74858495244655
2026-06-17T17:25:34.174000,70,-105.96411226461558,75.69859511226392,114.74860339340188,-0.41348445414113766,1.7311862419897337,-0.5367694752810231,-28.64699326069821,-55.543470777485005,125.1809310289785,-14.902025400443645,-52.75488958107219,81.09078846829712
2026-06-17T17:25:34.185000,71,-105.93372485292672,75.49279447149375,114.73922408494565,-0.488043214965439,1.7640558739402423,-0.34437187155205173,-28.294648791747488,-55.515182765815496,124.18691884950192,-14.52190246232568,-52.84800977498004,80.59205493001139
2026-06-17T17:25:34.195000,72,-105.64207462777185,75.83110050232118,113.94528908085184,-0.4648403079226077,1.6928402987747428,-0.35767032902774265,-28.032624354207904,-55.32727651880792,124.0556540753399,-14.223226177845914,-53.17554061103883,80.7567577772611
2026-06-17T17:25:34.205000,73,-105.68988844480643,76.41185631282684,114.45178556876652,-0.5391197124867325,1.846229953816512,-0.8521320242259479,-28.195276600486167,-55.503059642170335,124.02621421695153,-14.142378936222011,-53.162697278607446,80.86393303192456
2026-06-17T17:25:34.215000,74,-105.87784854080667,75.69013738581566,114.27122985449708,-0.5218756445857069,1.9420977529448893,-0.9412505870893932,-27.96183121213335,-55.35758432792082,124.4543458258868,-14.589587439425951,-52.61359913282909,80.10820397276055
2026-06-17T17:25:34.225000,75,-105.6800243219003,75.61683910799951,113.93440718116953,-0.21660915627613261,1.5832758393033495,-0.7596536103740517,-27.990629433032716,-55.44648578832373,123.82116575163451,-14.435893043071125,-52.91544330402512,81.01199051732155
2026-06-17T17:25:34.235000,76,-105.69318782485055,76.00589149751653,114.22013617259358,-0.48934467089615963,1.846229953816512,-0.4074528510258107,-28.235660067808503,-55.55761369857356,124.35289548675439,-14.925857664782928,-52.86406652642512,80.29835360088369
2026-06-17T17:25:34.245000,77,-105.92955102397158,75.88748332724079,114.66804501985064,-0.3181539410630782,2.0900081556312737,-0.7146627336591999,-28.404787173299017,-55.50912120399292,125.68611183038793,-14.708189868351806,-52.61359913282909,80.39535374672609
2026-06-17T17:25:34.255000,78,-105.81276701731781,75.60556314843623,114.15418384919127,-0.19990572536115972,1.5997106552786062,-0.566740599660273,-28.14766987581294,-55.46062870941227,123.28308093815535,-14.770411848740533,-53.15306391731529,80.77772384974857
2026-06-17T17:25:34.265000,79,-105.83651039319376,75.26161762427554,114.37355202741284,-0.6501001810503728,2.128357039937167,-0.6872805807264655,-28.19580467518617,-55.37980860827533,124.27259296754568,-15.050964271253417,-52.96682008162512,80.59846119395161
2026-06-17T17:25:34.276000,80,-105.7790569442526,75.8903015603558,114.24979673157162,-0.16104930355876404,1.7311862419897337,-0.5669992822108639,-28.059068860102013,-55.549532339307596,124.29460140887382,-14.900398748436228,-52.62002252298202,80.69598212004736
2026-06-17T17:25:34.286000,81,-105.81789796140166,75.88466509412578,113.93558490078405,-0.28331693830644333,1.5887521505678315,-0.23721278656678924,-27.850552209100357,-55.60004463133162,124.95638373541381,-15.045396803548629,-53.05352033325452,80.81251689323132
2026-06-17T17:25:34.296000,82,-105.58739949053461,76.41467454594185,113.84787868332218,-0.20909147326953692,1.848968109448753,-0.38979933275308165,-27.756025501643812,-55.462650676348076,124.18656728816447,-14.99465778994395,-52.30212504821538,81.02470246286398
2026-06-17T17:25:34.306000,83,-105.68956613915279,75.98615478440173,113.71453857811767,-0.5318163632799762,1.9694881325400133,-0.7616764241588035,-27.74492499266155,-55.45456714758969,124.8032101140566,-14.831248409418254,-52.95076333018004,80.82450988027922
2026-06-17T17:25:34.316000,84,-105.58705156955756,75.98897604461999,114.01987179700754,-0.09698082844078532,1.476449535464197,-0.8194139591269999,-28.076929653129067,-55.74350014813775,124.74814041061231,-14.508054868602091,-52.88654322014865,79.73631027802621
2026-06-17T17:25:34.326000,85,-105.69579964407811,76.17786123249363,113.66299484907054,-0.23179209374417542,1.4353624955260624,-0.4362152594998535,-28.150753760949453,-55.37172724900937,124.52631002734022,-14.455715137452987,-52.88654322014865,80.18612063805197
2026-06-17T17:25:34.337000,86,-105.62078249831711,76.34701576145895,113.68450566947031,0.1940556448947075,1.46549397184433,-0.7331081523389149,-27.93047439797443,-55.579837978928076,124.09067635951004,-14.452615742872396,-53.32325100156038,79.74726800593511
2026-06-17T17:25:34.346000,87,-105.51327332848331,76.01998569019482,113.5660548127961,-0.7209302239466681,1.8681410810562458,-0.6334793329407138,-28.011526177065768,-55.246456417670984,124.2853028755811,-14.455049724072014,-52.78699963608788,80.65075404465075
2026-06-17T17:25:34.356000,88,-105.78951606050285,75.87338610745927,114.21965606187487,-0.40006024967079024,1.512057323046947,-0.7381489897169982,-27.581523685922495,-55.36970745156598,123.21609049490887,-14.937167831122265,-52.57827910667417,81.16470952487983
2026-06-17T17:25:34.367000,89,-105.78162799972037,75.30390625651688,114.17216162663418,-0.014144710107607567,1.649015103204367,-0.4707184766980024,-28.34211132564025,-55.426281305412594,123.96117885876448,-14.711533262916785,-52.94755335904082,80.89342786097916
2026-06-17T17:25:34.377000,90,-105.62316795263024,75.81700328253964,113.62953851870734,-0.2585649283493861,1.328539132777818,-0.4780970534741369,-27.582475810589404,-55.414158181767434,124.13886973656868,-14.36504349049459,-53.165907249746674,80.4146958916246
2026-06-17T17:25:34.387000,91,-105.70487710457377,75.68450091958563,114.01774941024662,-0.3539830276561347,1.662708822456475,-0.5510631425653013,-28.05220062582091,-55.34950296865485,123.98697839050942,-14.439990535890713,-52.472312132460466,80.75388774055294
2026-06-17T17:25:34.397000,92,-105.62550276327167,76.16376703981534,113.99075333608998,-0.3402185527393986,1.8078810695106182,-0.4445018213328707,-27.536195695322405,-55.71723193391162,123.76227953520973,-14.705809118089777,-52.89938655258003,80.75672428949798
2026-06-17T17:25:34.407000,93,-105.80916142768534,76.18631895894188,114.0783198687358,-0.4298037495509096,2.0872699999990325,-0.47018996315086614,-28.169528235662145,-55.59196110257324,124.33745863904372,-14.623294572349378,-52.79341957836633,80.45922648154719
2026-06-17T17:25:34.423000,94,-105.60281174329896,76.04254063642459,113.31872557915992,-0.4266985511212754,1.9859229485152652,-0.4037423884258111,-27.98186374872617,-55.4222395410334,124.06447818917539,-14.87987520153185,-52.54295563264478,81.66534257202109
2026-06-17T17:25:34.427000,95,-105.80667512476222,75.76062045762004,113.92975418957579,-0.6156473137989575,2.2461389073961864,-0.4693231564779957,-27.652735892703795,-55.268682867517924,123.66006248049436,-14.484428719826058,-53.07920699811728,80.57809911958961
2026-06-17T17:25:34.437000,96,-105.78426356035641,75.7183318253787,114.1080739512074,-0.1817020938249659,1.355929512372937,-0.9007133626581656,-28.442185794957886,-55.58792150768646,124.50580551560111,-14.835910637122135,-52.93471002660944,81.01587021401676
2026-06-17T17:25:34.447000,97,-105.74577046418442,75.98897604461999,114.25029266830958,0.05320184701261023,1.3449739487530699,-0.5027143729783712,-28.082309348619994,-55.40607682250147,124.21913761516764,-14.751050457852875,-53.07278705583882,81.08961125044584
2026-06-17T17:25:34.458000,98,-105.43714677592479,76.37802540703376,113.72359158234035,-0.4575928356678694,1.813360321866003,-0.9142665864517007,-27.824151040465505,-55.07269309175196,123.38731098252676,-14.515774433101008,-52.29570165806245,80.35665162733967
2026-06-17T17:25:34.468000,99,-105.67697167491235,75.92413246614888,113.7905258739136,-0.23860760104969025,1.7421447467005036,-1.281876930014735,-27.84925119834988,-55.220190372937275,123.75850577178525,-14.374485772530113,-53.01177346907219,80.82702319161307
2026-06-17T17:25:34.478000,100,-105.81873130724196,75.78317237674659,114.71791482081707,-0.5145242040105086,1.6407976952167411,-0.5514921947121305,-28.12153762706939,-55.567714855282915,124.31681987918704,-14.441265949232596,-53.26545083380745,80.43730803929468
2026-06-17T17:25:34.488000,101,-105.76873625817457,76.01152796374654,114.00396006796981,-0.15463626921720774,1.7585766215848524,-0.8501963533556909,-27.786227126929724,-55.711170372089036,124.32123774875777,-14.455293724056398,-52.909019913872186,80.70997552678693
2026-06-17T17:25:34.498000,102,-105.81168055254162,76.13557260025229,114.41686224385163,-0.03224463524777943,1.7585766215848524,-1.1514443069917877,-28.14988792241215,-55.42021974359001,123.67229957837075,-14.50111315433834,-52.85121974611926,80.86976686976074
2026-06-17T17:25:34.508000,103,-105.77506837714122,75.75498096428679,114.15594495248155,0.13682350096594553,1.5887521505678315,-0.7267180411085222,-28.005560502224,-55.88695349545145,123.66782244358829,-14.829201749690682,-53.381047721438826,80.95356332294085
2026-06-17T17:25:34.524000,104,-105.67000870671252,75.95232387860868,113.62967793179519,-0.1309964315843456,1.7695351262956274,-0.13082779111692786,-28.1853618642928,-55.25251797949356,123.87425791736908,-14.374166443306642,-52.57827910667417,80.43678646541959
2026-06-17T17:25:34.528000,105,-105.58754095466266,76.3188213218959,113.93830676896818,-0.40794843444023504,1.3367565407654438,-0.6720012759265386,-28.17766345163261,-56.0546552595479,124.27779487969167,-15.098590534642987,-52.79663299738003,80.56998172068224
2026-06-17T17:25:34.538000,106,-105.80741893708594,75.19677707290766,114.20547854390948,-0.31957825177316146,1.6435358508489821,-0.6324085106269501,-28.30160494325522,-55.45860891196888,124.56331634886813,-14.369858221956273,-52.652132577997705,80.95681138756834
2026-06-17T17:25:34.549000,107,-105.49286647548035,76.35829172102223,113.67142384139433,-0.7603687329623516,1.9667499769077723,-0.4766165484560098,-27.94906354708454,-55.7879508783392,124.09681467392802,-14.912425128609037,-52.85121974611926,80.79629364503562
2026-06-17T17:25:34.559000,108,-105.61030252637252,75.50970992439028,113.95439958432394,-0.030091214869718802,1.673664386076342,-0.4923934669512964,-28.041826841824644,-55.387892137033724,124.15621484076958,-14.544224099670679,-52.989296775348656,79.74570627074458
2026-06-17T17:25:34.574000,109,-105.67557919161698,75.70141637248217,114.11209712607464,-0.23078833153239012,1.7037958623946097,-0.5556411999146859,-27.923955049776943,-55.41819994614662,124.05815206311442,-14.1333987196922,-53.098473720701584,79.93761755756564
2026-06-17T17:25:34.579000,110,-105.93364823327786,75.82827924210292,114.66234818863089,0.0606186435659698,1.9667499769077723,-0.9053373845380226,-27.75943536604907,-55.515182765815496,123.80719738156655,-14.429124949723082,-53.15306391731529,79.99610886008644
2026-06-17T17:25:34.589000,111,-105.91476450015756,75.53226184351684,114.47325007200223,-0.0482968017728814,1.4052339602987025,-0.3322916204372891,-27.780192425190815,-55.70308901282307,123.13618581632821,-14.698408882814292,-52.79341957836633,80.52661966637801
2026-06-17T17:25:34.599000,112,-105.52779554516685,75.94668741237865,113.34023612783147,0.04241111923797031,1.2847139372074372,-0.7452391541306309,-27.95460018669928,-55.50103984472695,124.20415785992189,-14.3876161276116,-52.41451196470753,80.88254957088591
2026-06-17T17:25:34.609000,113,-105.6082528785559,75.89594105368906,113.77404515459742,-0.23524501468598735,1.9201836846142526,-0.984476162530221,-27.602418798858523,-55.32727651880792,123.68022193054401,-15.00651273168356,-52.709932745750635,81.39680854339511
2026-06-17T17:25:34.627000,114,-105.78464221693972,75.77753288341333,113.7596518428051,-0.7486684703458039,1.5449269549974558,-0.778252375854926,-27.893897615271435,-55.28686755298566,124.89235487205478,-14.743693686039418,-53.09205033054866,80.86938314604323
2026-06-17T17:25:34.629000,115,-105.82017780747576,76.18631895894188,114.34657177927544,-0.36047861099220546,1.9311421893250225,-0.17097714178533874,-28.10804994536076,-55.52528609201727,124.07415723610383,-14.717754150379456,-53.165907249746674,80.83729178778266
2026-06-17T17:25:34.639000,116,-105.50644065755989,75.91003827347059,113.43230621779144,-0.48901722326755903,1.3394946963976848,-0.7950093576428764,-27.821456207459896,-55.503059642170335,123.8180756253158,-14.773097210580016,-53.271874223960374,81.42915445744853
2026-06-17T17:25:34.650000,117,-105.93573735791449,76.15530931336707,114.36319191167946,-0.19327950166216978,1.3805817363358197,-0.7444127377652636,-28.068293592211408,-55.854625888895164,123.73009622149031,-14.450869521357868,-52.88654322014865,80.88911849051391
2026-06-17T17:25:34.660000,118,-105.70879779325011,76.0171674570798,113.73164358106092,-0.17095360925999234,1.8927933050191288,-0.6097459247416431,-27.677404232538052,-55.38587017009792,123.52112082171558,-14.419118518008775,-52.78057624593495,81.01186134939688
2026-06-17T17:25:34.678000,119,-105.71626226103558,75.46460305903395,113.874254961944,-0.42796440498351795,1.509319167414706,-0.689141345330835,-27.633258660563726,-55.66469984444421,123.46497966992007,-14.761630367118492,-53.050306914240814,80.21203926269146
2026-06-17T17:25:34.680000,120,-105.56430781958619,75.83391873543619,113.39762031755032,-0.273757606768011,1.9119692177175294,-0.6762786842648185,-28.199481645434517,-55.13735047435695,123.93327757057489,-14.35534385284021,-53.10168369184081,80.56570583798012
2026-06-17T17:25:34.690000,121,-105.81691011066675,75.45050583925243,114.40179190900328,-0.5678527910716906,1.649015103204367,-0.3558563170303599,-27.719655137309996,-55.4828551592592,124.12819663145473,-14.980336576694732,-52.95076333018004,80.99421878984647
2026-06-17T17:25:34.700000,122,-105.58146326291461,75.30954574985014,114.14361126682955,0.10846011321925439,1.6846228907871168,-0.666441497294263,-27.61886841941581,-55.636411832774684,123.5321744404653,-14.62309583744165,-53.21728402734668,80.09859559424537
2026-06-17T17:25:34.710000,123,-105.62010751205737,75.97487882483846,113.78873865168417,-0.18018744853681226,1.7147514260144767,-0.7321074501445679,-28.07526249706251,-55.50103984472695,123.77396643276137,-14.67583027071828,-52.552588993936936,80.37004780244501
2026-06-17T17:25:34.727000,124,-105.96569034906557,76.18068249271187,114.40436418706628,-0.6748568947238188,1.659970666824234,-0.6202680183795153,-28.005184386387644,-55.78390911396001,124.22405291949939,-14.734153932798314,-53.233340778791764,81.05987134145309
2026-06-17T17:25:34.730000,125,-105.81251994495076,75.864928381011,114.52970979279964,-0.23440164674680508,1.7722732819278684,-0.7362525391143736,-28.121438587596415,-55.347481001719046,124.58057837459184,-14.23913057964052,-53.22691738863883,81.17217127981102
2026-06-17T17:25:34.741000,126,-105.74797065665379,76.01998569019482,114.21799823154166,-0.6583119206566492,1.4435799035136883,-0.059701827728452284,-27.47050402064938,-55.644495361533075,123.92444695709142,-14.506757356958685,-52.9796634140565,80.98673131671472
2026-06-17T17:25:34.751000,127,-105.76385670735348,76.28499344320608,114.21344297980559,-0.3034732901632281,1.7421447467005036,-0.9783867003109352,-27.86567080633133,-55.503059642170335,124.44178827754807,-14.65379469114318,-52.976453442917276,81.28548956038892
2026-06-17T17:25:34.761000,128,-105.56888438584402,76.29062990943609,113.61343568215989,-0.02228557909476976,1.7613177183080013,-0.4616522511066149,-27.694984014652682,-55.26262130569534,124.26713908819517,-14.674315470359584,-52.94755335904082,80.31612990203698
2026-06-17T17:25:34.776000,129,-105.691345772581,76.05099836287286,114.14376650593665,-0.5071507951092025,1.5421887993652148,-1.079546294021503,-28.01724977338015,-55.57377641710549,124.19766204717195,-14.578279703571702,-53.127373804578056,80.80811562266102
2026-06-17T17:25:34.781000,130,-105.86692074690396,75.85083418833271,114.5095837813849,-0.2433819908813433,1.829795137841255,-0.8015354043483349,-28.36147676496397,-55.77380578775823,124.7525474528387,-14.825266908972353,-52.9796634140565,81.25114355514204
2026-06-17T17:25:34.791000,131,-105.6569148292134,76.01152796374654,114.09030747949915,-0.1600752952566632,1.7421447467005036,-0.11636179612004215,-28.33381581138292,-55.47881339488001,123.5507655700562,-14.458660622599343,-52.83195302353494,80.2742132057862
2026-06-17T17:25:34.801000,132,-105.66597158225642,75.67604319313737,114.31841381152353,-0.2443384726492867,1.6188836268860993,-0.3828038435932908,-28.085903386901876,-55.377788810831944,123.64478449212837,-14.621365739249576,-52.47552555147417,80.61788655672225
2026-06-17T17:25:34.811000,133,-105.78802158989944,76.07918977533268,113.97128852171201,-0.14514114921453142,1.829795137841255,-0.32300710260281407,-28.20168243280127,-55.668741608823396,124.8212989185367,-14.552208019576124,-53.59298166986625,81.05769123010597
2026-06-17T17:25:34.832000,134,-105.56850364293376,75.58864769553969,113.59545209988943,-0.5636229310178967,1.7969255058907512,-0.7280408017100343,-27.851310577759254,-55.32525672136453,123.67765305225177,-14.683393158094983,-52.91222988501141,80.63962988099759
2026-06-17T17:25:34.832000,135,-105.69861951892902,76.10738118779248,113.57623473137694,-0.45523677780752153,1.8955344017422726,-0.671307967006144,-27.95348957779372,-55.503059642170335,125.37405875449335,-14.590604091472501,-52.73562285848787,80.35495661566982
2026-06-17T17:25:34.842000,136,-105.13622649492191,76.6261177071485,113.26705261405809,-0.5796836940511756,1.470973224199715,-0.2566343523064237,-27.44484079022901,-55.347481001719046,124.30446665814706,-15.94494189566262,-53.002140107780036,80.5446928123688
2026-06-17T17:25:34.852000,137,-106.00019487812617,74.40175986808033,114.16829369087404,0.44268456578877174,2.350224114512195,-0.18010439658591004,-27.53950153499456,-55.93342619258871,123.81293136908333,-14.986596754255029,-53.44527127934469,80.94795512681267
2026-06-17T17:25:34.862000,138,-105.71292423881073,75.21933201913745,111.78081382392863,1.6554868132026952,1.2299302369262914,0.8745522387501257,-27.16700161438833,-55.86068745071775,124.13760558622468,-16.665769849782667,-52.18652471270951,80.43187508019226
2026-06-17T17:25:34.881000,139,-105.75431126917002,75.10374208197673,115.4692044044358,-3.20758833004095,0.6656760646849758,-2.6747904875174418,-27.061345537099683,-55.25049818205017,124.81575547443589,-13.124446713015589,-53.776012086542714,80.27139847593664
2026-06-17T17:25:34.882000,140,-105.76365457140014,76.20323441183842,114.84227408617386,2.9603028614079725,2.339268550892328,-0.3817065190432035,-27.366968581584032,-55.33939964245308,125.25557966923428,-15.177429338163304,-53.05352033325452,79.03545904914824
2026-06-17T17:25:34.892000,141,-105.29693261852407,75.77471465029832,114.03068617624871,-3.3524545723097954,1.2326713336494355,-1.6189361853028066,-28.068412184336086,-54.76759954216438,125.53030437721529,-14.704761581409754,-51.98743754458796,81.75508499499439
2026-06-17T17:25:34.902000,142,-105.13476613319148,75.2926302969536,113.2086662579434,-2.416997131358542,2.903522723133639,0.07448487577759322,-28.247192394840855,-55.31717319260614,124.24638910889955,-15.379826543476515,-53.470961392081925,82.43605147962504
2026-06-17T17:25:34.912000,143,-106.13133237441843,77.35629133350471,113.87284573836996,-0.21833813536414437,0.3835489785643204,-1.2076582004414804,-27.217084969129434,-55.34141943989647,123.07979269732817,-14.197912765469356,-53.329670943838835,80.25016060223909
2026-06-17T17:25:34.929000,144,-106.04945822935042,74.50325258545953,114.66985255619164,0.2572990895322628,2.796699360385392,-0.36438023385513024,-26.62912058543708,-55.53336745128323,123.35731956319849,-14.083652854156023,-53.715001947650556,81.33039220536136
2026-06-17T17:25:34.933000,145,-104.8022125416153,77.77635336859656,113.88755842862939,-0.06505496519748516,0.019247812567395547,-0.9983827441281861,-27.49055200242652,-55.72127369829081,120.47301942834194,-16.695157251000772,-52.56222235522909,81.61420591369951
2026-06-17T17:25:34.943000,146,-104.86324237918672,75.52944361040183,112.861308187392,0.3417621560577925,0.36985231822130954,-0.5140311950533224,-28.621533094483908,-55.32727651880792,124.8671704941578,-14.461478909580482,-52.57827910667417,78.7664282521774
2026-06-17T17:25:34.953000,147,-105.48590862756336,75.97769705795348,114.24338700889324,-0.6175550246183305,1.312104316802561,-1.4190444015305153,-27.52016235664878,-55.74551994558114,124.75299155938251,-14.737482566052265,-52.64249921670555,82.18049928200989
2026-06-17T17:25:34.963000,148,-105.99403078623989,76.21169213828668,113.19749651594586,-0.4087534519615566,0.7533264558257323,-1.1425420886971493,-27.87179620811996,-54.97975203646229,125.69561389301774,-13.630507090774216,-53.271874223960374,80.64508286250238
2026-06-17T17:25:34.983000,149,-105.9847360413545,76.38930136659704,113.04183917538938,-0.5092956189791047,2.5857878494302335,-1.3908508969111117,-28.504948714569984,-55.7273352601134,121.17399780168144,-14.886967617938813,-53.31040422125453,81.19392706637575
2026-06-17T17:25:34.983000,150,-105.30826851767648,75.1657644002296,113.26747665814929,-0.38495596840545554,2.2297040914209347,-0.7908238783655621,-27.341225202020205,-55.04440724957486,125.40056084625974,-14.679137582476745,-53.2044406949153,80.54696848482884
2026-06-17T17:25:34.993000,151,-105.76802482905066,75.28417257050535,114.95410917580615,0.6244864807405316,1.3367565407654438,-0.7465033250220371,-29.089339183972243,-56.30721888916048,123.3685225745637,-14.925744070254853,-53.9301458672172,81.52372861838393
2026-06-17T17:25:35.003000,152,-105.20098779908409,76.22014986473495,113.01325731938778,-1.3565927048868864,1.131324282165673,-0.8414062216409828,-27.289920414332045,-55.61216775497679,125.66180243097438,-13.149070183224579,-52.32781516095262,80.61020282109098
2026-06-17T17:25:35.013000,153,-105.00679643272719,75.30390625651688,113.24536097906848,0.9228251588403742,0.9039779552352604,-0.7436156626807946,-28.545284430712943,-55.412138384324045,122.8307996004877,-14.614081528987256,-52.706722774611414,80.72867448999865
2026-06-17T17:25:35.029000,154,-106.21367798343057,75.69013738581566,114.63633408264513,0.18357314477197886,0.7724994274332252,-0.44537616034508803,-26.241606092333015,-55.37980860827533,123.76656749773407,-14.071773383629862,-52.552588993936936,80.32585988836382
2026-06-17T17:25:35.034000,155,-105.59603403694288,75.83391873543619,113.13520492304649,-1.4159982821528287,2.0434448044286566,-0.4023835422805578,-28.21436314939826,-55.579837978928076,122.54729760724042,-15.056959712539298,-53.470961392081925,81.42681169041364
2026-06-17T17:25:35.044000,156,-105.2930635211483,75.16012793399959,113.90060976556062,-1.1152815778665297,0.7588057081811173,-1.0743497521803966,-28.333119670312794,-55.79199047322597,123.0005738144301,-13.624644822632542,-53.15627388845452,81.10132807205503
2026-06-17T17:25:35.054000,157,-105.27126477182509,75.19395883979266,112.92525180579705,-0.8684532996620037,2.5364834015044706,-0.17696793068081557,-28.9029239401221,-55.45456714758969,123.22704588014075,-14.610185978366534,-53.731058699095634,81.03612713236251
2026-06-17T17:25:35.064000,158,-105.35053479182793,76.79245097589559,113.41820639730038,0.5478465765241083,1.1833668857236748,0.3032578988667026,-28.378001549404548,-55.4828551592592,125.00580173185688,-13.801944631473377,-52.896176581440805,80.28958832756267
2026-06-17T17:25:35.077000,159,-106.33121930325086,75.14885197443631,114.45335103649987,-0.03640054281525318,2.903522723133639,-1.2238949890981474,-27.175740068942055,-55.284845586049855,124.72562234656368,-15.24373268804913,-53.35857102771529,79.78228589750407
2026-06-17T17:25:35.084000,160,-105.18243149190027,77.51416687580354,114.29421730302529,-0.48897302469090476,0.1425059912908969,-0.6695810979232509,-28.159427511544017,-55.462650676348076,121.81772837161103,-14.907829487477306,-52.82231966224279,81.24723116430545
2026-06-17T17:25:35.094000,161,-106.11247228328415,76.06509255555115,115.21270279587236,-1.948203825694796,1.0902372422275333,-1.4927616011756684,-27.733227953422183,-55.78188931651662,124.43963455350135,-15.575261768304163,-53.303984278976074,81.32759873908275
2026-06-17T17:25:35.104000,162,-105.73316993203227,74.31154613736764,113.5934691262164,0.7848183605292596,1.3723643283481937,-0.6777246733245512,-29.559128040840736,-55.5757983840413,123.9504659740079,-13.093045586320565,-52.81268630095064,81.10553308012582
2026-06-17T17:25:35.115000,163,-105.68732646986336,75.58300820220643,114.22634372156352,-0.8368301673718324,1.1094102138350312,-0.8861919126750754,-26.908412730891882,-55.30707203589679,125.52466782525464,-15.613354634299547,-51.91358407326443,79.61206787635113
2026-06-17T17:25:35.128000,164,-106.02692173561522,75.57737173597641,114.15158107998344,-0.4593829444244132,2.2050518674580517,-0.22213866744762395,-28.0288282204948,-55.53538724872662,122.76102945200225,-15.143468304914629,-54.090699590170125,82.38030403232247
2026-06-17T17:25:35.135000,165,-106.16689090697582,75.5379013368501,114.58641812035621,-0.8299101427457134,2.7473949124596286,-1.055231663481973,-27.40757122061899,-55.28686755298566,124.38968448168754,-15.444583901632349,-52.78699963608788,79.67528496719605
2026-06-17T17:25:35.145000,166,-105.75134794328659,76.19195845227514,114.06322921977582,-0.505959704657861,2.0790525920114065,-0.349509342300349,-27.975782926904955,-55.19594412564695,124.20955247406067,-14.584571790574062,-53.05352033325452,81.08300128294175
2026-06-17T17:25:35.155000,167,-105.09522544074528,75.58300820220643,113.13405769457678,0.11215793279517175,1.8626647697917638,-0.40884817124582273,-27.882115441628493,-55.234333294025824,124.46000403253608,-14.195994080712998,-52.36313518710753,80.09754297064052
2026-06-17T17:25:35.165000,168,-105.5631377409634,76.11302068112573,114.25290545870908,-0.5654169325662282,2.199572615102667,-0.20978741529645054,-27.980855533456683,-55.60812599059759,124.80435165496387,-14.695085447733337,-53.104897110854516,80.97225850609611
2026-06-17T17:25:35.182000,169,-105.98784481295075,76.13275436713728,114.90464759291169,0.043003740384252864,0.6108923644038302,-0.5540934028072433,-26.96020379613574,-55.579837978928076,124.11090429281757,-14.617844931272352,-52.56543577424279,80.70288881334034
2026-06-17T17:25:35.185000,170,-105.90736245121343,75.54917729641338,113.97778042995705,-0.4502336095090958,2.1310951955694084,-0.17675912889345172,-27.6325130452482,-55.670761406266784,124.411183064987,-14.73012797672132,-53.03746358180943,80.0827274841805
2026-06-17T17:25:35.195000,171,-105.56225967112144,76.06227432243614,114.98596981901943,-0.16873678827073912,0.9231509268427533,-0.9169474051219515,-28.24141587913583,-55.80613556380694,123.26766221539864,-14.62434910881703,-52.989296775348656,80.71584663244272
2026-06-17T17:25:35.206000,172,-105.79045326756611,75.77189641718331,114.16963102180132,-0.08707537829715123,1.7640558739402423,-0.6027935720822315,-27.735714736961565,-56.16780296724112,124.86891339165535,-14.58222051926904,-52.94755335904082,80.19925357513154
2026-06-17T17:25:35.216000,173,-105.73757429855578,76.118660174459,113.89528539989686,-0.1294078338098538,1.4353624955260624,-0.4068570453893564,-28.13586382658032,-55.181801204558404,123.51579036313834,-14.552698787232796,-53.599401612144696,81.17613340075663
2026-06-17T17:25:35.232000,174,-105.72606629909157,76.10738118779248,113.70859430103243,-0.6599130077311056,2.465267826338973,-0.3052933431974049,-27.14062115013117,-55.113104227066636,124.63249299819427,-14.583752467758815,-52.79984296851926,81.19687462515789
2026-06-17T17:25:35.236000,175,-105.85549065402839,76.52462498976931,114.39977306692761,-0.5013101070303894,2.4241807864008384,-0.6845192815673478,-28.67974552820932,-55.331318283187116,123.91596357724907,-14.408081493407938,-53.20765066605451,80.52587702447317
2026-06-17T17:25:35.246000,176,-105.55995271037207,76.76143830321753,113.71551911366669,-0.3921584311589757,1.3778435807035787,-0.10880218925208497,-27.45697300168155,-55.733396821935976,125.0119097333614,-14.817182750173343,-52.462678771168314,80.54197488480071
2026-06-17T17:25:35.256000,177,-105.64806661934635,75.85647368166597,113.96618563881614,-0.6784721653052217,2.5364834015044706,-0.9747502740630913,-28.9632844247747,-55.31919515954195,124.66024408526395,-14.644339053473146,-53.12416383343883,81.49572098888065
2026-06-17T17:25:35.266000,178,-105.75857650555665,76.22014986473495,114.6446952827996,-0.6002453388147054,1.4819287878195821,-0.33949112523797603,-28.305694841224156,-55.80815536125033,125.23293441936956,-14.285284100456916,-53.03746358180943,81.09964552267456
2026-06-17T17:25:35.282000,179,-105.6948844314073,75.2136925258042,113.83967260638816,-0.2353534247983786,2.2899641029665623,-0.14364927379893733,-27.56509812390604,-55.878872136185485,125.26182921646604,-14.781445080844835,-52.838376413687875,79.69744629657376
2026-06-17T17:25:35.287000,180,-105.69567621410062,75.63939405422929,114.73510754242635,-0.038482830649762184,1.4107102715631796,-0.5404051134523633,-27.209383773646188,-55.517202563258884,123.48333045761244,-14.88052725927831,-52.838376413687875,81.8232678939025
2026-06-17T17:25:35.297000,181,-105.66544505432245,76.01998569019482,113.84359223657019,0.05710540388019005,1.6873610464193578,-0.31346860652699315,-27.978112766320518,-55.67884276553275,124.00248533077615,-15.039515981599408,-52.44020207744477,80.32505405098925
2026-06-17T17:25:35.307000,182,-105.81593005351675,75.72678955182697,114.56491747698965,-0.6975477742478752,2.881611595893902,-0.14506396346140726,-27.939068661747754,-55.92938442820952,123.7098198503154,-14.577056935961917,-53.715001947650556,80.51200900560183
2026-06-17T17:25:35.317000,183,-105.67527412072671,75.98615478440173,114.1709897118472,0.4896693672783471,0.6958045999123407,-0.7110500744692773,-27.406047683992835,-55.660658080065005,124.55065190878675,-14.620080558432123,-52.9796634140565,79.67948619521036
2026-06-17T17:25:35.329000,184,-106.05733337626518,76.2652567300913,114.28761732204784,-0.41222249307068276,1.5641028676958566,-0.42524505096649223,-29.082973517704396,-55.49901787779115,123.97233288298368,-14.600858315667717,-52.95397674919374,80.96468748659403
2026-06-17T17:25:35.337000,185,-105.87418099240915,75.33773716230995,114.91462057796352,-0.2344419525316531,1.6407976952167411,-0.6878062662435006,-27.63278513635146,-55.695007653557106,124.28497432954741,-14.337526741268285,-53.02783022051728,79.68639288850332
2026-06-17T17:25:35.347000,186,-105.83796866859723,75.91003827347059,114.06553269285477,0.06079348250554338,1.2929313451950681,-0.5774952621434251,-27.418036276004983,-55.531347653839845,124.12295357905096,-14.689544691297648,-53.050306914240814,79.94119674841546
2026-06-17T17:25:35.357000,187,-105.86802027378961,76.22014986473495,114.31023358180047,-0.5156594175098319,2.185878895850559,-0.6344772889421824,-28.03842474550261,-55.56367526039614,124.36932070433912,-14.137686204752539,-52.976453442917276,80.35142827704892
2026-06-17T17:25:35.367000,188,-105.72186476848606,75.98897604461999,114.18024964959888,-0.06648316869935533,2.207790023090293,-1.0900030536864318,-27.858442563720356,-55.517202563258884,124.1915995136215,-14.79392857635291,-52.18652471270951,81.16131413424011
2026-06-17T17:25:35.380000,189,-105.47606744667856,75.61965734111452,113.85266106681212,-0.10952250362950808,1.3614087647283217,-0.5921308386600399,-28.457741195499096,-55.361626092300014,124.33508326070593,-15.084953288582334,-52.844799803840814,81.01857269286069
2026-06-17T17:25:35.387000,190,-105.37257549323542,75.70987409893043,113.28522730383831,0.01664949891033335,1.9777055405276391,-0.7326743958828376,-27.763387781563768,-55.3636458897434,123.175404315778,-14.560747244093173,-53.13700716587021,79.99789086968494
2026-06-17T17:25:35.398000,191,-105.42556519076754,75.76343869073504,113.82643000610568,-0.41356814757803917,1.7394036499773595,-0.6137542901598714,-28.439175921978666,-55.18988256382437,123.66388468178626,-15.043940184297941,-52.95076333018004,80.14591108726229
2026-06-17T17:25:35.408000,192,-105.5997685374895,76.0453588695396,114.27406528855812,0.02759397981640671,1.649015103204367,-1.0316744992282543,-27.73554168533132,-55.648534956419844,124.73136363169012,-14.432126873098092,-52.69387599430556,81.0377769876016
2026-06-17T17:25:35.427000,193,-105.6628423156196,75.48715497816049,114.09765660795279,-0.08015535367103224,2.2050518674580517,-0.771833322889129,-28.040140224088567,-55.38587017009792,123.84710601777013,-14.547762055778971,-53.114530472146676,80.60440716374478
2026-06-17T17:25:35.428000,194,-105.820730898362,75.33773716230995,113.91215297816638,-0.36951953579513097,1.5997106552786062,-1.057183569070797,-28.465233189790073,-55.57175661966211,124.79159546763785,-14.068520079614997,-52.921863246303566,79.53624719186432
2026-06-17T17:25:35.438000,195,-105.5566469231053,75.46460305903395,113.21435291212997,-0.5152713892128067,1.4600147194889452,-0.20111023350774057,-28.114474668005435,-55.62833047350872,124.37044491825405,-15.295522693627486,-52.50121221633693,81.7042698679919
2026-06-17T17:25:35.448000,196,-105.43289598800988,75.84237646188446,113.57553186111,-0.042349641006476785,1.1669320697484178,-0.7780951128210222,-27.86042514814937,-56.030409012257586,123.70943933667967,-14.639286297006155,-52.89938655258003,80.5831021954724
2026-06-17T17:25:35.458000,197,-105.37992828487018,75.18550111334439,113.16098187608667,0.6891968128156414,1.9749673848953981,-0.33459571379068004,-28.225478225772076,-55.88695349545145,124.16088467754481,-14.368209471647326,-52.989296775348656,81.4958463767488
2026-06-17T17:25:35.481000,198,-105.59168672131366,76.05099836287286,113.15002227893004,-0.44063786497758506,1.813360321866003,-0.8381458320528392,-27.793661216569877,-55.04238745213147,123.87764547884638,-14.70796339736638,-52.73562285848787,79.7135776446644
2026-06-17T17:25:35.481000,199,-105.48592307603509,75.78317237674659,113.27081816602669,0.13019257355056701,1.6435358508489821,-0.7229176075639291,-27.775663032070717,-55.68692412479872,124.85172714679913,-14.40792020331815,-53.53518150211331,80.48639387324243
2026-06-17T17:25:35.489000,200,-105.79752184400492,75.49279447149375,113.8645249346653,-0.82499537160056,1.662708822456475,-0.8115393448085186,-28.769382171893703,-55.15351319288889,123.89599193884241,-14.915190432655177,-52.95397674919374,81.46746337726276
2026-06-17T17:25:35.499000,201,-105.59041370775392,76.25679900364302,113.4353688994931,-0.23095846675557516,1.5695791789603386,-0.709611617748886,-27.523039161093863,-55.50710140654953,124.29350614725718,-14.395407228853083,-52.37919193855262,80.2676442861582
2026-06-17T17:25:35.509000,202,-105.66736406555177,75.52944361040183,113.99684255936243,-0.32721683419211217,1.8352714491057371,-0.6830566692580202,-27.59193763596606,-55.46871223817066,124.44574905465387,-14.77668955529979,-53.464538001929,80.10890556678925
2026-06-17T17:25:35.534000,203,-105.84178280140567,75.78881187007984,114.24538116465166,0.4388514021335473,1.6873610464193578,-0.8139832898697222,-27.821277018843467,-55.969795563524194,123.84679559669043,-14.417367098321208,-53.15306391731529,80.58744505370076
2026-06-17T17:25:35.534000,204,-105.80444116273077,75.70141637248217,113.77207220211609,-0.5033665337470016,1.3449739487530699,-0.7449673650177108,-27.959501372717792,-55.29899067663082,124.66141296917134,-14.682985100332903,-53.04067355294866,80.54092604125235
2026-06-17T17:25:35.539000,205,-105.6897098378495,75.90721701325234,113.8049708801278,-0.48007637399328673,1.706534018026851,-0.6812830475681431,-28.327540264778854,-55.49093651852517,124.05708791237292,-14.70637982795311,-52.709932745750635,80.89490558467581
2026-06-17T17:25:35.549000,206,-105.84337171339644,75.57737173597641,113.96446593702784,-0.1709583129763623,1.6435358508489821,-0.7836176293020352,-27.62686461281715,-55.333338080630504,124.90012566249304,-13.992104084142259,-53.51270480838978,80.71927093716732
2026-06-17T17:25:35.559000,207,-105.72749592521578,76.03126467686133,113.94340965186404,-0.12064538274913708,1.328539132777818,-0.6209708177556312,-28.564696652441157,-55.86877097947613,124.85480564781183,-14.971368938993468,-52.921863246303566,81.32289318261056
2026-06-17T17:25:35.582000,208,-106.02362538952694,75.47587901859723,114.74963589510094,-0.14657210106578422,1.7311862419897337,-0.41462820023756114,-28.232783263363412,-55.31919515954195,124.81238089887974,-14.860296082325785,-52.603965771536934,80.98417126170662
2026-06-17T17:25:35.582000,209,-105.7295377794475,75.70141637248217,114.42684552182338,-0.2915117468208241,1.4463210002368372,-0.8751948023598993,-27.857567234033798,-55.38991193447711,123.67012772937004,-14.726667780337163,-52.88654322014865,81.12130940913423
2026-06-17T17:25:35.590000,210,-105.8442319614999,75.93259019259713,113.83756024081892,-0.48603991685146225,1.9557944132879053,-0.9309748575162896,-27.964168819632132,-55.24241682278421,124.08101463957388,-14.053723445225593,-53.284717556391755,80.64231042169745
2026-06-17T17:25:35.600000,211,-105.89007820996045,75.63093632778103,114.97339406475977,-0.37379244998317285,2.1886170514828,-0.6365535995967612,-28.003270828855733,-55.798052035048556,125.27378459687796,-14.586962689179579,-52.98608680420943,80.41035303339623
2026-06-17T17:25:35.610000,212,-105.85588351141917,75.52944361040183,114.48108511600213,-0.26464272947874723,1.468232127476571,-0.2347074237653866,-27.968168017551317,-55.68692412479872,124.68185902703526,-15.075635774226967,-52.992506746487884,80.63585534031857
2026-06-17T17:25:35.629000,213,-105.77292428793723,76.16940350604536,114.50487329054171,-0.3098863245047845,1.8927933050191288,-0.6951896291661084,-28.200094854538136,-55.426281305412594,124.24843160013248,-13.920589118184752,-52.60717919055064,80.58660971806917
2026-06-17T17:25:35.630000,214,-106.00758005296072,76.0171674570798,115.26992172529242,-0.4129821675729447,1.323059880422428,-0.5964838595034858,-28.388818845037253,-55.30707203589679,124.84790061781091,-14.635473456280035,-52.992506746487884,80.91029316874169
2026-06-17T17:25:35.640000,215,-105.69437722456371,75.33210069607992,114.52739629852897,-0.4895136616769575,1.7832288455477354,-0.38754952434602685,-27.817664090232064,-55.903118383475814,124.91994573916469,-14.921676056392306,-53.059940275532966,80.53671314457041
2026-06-17T17:25:35.650000,216,-105.6732058517844,75.55199855663162,114.23039274364173,-0.5042424039452497,1.5750584313157234,-0.4231283500044101,-27.99090152413593,-55.670761406266784,123.69495701619492,-14.585880475369512,-53.06315369454667,81.08756520919984
2026-06-17T17:25:35.660000,217,-105.91751778351318,76.3131848556659,114.00653683412521,-0.05576914176045418,1.4353624955260624,-0.40284389382465496,-28.33853339486488,-55.55963349601695,124.03673576033047,-14.694085943817907,-53.2558174725153,81.66920901280514
2026-06-17T17:25:35.681000,218,-105.78324497401528,75.97487882483846,114.7507099541435,-0.3110915976986397,1.1751494777360487,-0.1596650240196355,-27.839911319261034,-55.30303027151759,125.08556567604684,-14.591346239769027,-52.639289245566324,80.22134335530477
2026-06-17T17:25:35.681000,219,-106.02975804584233,75.64221228734431,114.49455933613086,-0.6848351529113665,1.6325802872291102,-0.21837949412426286,-27.94245465056333,-55.31717319260614,123.99551020821919,-14.342195968759759,-52.88654322014865,81.1327340786328
2026-06-17T17:25:35.691000,220,-106.06592448561156,75.79444833630986,115.09034233020786,-0.4118872598584875,2.03248924080879,-0.46505249240256885,-28.453167802797566,-55.49497828290437,124.81798633996527,-14.985248779362,-52.6681893294428,80.93351879039189
2026-06-17T17:25:35.701000,221,-105.9070857819382,75.44204811280416,114.89614133068334,-0.3307398148284553,1.4326243398938214,-0.6128078729118652,-28.050133478328288,-55.57175661966211,124.23409515307131,-14.45008948864019,-53.22049399848591,81.0128642428927
2026-06-17T17:25:35.711000,222,-105.76459177846337,76.23424708451648,114.79224904610031,-0.3405635269021573,1.6846228907871168,-0.9263143615616686,-28.177924420489514,-55.31919515954195,124.48411912065866,-14.765005671125532,-53.233340778791764,81.03126270025906
2026-06-17T17:25:35.734000,223,-105.70468067587838,76.13557260025229,113.97709338570938,-0.31940730562537556,1.503839915059321,-0.4784409208228456,-28.05863647071185,-55.95161087805646,123.95073309625306,-14.428777503554075,-52.921863246303566,80.85098468867687
2026-06-17T17:25:35.735000,224,-105.7224428877206,75.84237646188446,114.2388889846784,-0.3992657840246322,1.7503592135972266,-0.7892253305811686,-28.30935292114298,-55.670761406266784,125.39241604183374,-15.138351729563468,-52.85121974611926,80.82538659228513
2026-06-17T17:25:35.741000,225,-105.9928100639454,76.38930136659704,114.46896362525027,-0.026817025659286772,1.662708822456475,-0.445849218906025,-28.18202879486786,-55.27070266496131,124.65493528137537,-15.139497762257664,-53.22691738863883,80.79047306311064
2026-06-17T17:25:35.751000,226,-105.63724875457828,75.80572732297637,114.10499544348652,-0.5713460177983314,2.300919666586429,-0.8556709471898514,-28.382598817695758,-55.596002866952425,123.85783838809583,-15.106721364195081,-53.271874223960374,80.97774588803438
2026-06-17T17:25:35.762000,227,-105.9202870146924,75.83110050232118,114.33595868457725,-0.22877529246783135,1.8352714491057371,-0.6206242042140441,-27.953716517589513,-55.32727651880792,124.01521825411534,-14.575156805013107,-53.03104019165651,81.30309942579795
2026-06-17T17:25:35.784000,228,-105.75081570809469,76.06227432243614,114.25789477572802,-0.08887716542909532,1.5887521505678315,-0.43228925084964465,-27.63627514990016,-55.632372237887914,124.14064294697965,-14.910343791751426,-53.49022466679177,80.60419855800446
2026-06-17T17:25:35.784000,229,-105.64928466833874,76.46542090463144,113.73061107936184,-0.11241336825930281,1.857185517436379,-0.37917973583126924,-27.869411818216665,-55.55559390113017,124.83630762608077,-14.886828088947677,-52.29570165806245,81.78687094523316
2026-06-17T17:25:35.792000,230,-105.84604441686135,76.27371445653957,114.45676486459377,-0.2619658651309683,1.857185517436379,-0.5531806316038925,-28.695436780107713,-55.646515158976456,125.04664677033242,-15.07335108949405,-52.989296775348656,80.39440548551572
2026-06-17T17:25:35.810000,231,-105.61755065739716,75.7437050047235,114.29610791409846,-0.3031678108607167,1.7613177183080013,-0.44813071524136017,-27.895861309370925,-55.48487495670259,124.90899171454792,-14.551298987078649,-53.29435091768392,79.89684538502476
2026-06-17T17:25:35.812000,232,-105.677548846518,76.07355028199942,113.84916548072128,-0.4692488997077815,1.7037958623946097,-0.4872024993331644,-28.378721566064353,-55.67884276553275,124.89093322298127,-14.337787889383709,-52.88654322014865,80.68931752025782
2026-06-17T17:25:35.830000,233,-105.5062276940658,76.00589149751653,113.99781334544797,-0.13831227009106578,1.848968109448753,-0.7429041609254557,-27.988654616686908,-55.775827754694035,124.13706188554794,-14.57742570362641,-52.75809955221142,80.60084043518434
2026-06-17T17:25:35.832000,234,-105.8829954327141,76.22014986473495,114.84876599441888,-0.11430744533630607,2.029748144085641,-0.6334064666284158,-27.570935715473848,-55.60004463133162,124.41164015745193,-15.007414764393369,-52.921863246303566,81.30267353208441
2026-06-17T17:25:35.842000,235,-106.05380554497962,75.5379013368501,114.65503520030809,-0.16692915298003802,1.9037518097298984,-0.7397062772801622,-27.83890905802655,-55.44244402394453,123.09641791451531,-14.545443718724606,-52.88975319128788,81.60807145096933
2026-06-17T17:25:35.853000,236,-105.77826248825723,75.8113637892064,114.39025434538351,-0.16420534170622214,1.7092751147499947,-0.9327504373225413,-28.124147325671384,-55.29494891225163,123.81727995743455,-14.497397784817796,-53.059940275532966,80.59414234763167
2026-06-17T17:25:35.863000,237,-105.93155573537445,76.23424708451648,114.59509428681723,-0.2351969233175453,1.670926230444101,-0.6851733702201022,-28.011873432052308,-55.66268004700082,124.56039590923841,-14.740294878054371,-52.9796634140565,80.98399614372941
2026-06-17T17:25:35.880000,238,-105.64607193609704,75.5632745161949,113.73605914798091,-0.41293407620452144,1.6846228907871168,-0.29718106719337267,-27.867197125780542,-55.697027451000494,124.28082005248717,-14.868060911901317,-53.3071942501153,81.30310320585446
2026-06-17T17:25:35.883000,239,-105.69670482859534,76.15248805314882,113.78939431562159,-0.22080730705325408,2.163964827519917,-0.7836616357161431,-27.85425640910148,-55.85664785583097,123.78573914056317,-14.54727405581024,-52.79984296851926,80.48596419947238
2026-06-17T17:25:35.893000,240,-105.82525890727513,75.83955822876945,114.91055600159427,-0.2921407809601484,1.5449269549974558,-0.8440197482219156,-28.308499835949092,-55.34141943989647,124.20587830476914,-14.665138509803942,-52.6328658554134,80.90673134235769
2026-06-17T17:25:35.903000,241,-105.79779921324482,76.00025200418327,114.34846676255425,-0.3961183423853503,2.4570504183513475,-0.7712204126203815,-27.71323539992553,-55.32525672136453,123.66564570423778,-14.866107550014917,-52.7709428846428,80.82933704456308
2026-06-17T17:25:35.913000,242,-105.68642907893106,75.77189641718331,113.79686281477974,-0.5615637559518833,1.7476210579649856,-0.6675919301831645,-28.554514810404733,-55.33939964245308,124.66279483860224,-14.514709748289908,-53.21407405620745,80.4113091832178
2026-06-17T17:25:35.932000,243,-105.79470068221424,76.18631895894188,113.9512805642666,-0.2957079601731271,1.8818377413992617,-0.8991992115953809,-28.624387654436415,-55.438404429057755,125.07275103484558,-14.456268318317354,-52.552588993936936,80.94685655315529
2026-06-17T17:25:35.933000,244,-105.48720120987767,75.65348824690757,113.71828265508097,-0.13475093903686264,1.50110175942708,-1.0354701466263718,-28.38768753175391,-55.503059642170335,123.95384134752572,-14.50176521208476,-52.7741563036565,81.02769219164215
2026-06-17T17:25:35.944000,245,-105.57829209381991,75.97769705795348,114.03595431944339,-0.14544662851704285,1.6928402987747428,-0.8532630876723891,-28.32086732662065,-55.220190372937275,123.22194870116058,-14.192059239994665,-53.22049399848591,80.3951232028417
2026-06-17T17:25:35.954000,246,-105.67078325464244,76.15248805314882,113.728973291412,-0.3092619940818302,1.9694881325400133,-0.9002363878644841,-28.22415497052898,-55.47073203561404,123.62807266672937,-14.74696908835577,-52.9796634140565,80.7251545051125
2026-06-17T17:25:35.964000,247,-105.70381054786301,75.77471465029832,114.0406748314783,0.08176593481677044,1.5558854597082257,-0.9790867534941752,-27.677451014942577,-55.82431807978226,124.75375827496548,-14.62165179701947,-53.08884035940943,80.68697965539936
2026-06-17T17:25:35.984000,248,-105.60273607127897,76.23706531763149,113.24184941111689,-0.5321093532825238,1.6407976952167411,-0.770311639486995,-27.772295933584672,-55.23029369913905,124.0672397694604,-15.052917633139817,-53.085630388270204,81.07222735524297
2026-06-17T17:25:35.984000,249,-105.68865619500652,75.7183318253787,114.25762597074397,-0.060047904107271746,1.670926230444101,-0.32995937342500065,-28.008533563319006,-55.697027451000494,122.9445793340198,-14.528092846022766,-52.47873552261339,80.21477443567677
2026-06-17T17:25:35.994000,250,-105.8557649893124,76.03126467686133,114.517309475872,-0.08246138273813847,2.1091840683296743,-0.7154855339179624,-28.016251528630946,-55.246456417670984,124.605009022827,-14.809971101462178,-53.02783022051728,80.98377885575617
2026-06-17T17:25:36.004000,251,-106.0176442254932,76.13557260025229,114.79206331584838,-0.6204697949990334,1.6928402987747428,-0.2882844231217114,-27.96255122879316,-55.62024911424275,124.33947731701122,-14.906432455011096,-53.06315369454667,79.96794235495184
2026-06-17T17:25:36.014000,252,-105.65718275727485,76.08764750178094,113.47502829073387,-0.039630533449030836,1.8708821777793947,-1.1450109774237933,-28.26767122589318,-55.38991193447711,123.86785601044062,-14.910952386035866,-53.49985802808392,80.75224736116853
2026-06-17T17:25:36.030000,253,-105.65605249478295,75.58864769553969,113.85080748503528,-0.9677824079021027,2.185878895850559,-0.6130522788602591,-27.968906924540683,-55.567714855282915,124.06819349872467,-14.935087856276125,-52.443412048584,80.9726087420505
2026-06-17T17:25:36.035000,254,-105.76231064544947,75.75498096428679,114.3812576795166,-0.2599047346979668,1.9201836846142526,-0.31886084359313455,-27.692943525572833,-55.68894609173452,123.84919478829366,-14.288462412435575,-52.83195302353494,79.99197460759837
2026-06-17T17:25:36.045000,255,-105.77795741736696,75.73242601805698,114.44914693115605,-0.6482925457596718,1.5750584313157234,-0.5100394528846762,-28.00705680909737,-55.660658080065005,124.33818421436894,-15.101483813660337,-53.21407405620745,80.95948037864916
2026-06-17T17:25:36.055000,256,-105.74128377075411,76.03408290997633,114.54108762921989,-0.18403673235936877,1.7914462535353612,-0.10042840266736325,-28.023776889660848,-56.12739400141887,124.06392230053916,-15.05759321647821,-52.53974566150555,80.64102896050032
2026-06-17T17:25:36.065000,257,-105.77718381706592,75.92131423303385,114.34985129981108,-0.5080149869320867,1.5449269549974558,-0.23608368123672555,-27.815625232249282,-55.55761369857356,124.50200712757467,-14.673346851077628,-52.79341957836633,79.76796706034031
2026-06-17T17:25:36.079000,258,-105.90176540335669,75.80572732297637,114.40460161174005,0.12893920898828906,1.662708822456475,-0.48669579472757196,-28.312261940601047,-55.55559390113017,123.93533818676178,-14.479686549915552,-53.162697278607446,80.36699966132491
2026-06-17T17:25:36.085000,259,-106.0923441858834,76.05099836287286,114.76611661441706,-0.741819316338799,1.6846228907871168,-0.3287795992551979,-28.110104339510016,-55.74147818120194,124.15956776163708,-14.622626391280466,-53.09205033054866,80.9238606817677
2026-06-17T17:25:36.095000,260,-105.61288535700992,75.5379013368501,113.94008818637002,-0.23746264659980343,1.9694881325400133,-0.6772718541198085,-27.67927943807087,-55.52326412508146,123.63525131862345,-14.48402066206398,-53.018196859225114,80.47939527984438
2026-06-17T17:25:36.105000,261,-105.5715671174625,75.4730607854822,113.80265738585716,-0.10327456727696196,1.5860139949355905,-0.6815500505345897,-28.149617462406002,-55.64045359715388,123.79851400212179,-14.899048005855219,-52.78057624593495,80.68154657724834
2026-06-17T17:25:36.115000,262,-105.87046069267005,76.00025200418327,114.20549436992876,-0.04205275821214158,1.7695351262956274,-0.5955853649023375,-28.313516168947004,-55.37172724900937,123.90057869714047,-14.676415361024716,-52.76130952335065,81.45193304086288
2026-06-17T17:25:36.134000,263,-105.85176768098721,75.92131423303385,114.72653940874292,-0.40869091592616263,2.0516622124162827,-0.14774761016175905,-27.693834962765813,-55.35556453047743,123.87187035107182,-14.804572304502651,-52.78699963608788,80.92604079311481
2026-06-17T17:25:36.136000,264,-105.97169654144759,75.84237646188446,114.85499490250746,-0.31282057678665137,2.128357039937167,-0.6076696140870643,-28.109089987254332,-55.646515158976456,125.06571095876541,-14.173811972359138,-53.098473720701584,80.35094775104993
2026-06-17T17:25:36.146000,265,-105.74599891542582,75.82827924210292,114.11452418622224,-0.24489274337770925,1.4161895239185696,-0.7962667842714396,-28.143501642748788,-55.551552136750985,124.94118152791532,-14.447097332740784,-53.03746358180943,81.22617617814767
2026-06-17T17:25:36.156000,266,-106.14947185648163,75.70987409893043,114.8221162668791,-0.4259877789120189,1.6407976952167411,-0.5318035441688296,-28.2696126755001,-55.65661848517823,124.54955880574691,-14.501983277606083,-53.40673783417608,80.45448253513548
2026-06-17T17:25:36.166000,267,-105.67202633198313,75.80854555609139,113.98645686814632,-0.1622228674759475,1.5257539833899627,-0.4276671870861545,-28.41633839066092,-55.63843379971049,125.0808084330981,-15.077303078343462,-53.104897110854516,81.04052840293282
2026-06-17T17:25:36.184000,268,-105.88889660383222,75.87620736767751,114.36305249859157,-0.4884265395460762,1.5449269549974558,-0.6038672224260935,-28.332793691044028,-55.61216775497679,124.62317281021292,-14.465107981047442,-53.018196859225114,80.89985323465139
2026-06-17T17:25:36.186000,269,-105.90128684579234,76.1468515869188,114.54949061849118,-0.772334169096562,2.0626177760361495,-0.7536829789975441,-28.627701833531795,-55.71319233902484,124.7908706902743,-14.945317551684795,-52.581489077813394,80.9499133765083
2026-06-17T17:25:36.196000,270,-105.85256213698258,75.81982151565465,114.586081794931,-0.3494601775997939,1.2847139372074372,-0.9146124119167818,-28.012489423978977,-55.16159672164728,124.87554914083432,-14.318182498511705,-52.7741563036565,80.9419834388189
2026-06-17T17:25:36.206000,271,-105.70425708288136,76.06227432243614,114.07221033135176,-0.37157481806933806,1.470973224199715,-0.9437579080071682,-27.937566217888232,-55.44446599088034,123.20572781087462,-14.816736807990168,-53.17554061103883,80.43340353706925
2026-06-17T17:25:36.216000,272,-105.78375426718586,75.92977195948212,114.42939195267546,-0.5886679309775014,1.670926230444101,-0.4957917501308781,-28.25664808323136,-55.73743858631517,124.7195381583246,-14.782966880991165,-53.22049399848591,81.00634505337374
2026-06-17T17:25:36.233000,273,-105.96774303083805,75.66194597335584,114.95112403573734,-0.3130298733522973,1.8626647697917638,-0.5393200145364075,-27.899258420432847,-55.65661848517823,124.86214909604512,-14.790163768391345,-52.83195302353494,81.187094908722
2026-06-17T17:25:36.237000,274,-105.78179240586974,75.70987409893043,114.389242157796,-0.42565173477522356,1.818839574221388,-0.5716138136349995,-27.938326400595333,-55.46871223817066,124.48975431200418,-14.30020550252647,-52.78378621707418,80.02319224028778
2026-06-17T17:25:36.247000,275,-105.90149410202851,75.7437050047235,114.65347062174021,-0.6574821864598366,1.9010107130067546,-0.5069727185679779,-27.801449177553792,-55.20200568746953,123.542888685837,-14.866807640525934,-53.05352033325452,80.68585216765712
2026-06-17T17:25:36.257000,276,-105.82190342396555,76.00870973063154,114.82557149647498,-0.24732470909138402,1.8955344017422726,-0.768461153414856,-27.847609731921228,-55.56569505783953,124.68202871372426,-14.69427073788566,-53.15306391731529,80.77485572878211
2026-06-17T17:25:36.267000,277,-105.75205575147953,75.65630950712583,114.1489729335178,-0.08573946474035818,0.643761996354339,-0.9359043145537268,-27.844954882011766,-55.74147818120194,123.9489368705383,-14.272331158787669,-52.79984296851926,80.46104277253058
2026-06-17T17:25:36.283000,278,-105.58228845451623,76.07355028199942,113.82672465830073,-0.7304070064906046,1.8626647697917638,-0.29130236487782557,-28.388818845037253,-55.763704631048874,124.84790061781091,-14.820841681465232,-52.62965588427417,79.8640238471488
2026-06-17T17:25:36.287000,279,-105.58739611726784,76.02844341664307,113.48146850455706,-0.5019825288217672,1.512057323046947,-0.7787753151790853,-28.161469814672074,-55.62024911424275,124.79842985580413,-14.701069715867218,-52.709932745750635,80.54562403761153
2026-06-17T17:25:36.297000,280,-105.78329561768696,75.8113637892064,114.33452798599791,-0.30581766964819446,1.492884351439454,-0.6997217219850073,-28.470345779437945,-55.31717319260614,124.22253816256602,-14.870727719933246,-52.883329801134956,81.01082576175969
2026-06-17T17:25:36.307000,281,-105.75726668847896,75.71551056516046,114.37366006019046,-0.3615832596572441,1.7531003103203704,-0.8240284905511379,-28.23236698147976,-55.438404429057755,123.96971636478568,-14.528849374762434,-53.297560888823135,81.02486511855176
2026-06-17T17:25:36.318000,282,-105.73097311282963,75.75216273117177,113.99217374174941,-0.4762565105626083,1.9366185005895045,-0.5690220959956134,-28.482057295086683,-55.66469984444421,124.08731181333656,-14.569766750720564,-53.23012735977806,80.93407875420655
2026-06-17T17:25:36.334000,283,-105.66533641212759,75.89594105368906,113.94314084688,0.02318928082303917,1.323059880422428,-0.9873321369431778,-27.396723250088268,-55.387892137033724,122.81615192101027,-14.453911072033325,-53.07920699811728,80.37439066067336
2026-06-17T17:25:36.338000,284,-105.76467410537015,76.25679900364302,114.19963781150955,-0.7691475661148379,1.662708822456475,-0.9579980784216193,-28.01232471177196,-55.65459651824243,124.40546720242419,-14.24901039839512,-52.883329801134956,80.4380841689626
2026-06-17T17:25:36.348000,285,-105.51885651484343,75.89875928680407,112.70950423335682,-0.3793373997100572,1.7503592135972266,-1.0229446086462188,-28.260845360096493,-55.7536013048471,124.79286555497633,-15.01791196376439,-52.568645745382014,80.40536321342461
2026-06-17T17:25:36.358000,286,-105.53539064953964,75.56045628307989,113.50995161564879,-0.09660025220952997,1.8051429138783772,-0.5599193963294619,-28.078755293434313,-55.57377641710549,123.62963425223195,-14.76041002999376,-52.98608680420943,81.4822002195289
2026-06-17T17:25:36.368000,287,-105.70405762023009,75.7437050047235,113.66514888786995,-0.12001749305220061,1.9119692177175294,-0.8260196164075965,-28.247082233121557,-55.68086473246856,124.8426805807109,-14.460091307386964,-53.0663636656859,80.30838787311238
2026-06-17T17:25:36.385000,288,-105.53878213697996,75.8113637892064,113.78491676135982,0.19481142660518125,1.5339713913775888,-0.7357438763924118,-28.026391573523036,-55.49901787779115,123.39811913371994,-14.494671770869235,-52.86085310741142,79.93284502556722
2026-06-17T17:25:36.388000,289,-105.85401038423248,75.73806551139023,114.58113968424158,-0.29029479525158647,1.3887991443234455,-0.8890958097348901,-27.939676885591215,-55.531347653839845,124.19123712493972,-14.420977996848535,-53.15627388845452,80.21090421483622
2026-06-17T17:25:36.398000,290,-105.33103788297124,75.69859511226392,112.98048803327228,-0.426453652487152,1.665446978088716,-0.6944099654077304,-28.07614559483228,-55.27070266496131,124.12917417398445,-14.757272750992064,-53.271874223960374,81.03348007942579
2026-06-17T17:25:36.408000,291,-105.86225336018975,75.65067001379256,113.78715836298373,-0.4372416319123914,2.018792580465774,-0.936933958483481,-28.382483670716304,-55.36970745156598,124.62039310497391,-14.516538342496196,-53.368204389007445,80.85546539706282
2026-06-17T17:25:36.434000,292,-105.74947690242688,75.82827924210292,114.52968947868804,-0.3872697830561557,1.999619608858281,-1.082225154575387,-28.265495547778375,-55.644495361533075,124.71126993312534,-14.11337332110004,-53.31040422125453,80.71414326703811
2026-06-17T17:25:36.434000,293,-105.71966362838779,75.85365242144773,114.21254435809504,-0.0793917863769638,1.9147073733497706,-0.42671998176163695,-27.483007934018204,-55.74147818120194,124.07565466604488,-15.182097203643309,-52.74204280076633,80.48180593507588
2026-06-17T17:25:36.439000,294,-105.49501056468432,76.14403032670056,113.32249550333414,-0.4662332428738246,1.676405482799491,-0.8454851885613389,-28.264071050625194,-55.4222395410334,124.60847886481977,-14.408425732285849,-53.178750582178054,79.98228221758933
2026-06-17T17:25:36.449000,295,-105.55623624397603,75.76343869073504,113.73919952715686,-0.037848759276225816,1.5312332357453478,-0.22383189048585928,-28.090153583157687,-55.5111410014363,124.78447961069017,-14.951251019366104,-52.69066602316633,80.82468990043287
2026-06-17T17:25:36.459000,296,-105.70672823736803,76.17504299937862,113.79104212476315,-0.3850741194684287,1.8352714491057371,-0.47161697129915847,-27.418311149931295,-55.68894609173452,123.9967440456497,-14.692838647421558,-52.941129968887886,80.74067615927947
2026-06-17T17:25:36.481000,297,-105.6103770596944,76.26243849697629,113.66486978996595,-0.5202831540194081,1.7366654943451185,-1.0434053087713258,-27.851830884376042,-55.35556453047743,124.09029584587431,-14.493647738167216,-53.050306914240814,79.99736929580983
2026-06-17T17:25:36.481000,298,-105.58653586916438,75.99743377106826,113.60837420076597,-0.006220923269684597,1.6271010348737251,-0.7591841679197271,-27.777077558703617,-55.35556453047743,125.28704470523813,-14.472229539208538,-52.96682008162512,80.74958784594236
2026-06-17T17:25:36.489000,299,-105.57569506237498,75.66194597335584,113.62053155992047,-0.2446737058615006,1.6188836268860993,-0.34299640215721944,-27.690873023917113,-55.246456417670984,124.26258048423374,-14.473798347310828,-52.706722774611414,80.19081373223473
2026-06-17T17:25:36.499000,300,-105.62554432641869,75.55199855663162,113.87764832008482,0.18037761176425493,2.03248924080879,-0.7626838706159936,-28.33288160827069,-55.41819994614662,124.6919472912147,-14.224105043780636,-53.666835141189786,80.03019083368581
2026-06-17T17:25:36.510000,301,-105.87121438490563,76.77835375611406,114.54454297470241,-0.3134496109259757,1.3833198919680607,-0.5764945599490805,-28.14792921357282,-55.49497828290437,123.48939949081088,-14.630229930766252,-52.655345997011416,81.20330947468477
2026-06-17T17:25:36.536000,302,-105.73352297329214,75.45332407236744,114.15428712214832,-0.04671209679019586,2.133836292292552,-0.7821954073002161,-27.604652381624167,-55.31515339516275,123.73691248470261,-14.81464668480057,-52.79663299738003,80.55258046101352
2026-06-17T17:25:36.536000,303,-105.88665390058694,75.64503052045931,114.5084522230929,-0.21320821949456908,1.6873610464193578,-0.6845700322443012,-28.22791985800399,-55.87079077691952,123.35753175076037,-14.409512178195566,-53.400314444023145,80.5600516917994
2026-06-17T17:25:36.540000,304,-105.72384957182348,75.73242601805698,114.34705188999416,-0.4799101315618707,1.503839915059321,-0.7011871623244308,-27.835661123005227,-55.70510881026646,123.94587055748504,-14.970440971820558,-53.018196859225114,80.78459705527843
2026-06-17T17:25:36.550000,305,-105.95475476157796,76.32164258211415,114.94579955418689,-0.20909925885313094,1.9914022008706551,-0.7375483979340732,-28.009023286019954,-55.45860891196888,124.35482025890038,-14.733750048400648,-52.671399300582024,80.96117161026255
2026-06-17T17:25:36.560000,306,-105.84524008095408,75.79726959652811,114.53389822796572,0.05807437494809745,1.9530533165647563,-0.21057939754065386,-28.331339181315013,-55.70915057464565,125.35171173774891,-14.465293799923783,-52.88975319128788,81.57176262234859
2026-06-17T17:25:36.586000,307,-105.93817986312192,75.97487882483846,114.62485839048054,-0.26292738413310524,1.9777055405276391,-0.4821973479533308,-28.214630917563536,-55.04440724957486,125.15011578743231,-14.398342565655945,-53.21728402734668,80.66701456066605
2026-06-17T17:25:36.586000,308,-105.74802562122113,76.31036359544763,114.1682261704329,-0.5212349320709815,1.8626647697917638,-0.4508020434558896,-27.90098166710202,-55.268682867517924,124.17367036644775,-14.50741538968415,-53.05352033325452,80.83337482326785
2026-06-17T17:25:36.590000,309,-106.07371393235277,75.7211500584937,114.93430815188972,-0.5182623293712733,1.7914462535353612,-0.7606392478897002,-27.820753929403583,-55.68894609173452,123.43415360102958,-14.944495461181601,-52.9282866364565,81.06378751234615
2026-06-17T17:25:36.600000,310,-105.97820994067322,75.52098588395357,114.61790192580779,-0.38948352217818427,1.2107572653187937,-0.6011463135744817,-28.24889176592034,-55.88493369800806,124.22297064380388,-14.123991114786756,-53.21728402734668,79.84643878726996
2026-06-17T17:25:36.611000,311,-105.63853468200574,75.7183318253787,114.24937849230801,-0.5038727131069827,1.7421447467005036,-0.8591275133857387,-28.202472628084216,-55.377788810831944,125.27399542382472,-14.846031688173142,-52.86406652642512,80.34100537892627
2026-06-17T17:25:36.636000,312,-105.97195876225109,76.00589149751653,114.90920284464774,-0.37101665454912724,1.7421447467005036,-0.35642043473852864,-27.704811985345373,-55.193924328203565,124.3503144205027,-14.488258708683258,-52.80947632981141,81.19461129593864
2026-06-17T17:25:36.636000,313,-105.63346873064283,75.78881187007984,114.1151281557378,-0.2718674224827954,2.029748144085641,-0.5959264860581651,-28.003949048371172,-55.85260609145178,123.76001538968573,-14.698880759460533,-52.83516644254865,81.26762215275232
2026-06-17T17:25:36.641000,314,-105.46900329055788,76.06791381576939,113.48827553495022,-0.25776690342926395,1.5750584313157234,-0.5291754342919044,-28.26831444757267,-55.40607682250147,123.35168004415667,-14.430019601777415,-53.00535352679374,80.2132507619276
2026-06-17T17:25:36.651000,315,-105.81424461381164,75.87338610745927,115.00870978172739,-0.05921427711867144,2.3228337349170713,-0.6033557316740332,-28.114738419685438,-55.83240160854065,124.5767683612594,-14.25736069914497,-53.05352033325452,80.27264358198451
2026-06-17T17:25:36.661000,316,-105.776514877375,76.02280695041306,113.78460191093993,-0.33938881854258673,1.9749673848953981,-0.891772712172394,-27.980004079359812,-55.62428870912953,123.61781960621072,-14.292854368489127,-52.83516644254865,81.05795068807525
2026-06-17T17:25:36.684000,317,-106.22738792238026,75.9410479190454,115.15713167559385,-0.5817095559335039,1.6380565984935922,-0.8871486902925316,-28.29072197488851,-55.83644120342742,123.98737702909914,-14.643425847611258,-52.88654322014865,80.33487103524475
2026-06-17T17:25:36.684000,318,-105.7790340022313,76.02844341664307,114.12314428605575,-0.38949130776176016,1.6079280632662323,-0.9488953787554655,-27.935468486479724,-55.45456714758969,124.45044270469454,-14.563683986572546,-53.54160489226624,80.3972660463692
2026-06-17T17:25:36.691000,319,-105.83503012339786,75.76343869073504,114.55491864472685,0.07241508891938303,1.7257099307252515,-0.6083676273167069,-27.821502989864385,-55.347481001719046,125.0507130785657,-14.5514034580719,-52.67782269073495,80.54901074601834
2026-06-17T17:25:36.702000,320,-105.84994519747222,76.20323441183842,114.41041200883676,-0.37962535247841056,1.9475770053002792,-0.6838315468699303,-27.96087908746645,-55.644495361533075,123.53156658422702,-14.518303117818277,-53.162697278607446,80.65732296427875
2026-06-17T17:25:36.712000,321,-105.86648632636616,75.66194597335584,114.54137674831556,-0.12001360026041294,2.03248924080879,-0.6521450838171035,-28.040017309025906,-55.34141943989647,124.77592477767664,-14.829291840240794,-52.82231966224279,80.6620247406944
2026-06-17T17:25:36.737000,322,-105.61678485068103,75.864928381011,113.89373084252067,-0.284339037976987,2.046182960060898,-0.9871530649677271,-27.88000477392551,-55.32727651880792,123.47449471847096,-15.063236013422081,-52.89938655258003,80.7579885052779
2026-06-17T17:25:36.738000,323,-105.49410746649406,75.92413246614888,113.56250172745585,-0.19395192345354761,2.0571414647716675,-0.8386687713770009,-27.740127831376185,-55.33939964245308,123.91593326433566,-14.622845862478265,-53.130583775717284,80.35065592743749
2026-06-17T17:25:36.742000,324,-105.87221609713717,76.18914021916014,114.50806536413955,-0.05490965365395806,1.5230158277577217,-1.4201782111698311,-28.14879342101306,-55.73743858631517,124.34340425146891,-15.11522693639071,-52.48515546489185,81.16305966964073
2026-06-17T17:25:36.752000,325,-105.83958469526328,75.48433674504548,114.64408129209235,0.4702524150402848,1.7969255058907512,-2.150355014598798,-28.296871252266826,-55.65661848517823,124.57614238006713,-14.657395441327019,-52.79663299738003,81.22022642829802
2026-06-17T17:25:36.762000,326,-105.77126541118442,75.83391873543619,114.039425219217,0.06770376618109902,1.7941873502585102,-1.2681549946151973,-28.181703784373976,-55.10704266524405,123.7147762949049,-14.568123975390652,-52.64249921670555,81.16183192805869
2026-06-17T17:25:36.787000,327,-105.56581615168625,75.50407043105703,114.07571725536947,0.17443603723218776,1.2819728404842932,-1.9301881722507779,-27.960864611057044,-55.41819994614662,124.03036849401178,-14.974191018471142,-52.94755335904082,81.38137010710028
2026-06-17T17:25:36.787000,328,-106.56569096647164,74.83027962962043,117.00977135662069,-0.12194965141352698,3.511605032036233,-4.953905772443162,-28.489236063452267,-56.17588649599952,125.83389572795618,-14.523765733661971,-52.9282866364565,81.35735967354921
2026-06-17T17:25:36.793000,329,-105.64374795299639,76.84601556770019,113.43816830930999,0.9920310734871034,0.11785376732801406,-2.086246349311656,-28.604981080290557,-55.4828551592592,125.4452454130195,-14.68002625955204,-52.78057624593495,81.07539220199831
2026-06-17T17:25:36.803000,330,-105.51663791366045,76.15248805314882,114.75025557474903,-1.3165051487727402,3.1883909059774407,-2.121127468434189,-27.246336283796644,-55.311111630783564,124.85444110055327,-14.545331867075886,-52.98608680420943,81.26718300312763
2026-06-17T17:25:36.813000,331,-106.88436833903383,75.95796337194193,116.99529481425466,1.5828760761917136,1.7257099307252515,-4.088805043025336,-29.01538717582903,-55.62226891168614,124.68543496280897,-14.403726644969451,-52.95076333018004,81.34731704758578
2026-06-17T17:25:36.836000,332,-106.15117566964818,76.28781167632108,115.54086950096377,0.2904885893463983,3.577344295937248,-2.392874221528076,-28.09829992137442,-55.428301102855976,124.39228287493152,-13.79464429788858,-52.436992106305546,81.02293578294103
2026-06-17T17:25:36.836000,333,-105.97876244458436,75.65067001379256,115.58578136522155,2.1011289340594024,3.6321250551274935,-2.167271698919736,-27.557118038011176,-56.08900483304,123.395081772965,-14.706850298922879,-53.03104019165651,81.63590316887368
2026-06-17T17:25:36.843000,334,-105.68565035834716,76.53590094933259,112.96475607381743,-0.6988631258454038,1.3915372999556865,-2.864692700283438,-28.02877097816618,-54.83629651965615,124.42368864572364,-14.563073986611604,-52.552588993936936,80.24921234102872
2026-06-17T17:25:36.853000,335,-105.62251590839182,76.9503265181944,113.86042394643704,-0.12765325552838347,3.1336072056962925,-2.6638436575109736,-28.288947439925728,-55.18584079944518,123.60949372509793,-14.855725350848486,-53.018196859225114,80.50127724789907
2026-06-17T17:25:36.863000,336,-105.72168312757327,75.87902560079253,113.16702954201563,0.33127939401064466,1.818839574221388,-2.1873524461523908,-28.240344284551544,-55.56367526039614,125.83646460624843,-13.462139217696084,-53.679678473621166,79.24073701281759
2026-06-17T17:25:36.885000,337,-105.69938835960103,75.81700328253964,114.34501722189927,0.1853629916041033,1.2929313451950681,-3.0985573224420597,-27.946125483825526,-55.49093651852517,123.82246454258825,-16.180627002985144,-53.92372247706426,82.9426189469404
2026-06-17T17:25:36.885000,338,-105.52487785566184,76.39775909304531,113.58986883454662,-0.6296049651140252,-0.16975257114802625,-1.7730928189207953,-28.220434663021344,-55.4828551592592,125.29751348305334,-14.743236570704157,-52.247538299476155,79.50582683336516
2026-06-17T17:25:36.894000,339,-105.23076789053619,76.14403032670056,111.73812777523037,-2.357798697751107,-0.6299215362733336,-2.431117231592655,-27.86201272641251,-55.83037964160484,124.28230665508389,-15.391388427658594,-53.67325853134271,81.48408360508711
2026-06-17T17:25:36.904000,340,-105.53470180178326,75.83391873543619,113.18445520020634,-3.688128647707129,-0.16427331879264132,-3.2401371750057617,-27.3973442272751,-55.80815536125033,122.96504190753949,-13.74496791947778,-52.404878603415376,78.04793845325511
2026-06-17T17:25:36.914000,341,-105.56224943055577,75.01634658437906,113.52034759978481,-3.6553199932577853,0.4465471457421941,-1.432149110883067,-26.54691621734463,-55.583879743307264,120.37094174740214,-13.700411190843917,-53.551238253558395,81.32664657876725
2026-06-17T17:25:36.933000,342,-104.94356662900769,74.71469271956295,111.49930944775635,-5.6829305960996095,0.6054160531393481,-1.3551206781211285,-28.126054746217143,-54.98379163134906,122.9338180113958,-14.286754793412914,-52.652132577997705,78.0111664631012
2026-06-17T17:25:36.934000,343,-105.15792498261028,75.60556314843623,112.63657950337584,-7.208188160834239,-0.23822999068128486,-1.2138580868036501,-27.744968329920802,-55.56367526039614,123.47308469470343,-15.150429597794522,-53.949412589801504,83.75681816410291
2026-06-17T17:25:36.944000,344,-105.13499900475105,77.27171406902204,112.40340615685821,-6.65768031659425,-1.4899994549783155,-1.8198996613025877,-28.258886651257157,-55.113104227066636,124.60996546741649,-13.290550330913039,-53.191593914609435,75.80167002040406
2026-06-17T17:25:36.954000,345,-105.29082045724923,75.27289661094207,112.64371152126728,-5.286604022475075,0.3232860259277849,-2.891839445326323,-26.786570510792625,-55.18988256382437,121.2654053445885,-13.870548789414574,-52.88975319128788,80.65530550861942
2026-06-17T17:25:36.964000,346,-104.82979113231534,75.5407195699651,111.24242562417346,-6.496597358811436,-0.6518326635130676,-1.9276284382190012,-28.335976615653514,-55.72531546267001,125.602643403993,-15.858107618216932,-53.15627388845452,81.07850332913856
2026-06-17T17:25:36.987000,347,-105.99684451509945,76.27935394987281,114.816120295372,-5.592740550766271,-0.3012281578591585,-2.577719258331258,-26.98526714213591,-55.88695349545145,122.91693513869271,-14.811159191941925,-53.702158615219176,80.9587369431226
2026-06-17T17:25:36.987000,348,-104.6144141923716,75.0868266290802,110.74779157149008,-5.627878329109047,0.9313683348303793,-3.4115534859328527,-28.38581175488108,-55.45456714758969,124.00597898603436,-14.926491168721832,-53.13700716587021,79.51257087097035
2026-06-17T17:25:36.995000,349,-106.00102310368365,75.75216273117177,114.21781250128973,-5.742007050236571,-0.07936108328413082,-3.26470413236406,-28.15302234155109,-55.763704631048874,123.58540734059058,-13.575872526548773,-52.30212504821538,81.16472107449889
2026-06-17T17:25:37.005000,350,-105.82030368443401,74.6808618137699,115.04316274538706,-5.232456253092225,2.120139631949541,-4.056363367482391,-27.92214053171801,-55.83037964160484,124.84412524508821,-14.95090114271207,-53.634725086174086,80.11329815512663
2026-06-17T17:25:37.015000,351,-106.33411346375945,75.73242601805698,115.47936412479169,-3.8765225906562435,3.7416895145988844,-4.853311073502799,-27.726230004770095,-55.29899067663082,122.66433635581856,-15.10084433474243,-53.07278705583882,82.05654492389078
2026-06-17T17:25:37.036000,352,-105.69735861984987,77.26325634257378,113.92490981874407,-2.4184567570613784,0.9888901907437709,-3.543052237974787,-27.462891894118798,-54.795885384341474,124.39675271210432,-14.98507874660527,-52.286068296770296,81.20531824811115
2026-06-17T17:25:37.037000,353,-105.58318584544855,76.87984647349326,114.25620556508451,-2.644202766475442,2.2954433553219524,-3.547925451949513,-27.90720169444347,-55.048449013954055,125.16373259616282,-14.574984341771284,-53.22691738863883,80.00863130962058
2026-06-17T17:25:37.045000,354,-106.0129520228428,75.79444833630986,115.34527920436186,-1.6095810461395446,3.240433509535445,-5.320618798012567,-27.895722286801803,-56.47289868632112,126.33660669592774,-15.068226796284538,-52.72919946833495,80.71703332614865
2026-06-17T17:25:37.055000,355,-106.75449919609478,76.23142582429823,116.63898147933824,-0.37490435317381277,3.410257980552466,-3.7722773850438234,-28.198349363376337,-55.14543183362292,125.60197628254299,-14.684620157804424,-52.18331474157029,82.19071814807049
2026-06-17T17:25:37.065000,356,-105.910003832097,76.35547348790722,116.0488065927628,-1.040431233406506,3.1418246136839185,-3.393039128188059,-27.823728804546807,-56.14759848433,125.2736676757527,-15.685162657814587,-52.65855596815063,81.06880305051835
2026-06-17T17:25:37.087000,357,-106.47684198638743,76.33010030856242,116.18029876517649,-0.6625273288343918,2.9747412393900414,-5.049055514509587,-28.914276109763136,-55.21817057549389,125.71201745591382,-14.472302100759684,-53.361784446729,81.08060388362141
2026-06-17T17:25:37.088000,358,-106.11428568627448,75.33773716230995,115.83190714791897,-0.20752677403685404,3.999164376756662,-5.805049569131557,-27.47503743025476,-55.79199047322597,124.60540036380706,-14.962824076700263,-52.20900485430753,81.12770699084153
2026-06-17T17:25:37.096000,359,-106.61606222514152,76.83473658103368,115.60660034159824,-0.6369021970284503,2.9309160438196655,-5.611779584506733,-28.625743124692455,-55.335357878073886,124.60797060271443,-14.937535193110296,-52.09661448994089,81.25353605228595
2026-06-17T17:25:37.106000,360,-106.50902114598506,74.32564033004594,116.68223446825577,-1.1185699246681888,3.7060817270161373,-5.738495000666835,-27.63520624715678,-55.61216775497679,123.98041273388648,-15.675000954654498,-53.297560888823135,81.73380117124435
2026-06-17T17:25:37.116000,361,-106.28769154304516,76.78117198922907,116.05359462523877,-1.4114387499698917,2.752874164815016,-5.084230231686581,-28.304817880440552,-55.47073203561404,124.71145694680665,-14.00900798985233,-52.88975319128788,80.43773393300822
2026-06-17T17:25:37.134000,362,-105.77933907312156,74.82464013628719,114.06425170028324,-2.0648392507955897,4.3908559223487105,-6.756631179242952,-28.735516512653934,-55.77178599031484,126.33086108310495,-15.518326396023316,-53.551238253558395,82.22834661837832
2026-06-17T17:25:37.136000,363,-105.91624989023629,75.44204811280416,115.02469456430555,-3.97453412279829,5.111240846354937,-6.491872382969502,-28.989284450257504,-55.9051381809192,127.45061406483697,-14.19793729425594,-51.77550704403503,80.8825868387055
2026-06-17T17:25:37.146000,364,-106.32607694465115,75.4730607854822,116.01092424671819,-4.200414665367098,5.281065317371961,-6.873033992209704,-28.22089371082424,-55.45860891196888,124.97632073321073,-15.65264740786743,-52.56543577424279,82.25900050719657
2026-06-17T17:25:37.156000,365,-105.49890772436426,75.9015805470223,114.31203546915543,-6.486804537880706,6.184971372738223,-7.274962125263607,-28.159476107996745,-55.53942901310582,125.61312300915252,-14.511648238130459,-52.838376413687875,79.98232405908716
2026-06-17T17:25:37.167000,366,-105.56253400640549,76.63175417337852,115.10350622796383,-9.302993849340524,5.806973546398283,-8.051135988973064,-27.43349043463615,-55.113104227066636,124.38225226666562,-14.988045992850239,-52.19937149301538,81.92583784593357
2026-06-17T17:25:37.186000,367,-105.84146273032067,76.93341106529786,113.50813839036692,-11.123177477018032,5.371456805235859,-7.316053884095588,-27.89796680886265,-55.49295848546098,123.49801277769961,-14.68268189443193,-52.29891507707615,79.52812979295695
2026-06-17T17:25:37.187000,368,-105.35542342317372,76.15812754648208,112.9056465333242,-14.041144244523377,5.067415650784561,-9.196001767459784,-28.175604072223198,-55.29899067663082,124.35864759922515,-14.549795359871997,-52.4980022451977,81.09791244956332
2026-06-17T17:25:37.197000,369,-105.57648172478545,76.81500289502215,113.78315538634133,-15.159183287887748,3.7033406302929905,-9.40257930047052,-28.411188989128842,-54.9433826655268,124.08470179478655,-14.754361942975745,-52.47552555147417,81.26653604138436
2026-06-17T17:25:37.207000,370,-105.17507625328476,75.76625692385005,112.64975907130955,-21.13542717106081,1.7257099307252515,-8.94425888620182,-28.324114292867122,-55.56367526039614,124.93525404044412,-14.893665332218188,-52.4980022451977,80.00124899250504
2026-06-17T17:25:37.217000,371,-105.05467150856211,75.79444833630986,111.63030003444604,-26.616424027009774,2.618657481380742,-11.237053654237043,-27.913917398520915,-55.8768523387421,124.83501452343849,-14.602794529423038,-52.84800977498004,80.49475049826711
2026-06-17T17:25:37.236000,372,-105.06194222095425,74.14803110173557,110.69636284094179,-29.126650242751122,3.4129961361847068,-10.520262839729275,-27.924307290023613,-55.46669027123485,124.16698185170503,-14.406399427980421,-53.41958116660746,80.7437577881627
2026-06-17T17:25:37.237000,373,-104.49362134988718,74.53990172436761,108.97753362637468,-34.868100001565864,4.588073714051759,-10.95804353465639,-27.216568016675737,-55.78188931651662,122.50088097032744,-14.134268842959981,-54.08748617115642,79.52233322294039
2026-06-17T17:25:37.247000,374,-104.40625984620871,75.54354083018335,109.06591121790655,-42.31020561315814,6.382186223350368,-11.319103190095497,-26.958273285824024,-56.17386452906371,120.53391702512455,-14.729365473002602,-53.87234569946426,79.58391861663378
2026-06-17T17:25:37.257000,375,-103.99387210379054,75.2136925258042,107.85424417638325,-43.4050895789237,7.116264866608702,-9.87722872979915,-27.40320521506151,-55.80411359687113,121.44978040943909,-14.228300007805807,-53.28150413737805,79.16927256151888
2026-06-17T17:25:37.286000,376,-103.89031530586819,75.7437050047235,107.27325822407819,-44.835832731034714,7.8722575781976785,-8.77109399176495,-26.731431808732296,-55.30707203589679,121.22961634483538,-14.546128023116013,-53.10168369184081,80.52087772864692
2026-06-17T17:25:37.286000,377,-103.77637481605134,76.80936642879212,108.20159210985628,-44.59707917285677,8.40364505957939,-8.830897477018276,-27.638210951924687,-55.503059642170335,122.42584531678791,-14.212322663592172,-52.83516644254865,79.98910079083372
2026-06-17T17:25:37.288000,378,-104.50105508206644,77.07718938781515,109.2965740019747,-46.78036071300227,6.639661085508143,-8.80991060999342,-27.11913824379613,-55.70106921537968,120.45912115083004,-14.99237908019007,-53.397104472883925,80.4719707927328
2026-06-17T17:25:37.298000,379,-104.16159790717592,76.67122457250484,109.09535455043567,-47.156374695213614,5.998712085745946,-9.034595268558146,-27.247425616984465,-55.63843379971049,121.78684817654165,-14.289585278354691,-52.53974566150555,79.32462914615927
2026-06-17T17:25:37.308000,380,-104.36807519419372,76.15812754648208,109.51564752800127,-47.449380009037036,6.119232108837206,-8.930489811327252,-27.690200758436667,-55.49295848546098,123.04732846410595,-14.231619898392784,-53.297560888823135,80.60118311102576
2026-06-17T17:25:37.337000,381,-105.01567899913142,74.66676459398836,112.15716100345624,-52.29047612502396,5.067415650784561,-8.730995994146618,-28.368462929047567,-55.9051381809192,124.29761495636332,-13.548933867841274,-53.21407405620745,80.26332245340355
2026-06-17T17:25:37.338000,382,-104.74539448912428,76.5218067566543,111.33447988811417,-56.41691802430355,3.3801265042342004,-9.47812899784349,-28.08568920044945,-55.331318283187116,124.67109770441125,-15.334935417570366,-52.79341957836633,81.24828789646499
2026-06-17T17:25:37.338000,383,-105.20964960840931,75.48433674504548,112.79364591166485,-58.192176025557494,2.71452528050912,-9.334441442376248,-28.29233007457824,-55.29899067663082,124.06145301637989,-14.64912648846026,-52.709932745750635,81.4054110419797
2026-06-17T17:25:37.348000,384,-105.5251677781157,76.03408290997633,113.10124236302543,-60.91425232450863,2.0653588727592984,-8.313551485965897,-27.818342309747543,-55.35758432792082,123.40617653197248,-13.792106870504334,-52.552588993936936,81.03354705495202
2026-06-17T17:25:37.359000,385,-105.04738530842263,75.8113637892064,112.13449858238113,-69.14622339405824,1.490146195807213,-6.9343494880319945,-27.08261773464691,-55.52326412508146,122.16089845190666,-13.832064369847481,-52.838376413687875,80.08331523996007
2026-06-17T17:25:37.387000,386,-105.28717549021924,76.20041617872342,112.01145672145495,-73.67715496620008,2.046182960060898,-7.178938250338549,-27.61328662849364,-55.775827754694035,122.19219948953298,-14.917562777453103,-53.03104019165651,79.85110707592253
2026-06-17T17:25:37.387000,387,-104.71121190506352,76.18914021916014,110.90549940616067,-80.24934320311303,1.4435799035136883,-5.811213565089094,-26.896930846879822,-54.99995651937341,121.5720210701632,-14.184479204486882,-53.316827611407454,79.18183797467083
2026-06-17T17:25:37.389000,388,-104.53028020871741,76.83473658103368,109.85815701135687,-84.59677559049175,1.9119692177175294,-5.778004155742572,-27.671155344346754,-55.41011641738824,123.36238210156891,-14.651209230994347,-52.825533081256495,81.59751103118731
2026-06-17T17:25:37.399000,389,-104.52435704320689,75.89875928680407,110.2172177899401,-97.42197823335289,1.314842472434802,-3.9914150979724354,-27.950223721217718,-55.20402548491292,124.15955043464479,-14.469140292971396,-52.78699963608788,79.99945750705187
2026-06-17T17:25:37.409000,390,-104.29755894267058,75.17704338689612,109.67609754496762,-103.51642338530183,1.4435799035136883,-3.5555877699065306,-27.758726471635576,-55.981918687169355,123.5895329140356,-14.998736728955953,-53.368204389007445,79.82289163430069
2026-06-17T17:25:37.438000,391,-104.68415157506917,75.01352835126404,110.12163628787005,-109.07081900751604,1.8024047582461362,-2.2209583564556006,-27.792988951089438,-55.9354459900321,122.66239345871858,-14.5203834298673,-53.03104019165651,79.28315537958967
2026-06-17T17:25:37.438000,392,-104.7590921011813,74.17622251419539,110.02324957115553,-115.37677342322826,1.706534018026851,-3.1341471219417087,-27.47783562567131,-55.65661848517823,121.18185030998173,-14.568292983338829,-53.87234569946426,79.32376979861918
2026-06-17T17:25:37.439000,393,-104.65375542216651,74.06627509747116,110.41533869137487,-129.3998344265106,2.2269659357886935,-2.087240024325496,-26.66751466902207,-55.977876922790166,121.7696670707183,-13.683592558378834,-53.15306391731529,78.1841204508612
2026-06-17T17:25:37.449000,394,-104.93061400322453,74.63011545508029,110.281667638003,-135.25591323765403,3.1883909059774407,-2.144586064977453,-27.399180989826654,-55.80007400198436,121.51400277275256,-14.059372598016388,-54.3443735070309,78.8817303816029
2026-06-17T17:25:37.460000,395,-104.64512658301618,73.91967551473563,110.45852532074498,-142.49611426004054,4.001905473479805,-1.0168657334001452,-27.557432895033635,-55.775827754694035,122.10501575358875,-13.927729567356272,-53.33288436285254,79.81378401363645
2026-06-17T17:25:37.486000,396,-104.38111922740835,75.62247860133276,109.83760115102339,-147.46858987779063,5.637149075381259,1.0318973500945319,-26.434717487608864,-55.61216775497679,121.5153594683029,-14.870254481275534,-52.838376413687875,80.26982897118354
2026-06-17T17:25:37.486000,397,-104.47254288389124,76.71069194452792,109.55354581595185,-159.98627198743534,9.129506294850097,2.4705582707082243,-28.345681488332453,-55.13330870997776,124.0518860002269,-13.989264812868502,-52.35350182581538,79.71708026508473
2026-06-17T17:25:37.490000,398,-104.42272471610757,76.64585139316004,110.52229802986517,-164.85756109478578,11.26874699853814,3.470899995547967,-26.689929964421122,-55.52326412508146,122.2391000126324,-14.116226285211225,-52.11588121252521,79.52750684312214
2026-06-17T17:25:37.500000,399,-104.52278291899873,77.2491621498955,109.52556893451796,-171.54818327173322,12.956036145088499,3.667366698225024,-27.652322964983195,-55.27878402422728,122.65112901302213,-14.58333464252117,-52.896176581440805,79.84319072264249
2026-06-17T17:25:37.510000,400,-104.86281842553589,77.46342051711393,111.55412716423973,-182.81930995598876,14.150286694563045,4.893396616300741,-27.068334872395226,-55.30101047407421,121.63180254860218,-15.109404295549504,-52.7709428846428,80.06290892183767
2026-06-17T17:25:37.540000,401,-104.56357275669735,76.80936642879212,110.59047191250801,-188.70561621612174,13.72846367265273,6.0330902052531385,-27.607691115453225,-54.90095173276873,123.74750980894906,-15.13044877667327,-52.66497935830357,81.09940342917112
2026-06-17T17:25:37.540000,402,-104.70962299307278,76.62047821381525,111.18641463378448,-194.18720509777475,13.802420344541371,5.684079501531514,-27.458251676957232,-55.414158181767434,124.14582184382189,-14.06716933703403,-51.884683989387966,79.52181164906531
2026-06-17T17:25:37.540000,403,-104.83917157737429,75.8113637892064,111.17188190890424,-199.75697683385525,13.838028132124121,6.144938924646297,-27.651300844644304,-55.17775944017921,123.72353625317885,-14.548159965197602,-52.50442218747615,81.01438871026362
2026-06-17T17:25:37.551000,404,-105.34132783344307,74.7372446386895,113.40275369159102,-212.76169288913528,13.99141778716589,7.572210075035507,-27.249008209987444,-56.23448014728951,122.52597874001262,-13.654906272480297,-53.07278705583882,78.42456741216824
2026-06-17T17:25:37.561000,405,-105.38339127167652,74.95714552634443,112.78001180849517,-221.93485112679326,13.05190394421688,8.330937842824468,-27.6049517024802,-55.47073203561404,122.77937455138316,-14.647328778887488,-53.3938945017447,79.71614147972902
2026-06-17T17:25:37.588000,406,-105.2551343220604,74.70059549978143,112.26944045129133,-227.43695745463316,13.898288143669754,8.024498625890907,-28.176906623088605,-55.82229828233888,122.82749944518393,-13.363620031267553,-53.14343055602314,79.13064199133694
2026-06-17T17:25:37.588000,407,-104.95627009609677,73.97887959987348,112.72607151044527,-235.65595373960247,15.350013555302073,7.948033319932982,-26.57060087982131,-55.77178599031484,122.86957696047489,-14.249327340798496,-53.32325100156038,79.26206391923404
2026-06-17T17:25:37.591000,408,-104.93225809219473,74.88666548164329,111.71967979237373,-247.99426315165965,17.80151282142904,8.848101731043656,-28.635212718152324,-55.82027848489549,124.74858587777122,-14.384557766007939,-52.99893013664081,78.88730588358975
2026-06-17T17:25:37.601000,409,-104.610399649283,75.16012793399959,110.16088192793957,-256.61767603952285,17.582383902486253,10.61672499826895,-28.079408668585224,-55.913221709677586,125.3436832917947,-14.700034510013124,-53.07278705583882,79.35516334290756
2026-06-17T17:25:37.611000,410,-105.0596919365362,76.24552304407976,112.91354344877917,-265.28989607075766,18.478069608773986,10.082507886217641,-28.275171559607422,-55.31919515954195,123.99183603892763,-13.691660593855351,-52.16083804784675,79.51584864330447
2026-06-17T17:25:37.637000,411,-104.45765587212105,75.77753288341333,110.55751600697509,-274.19422509901267,20.663876604755547,10.299788340130448,-27.498708494114684,-55.53942901310582,122.31104769843004,-13.841696396121172,-53.18838394347021,77.72374476887698
2026-06-17T17:25:37.638000,412,-105.36645121748003,75.92977195948212,111.83492418205277,-300.441013670874,22.80037621172044,9.779846903693127,-27.976629212790552,-55.179781407115016,122.99959627190037,-13.36745637597168,-52.89938655258003,77.86961458281387
2026-06-17T17:25:37.641000,413,-105.0104636418138,75.56045628307989,112.60196549578149,-314.6388000630012,23.93162859401712,10.682589082517424,-27.1856359148059,-55.68894609173452,125.3763756655811,-13.679657717660499,-53.776012086542714,78.48170068306239
2026-06-17T17:25:37.652000,414,-105.22951781899778,75.66194597335584,112.15012684130924,-324.8166438865078,22.38129428653327,10.047285724450546,-27.852683969569977,-55.450527552702916,125.27683358293892,-14.166582150708301,-52.64571263571925,78.28278590066687
2026-06-17T17:25:37.662000,415,-104.92913826673637,76.32164258211415,112.5981436054572,-338.6394411444434,23.085244394564246,10.424771495362137,-28.96266009342478,-54.9393409011476,124.67762303211298,-14.450445677476182,-52.93471002660944,79.84670580535222
2026-06-17T17:25:37.689000,416,-105.15366128082763,75.54917729641338,112.05879011276097,-363.53415870950937,24.553404622171822,11.00512012921915,-27.40946090256122,-54.81608986725261,124.00501306881064,-14.181218900684385,-51.45760956926839,77.13724442177941
2026-06-17T17:25:37.689000,417,-105.1377981721493,76.33010030856242,112.18999781001288,-378.654401634965,26.01882375305625,9.97588922706798,-28.556695473779705,-55.34141943989647,123.65311767085082,-13.817098860375237,-52.941129968887886,78.01737156236547
2026-06-17T17:25:37.692000,418,-105.20449060202134,75.58300820220643,112.15278130493891,-393.22702374167,26.681689762239994,10.688486356763221,-27.094491179679643,-55.53942901310582,122.49575483904896,-13.571333016907873,-53.14985049830159,77.87044534476726
2026-06-17T17:25:37.702000,419,-104.40307422864227,76.25398077052802,109.93082311338698,-427.50686414779926,27.637635480073353,10.8636900968758,-27.92042323908387,-54.92519798005906,122.80358274736555,-14.042646105718596,-52.48836888390555,78.58019101489087
2026-06-17T17:25:37.712000,420,-103.3534729928156,76.55563766244737,107.06983779913847,-446.3365292384748,27.508898048994467,12.105728418536188,-27.726346965797756,-55.32525672136453,124.46453882323206,-13.118755195701448,-52.54937902279771,77.32331809070779
2026-06-17T17:25:37.737000,421,-103.62441129407726,75.74934147095351,108.02803441760304,-464.30171571137686,28.908580857068785,11.714409023527693,-28.04868673668249,-55.503059642170335,124.7963700375789,-13.667661197312576,-52.144781296401675,75.57001313794821
2026-06-17T17:25:37.737000,422,-102.81176825071572,75.30390625651688,105.06743889331784,-484.3974724751848,30.571217779656266,11.875106570149029,-27.37984027136595,-55.10906246268744,125.18308908072156,-13.15188642058851,-53.19480733362313,75.96989252404177
2026-06-17T17:25:37.743000,423,-102.9200169119776,75.10656334219497,105.09520419728887,-521.2350957137498,32.17085359397497,11.84134751475142,-27.37562939588411,-55.878872136185485,120.31677380562002,-13.047887089317364,-52.25717166076831,75.78231541321614
2026-06-17T17:25:37.753000,424,-102.4929270589792,74.92331462055137,103.46253666399917,-536.4111970502177,33.5842301213014,12.398002163504657,-26.174057257183364,-55.98393848461274,118.19029223672803,-12.546903309206572,-53.085630388270204,73.82114501728643
2026-06-17T17:25:37.763000,425,-101.87201505502867,74.93459058011464,100.61432966533366,-552.2704846306009,33.59518862601217,11.598657548031895,-26.08605431184443,-55.7879508783392,117.4530049762241,-12.338757093076886,-52.97324347177805,71.21769114638047
2026-06-17T17:25:37.787000,426,-101.29193340487237,74.0324441916781,99.75382242641604,-565.1756469718325,35.3975185432984,12.128108334318995,-25.85887334784937,-55.648534956419844,117.70734721924926,-12.42663357616422,-53.07278705583882,73.12932218070662
2026-06-17T17:25:37.788000,427,-101.933638711994,73.29944930510364,101.84515684784824,-587.309440412653,34.58948322815143,11.339562092064227,-25.332980910910315,-56.460775562675956,116.49936286648725,-11.334170083182176,-51.96817426987813,70.41875433486527
2026-06-17T17:25:37.793000,428,-102.22953251845396,74.44404850032167,101.68793477288237,-598.3049954681104,34.660698803316926,11.353394734608543,-26.34610115021516,-55.85664785583097,117.90016668226122,-12.22755451855863,-53.528758111960386,72.72690376507867
2026-06-17T17:25:37.803000,429,-102.71447379806716,74.48069763922975,104.25848076070515,-609.0645883499333,33.00354113308483,10.15792529630204,-25.800539630158397,-55.79603223760517,119.58737858437591,-12.625342841296758,-53.67646850248194,71.87664649503179
2026-06-17T17:25:37.813000,430,-103.39170352887324,73.50243171275879,106.87340638007544,-620.7939908510457,32.200985070293235,10.132354605891692,-27.014623450311134,-56.14759848433,121.69880381919297,-12.641655300853476,-53.38747111159176,72.39076383732692
2026-06-17T17:25:37.837000,431,-104.11885948268275,74.13393388195405,109.82232941574537,-641.8130811628231,31.847639467916178,8.509044342036816,-28.44951373936402,-56.30721888916048,127.05499945468765,-13.304467411762001,-53.20122727590159,72.2896426949076
2026-06-17T17:25:37.837000,432,-104.57583956867998,74.11420019594252,111.84902272576343,-648.7320096663765,31.61207573299814,8.873777087948753,-27.864234218156994,-55.76774422593565,127.23428816790235,-12.650102691941067,-52.75809955221142,73.18876552449429
2026-06-17T17:25:37.844000,433,-105.43202095212379,75.29826979028687,114.67500164036488,-653.2820235065442,29.839874350939265,9.111132015199615,-27.740116892081023,-55.10704266524405,126.8112177367224,-13.015717235922002,-52.10624785123305,72.98511169786349
2026-06-17T17:25:37.854000,434,-106.57387059730154,76.77553552299905,117.97094177722717,-657.5036769569144,27.445899881816597,8.222682534784383,-27.08938260651709,-55.15755495726808,125.46130688130731,-10.873073978086278,-51.06906859431744,73.44139246894366
2026-06-17T17:25:37.864000,435,-106.90750914039285,75.99743377106826,119.833962933106,-666.9227406377106,26.331082315495173,8.061485814233862,-27.05725563913074,-55.49093651852517,124.14613740393445,-11.842896550901965,-52.28285832563107,73.63268741439843
2026-06-17T17:25:37.889000,436,-108.4980134557142,75.8113637892064,123.738587966697,-670.4121271210985,25.071095443210517,8.010094558770902,-28.284132631019006,-56.27286931566838,125.95003921452009,-11.3584285782232,-52.74204280076633,72.23498912853556
2026-06-17T17:25:37.890000,437,-108.39338648015013,75.25315989782729,124.2164202572019,-678.5554919677797,24.747881317151727,6.8294222647786,-28.68977127139531,-55.46669027123485,128.59714357156503,-11.666179782750419,-52.38561188083107,72.3937870538682
2026-06-17T17:25:37.894000,438,-108.98021392710612,76.37520717391875,128.24147362799556,-692.42701745096,20.866570707723078,6.594357437280905,-30.497005382203987,-55.83240160854065,138.11783417502474,-13.30585211340225,-51.71128693400365,75.7577529044616
2026-06-17T17:25:37.904000,439,-109.27152963270427,75.43077215324088,129.27073470067126,-700.0283944922525,20.592658088499146,6.69214221919043,-32.11813883225165,-55.72935505755678,140.9151987627238,-13.044129662011265,-52.392035270983996,75.49681927454616
2026-06-17T17:25:37.914000,440,-109.30532843989889,74.57936909639069,129.31532618140977,-708.8042857946856,20.943265535243963,6.760977599780148,-31.748289745069595,-55.549532339307596,139.57647008586457,-12.193073575899117,-52.99893013664081,75.63215646066597
2026-06-17T17:25:37.935000,441,-109.9479446387957,74.2156929133217,130.86357293848744,-717.2493789113903,20.496790289370765,5.850081090544336,-30.994108906441834,-55.93746578747548,137.06370844134088,-12.614049485885612,-52.41451196470753,73.52026208817233
2026-06-17T17:25:37.935000,442,-111.26743369389567,74.89794144120657,133.7331206974785,-731.6248018318757,18.075422499562066,5.952239618483077,-29.708823339431966,-56.81436160684418,131.613014573967,-11.933576940527342,-53.75674536395841,73.09282955187575
2026-06-17T17:25:37.945000,443,-111.56582518254244,74.62447898885027,135.5564924833082,-739.5113429491482,16.385395197379466,5.96255309603697,-28.596761575189845,-56.420366596853704,130.561649059953,-12.366316924897335,-53.297560888823135,73.5221284377629
2026-06-17T17:25:37.955000,444,-111.66212838984644,74.88102598831004,135.0629542364009,-744.9030978425639,16.16352812280444,5.52243748974189,-30.020518866314273,-55.47881339488001,132.240296662325,-11.725457302801424,-52.47552555147417,74.25432726087666
2026-06-17T17:25:37.965000,445,-111.88922094614435,73.477058533414,137.2505573599924,-749.6389861453317,15.692400652968361,6.156848905657313,-30.50129653033083,-55.913221709677586,135.53091482535825,-12.49134115867611,-53.15627388845452,72.236229332407
2026-06-17T17:25:37.989000,446,-112.152213888065,75.12065753487326,139.24692891399565,-753.3165656096872,14.520064171824457,6.037241158088591,-32.6642574708094,-55.35758432792082,141.205793597615,-12.827360690998894,-52.34708188353693,75.81096543078445
2026-06-17T17:25:37.989000,447,-113.01858020071671,75.06145647683864,141.55882927564735,-750.7992603170296,13.049165788584638,6.9186872284736864,-32.11900917667804,-55.46669027123485,141.602933792042,-13.349144264643396,-52.13193796397029,75.61687781267277
2026-06-17T17:25:37.995000,448,-113.72987095952092,75.7211500584937,144.27255431789644,-747.5922668179038,11.27970550324891,6.988868639878831,-32.308871096817676,-55.53942901310582,142.93020452325032,-12.11184882394378,-52.24432488046245,75.96178289469694
2026-06-17T17:25:38.005000,449,-114.91755041778302,73.82664052380468,148.27458990485857,-743.0977991967111,10.468929091378785,7.254353898720126,-32.201277403456324,-55.917261304564356,142.76039485736163,-12.555302667529602,-53.45169466949762,74.92055690324119
2026-06-17T17:25:38.016000,450,-115.23879488557114,73.37556884313804,149.21836631931285,-735.1697681809404,10.170367189282874,6.799877443027384,-32.638347838923664,-56.99014689969901,143.60971895390014,-12.003189007848105,-53.567291557128996,74.01658198479184
2026-06-17T17:25:38.037000,451,-116.07262632406326,74.11138196282751,151.50340553180342,-732.2166591933002,8.485819139455659,7.726478015460742,-33.35210341308474,-56.42642815867629,144.39689863030435,-12.985065257311177,-54.06500947743289,74.94061389807955
2026-06-17T17:25:38.037000,452,-116.12615337707015,74.2551602853448,152.5827537877359,-729.8881597955818,6.34931659139986,7.305324707117023,-33.208226303841386,-56.12739400141887,146.80025077096096,-13.034634734243658,-53.28150413737805,75.69717829287521
2026-06-17T17:25:38.046000,453,-116.4240841298911,75.48715497816049,153.94485591621532,-727.7081880467153,5.806973546398283,7.46011156947813,-33.730441770532096,-55.95969223732242,148.34755052069377,-12.938791786119749,-53.04709694310159,78.11605425758839
2026-06-17T17:25:38.056000,454,-116.44119160284991,75.12065753487326,154.07113628379003,-721.3878192980633,5.749451690484894,7.3570003658580845,-33.42834373743244,-56.14557868688661,146.7658017024194,-12.675786921599297,-52.896176581440805,76.91671947253927
2026-06-17T17:25:38.066000,455,-116.77641393764914,75.04171976372386,154.92043110242776,-719.2443615468811,5.272847909384332,7.059510015960001,-32.963654716868454,-55.92130306894355,145.94732828599845,-13.148628166403228,-52.53974566150555,77.05782431459076
2026-06-17T17:25:38.089000,456,-117.26487584193808,76.121478407574,156.02434241170025,-716.7859078226857,3.0623916305307928,6.832388463290727,-33.11487866084751,-55.854625888895164,145.59437306499345,-13.220449926420661,-52.48836888390555,76.32574299073399
2026-06-17T17:25:38.090000,457,-116.63578888870705,76.34701576145895,153.98367286825976,-710.6326308461003,0.7040220078999666,4.500835551856511,-33.56286821424357,-55.965753799145006,146.02203675411945,-12.979471517940448,-53.38747111159176,76.08850682623483
2026-06-17T17:25:38.096000,458,-117.14597163573055,76.42595353260836,155.9860617528887,-704.1224905215817,-0.2409681463135259,1.7072383613118802,-33.82725316609678,-55.58994130512985,147.67766805972016,-13.033090454927962,-52.43056871615262,76.88837864304926
2026-06-17T17:25:38.106000,459,-116.68252308692144,74.53990172436761,154.44976658233023,-698.2739027214024,-1.1530886685765096,0.6507893372166222,-33.4944294494965,-55.953630675499845,148.11136476744488,-12.683780989848191,-51.663120127542875,77.91742672512706
2026-06-17T17:25:38.117000,460,-116.14600505285989,74.91767512721812,152.54539786957403,-693.684458968727,-1.93099544849613,-0.09117461166979979,-33.9642873332621,-56.034450776636774,149.26087966732587,-12.110216196957326,-51.51540973702132,75.87825836177548
2026-06-17T17:25:38.137000,461,-115.92383397118388,75.5379013368501,151.4375047869363,-681.2726159953254,-6.77373102811352,-2.2813255659082756,-33.50489547365737,-56.062736618813865,145.28187588255503,-13.022998882833955,-53.050306914240814,76.31812522755764
2026-06-17T17:25:38.137000,462,-114.39220457668921,75.24188393826401,146.79223387145635,-681.0651119678653,-8.5267594385649,-1.720162399580829,-32.42386608442029,-56.05667722648371,143.48775271303083,-12.621478042444217,-52.72919946833495,75.94905482585719
2026-06-17T17:25:38.147000,463,-113.70113810368923,75.19677707290766,144.3622131737281,-685.1361835599585,-10.082570057313228,-5.259028126827332,-32.28547366417588,-57.002267853851755,142.36932233551798,-12.907477294681183,-53.284717556391755,75.52612003391421
2026-06-17T17:25:38.157000,464,-113.01828899132309,75.06145647683864,142.04745125907615,-694.1159527982613,-10.214048585115263,-8.97123311783983,-32.47217155003555,-56.46683712449855,142.21832545351128,-12.036258844336096,-53.34893766642314,73.58712534539332
2026-06-17T17:25:38.167000,465,-110.77903604711085,75.0078888579308,134.04505981806014,-715.4695780075515,-12.660068598886841,-13.746061415125865,-32.56046106288716,-55.80411359687113,142.33060206879088,-11.507098539394152,-52.64571263571925,72.61727190513122
2026-06-17T17:25:38.190000,466,-109.44935976406391,74.97123971902272,129.55448547824284,-726.1349953336212,-13.783100632104981,-18.206702412463216,-31.023840361678573,-55.71723193391162,137.85210462818333,-11.976305762560672,-52.15441465769383,72.50249625175724
2026-06-17T17:25:38.190000,467,-108.8526528194441,75.45050583925243,127.38691604342098,-737.4656973896389,-14.500744459388066,-22.57877351800326,-29.64714044480955,-55.86877097947613,134.77251952457323,-12.523255838935045,-52.39845866113693,73.71922660067685
2026-06-17T17:25:38.197000,468,-108.21267752778749,74.97406097924097,123.70279651121632,-747.8910624499493,-15.831949847929124,-27.03613780919673,-29.124947039660306,-55.913221709677586,129.99740232604714,-10.959543413229321,-52.08056118637029,69.37494336382257
2026-06-17T17:25:38.207000,469,-107.53009842980975,74.39048390851706,121.13916109847196,-765.2172316267129,-16.434552904476334,-39.38393832857358,-27.644175657991575,-55.838463170363234,125.60608373103402,-10.498971523773964,-52.98608680420943,67.82710885717535
2026-06-17T17:25:38.218000,470,-106.79512229365281,73.66594674839087,118.52270123583712,-772.3198870134379,-17.13028560451968,-44.36787356071713,-27.88645240338498,-56.32742337207161,125.66848011837277,-10.369712011063816,-53.34572769528391,68.39779115281527
2026-06-17T17:25:38.238000,471,-106.50261148108359,73.5249866589886,117.85566716813159,-779.09660719896,-18.064320195113307,-47.79325573241465,-27.45440346912683,-56.693132539884985,126.91034466511908,-11.16418673124863,-53.35536105657607,69.87458710187732
2026-06-17T17:25:38.238000,472,-105.67639391633162,73.64057356904607,115.13418450762869,-789.1407374776113,-18.97644071737629,-53.21304313242334,-27.968534825189575,-56.7214205515545,127.02091871182235,-11.825356066827254,-53.25902744365452,70.00121913331019
2026-06-17T17:25:38.248000,473,-105.0841012181472,73.17540466859789,113.33175559692734,-806.6186901549783,-16.83172370242377,-64.1620815103249,-28.919875822239984,-55.99000004643532,129.11595336966445,-11.751253210235852,-53.83060228315641,68.61431181111374
2026-06-17T17:25:38.258000,474,-104.0438695998387,73.4883375200805,110.33690258869788,-814.1153754936934,-16.229120645876563,-68.01338917335516,-29.39721554682513,-56.44259087720822,128.4917554706306,-10.525326454186501,-53.54802483454469,67.64661654405465
2026-06-17T17:25:38.268000,475,-103.45071968750668,73.3079070315519,109.02778479314993,-820.7088583706205,-15.771689836383498,-73.7007307143866,-29.51595154631311,-56.19002941708806,129.44382300894378,-11.558274064909355,-52.706722774611414,69.69240925294143
2026-06-17T17:25:38.289000,476,-102.15460864013014,75.30672751673514,103.98475930654118,-832.2990882878792,-13.596841345112708,-80.33630341214496,-27.361548057723624,-56.06677838319307,121.82292378410902,-10.854642049248291,-51.557153153329175,69.28150126430768
2026-06-17T17:25:38.289000,477,-102.32910016228983,75.25034166471227,103.5773671866202,-835.9768967926258,-11.161776894960997,-83.39185476658565,-25.152808418265312,-55.711170372089036,116.68289462355082,-10.049872789962086,-53.29435091768392,65.61883936243848
2026-06-17T17:25:38.299000,478,-102.6431568315677,75.02762557104558,103.46017131946512,-838.0891825712926,-9.789487407572706,-87.36667974828862,-24.288345190256692,-56.05061566466113,114.26481822458761,-10.314813868237891,-53.165907249746674,66.34823715916062
2026-06-17T17:25:38.309000,479,-102.69469362164344,73.73078729975875,103.63990146556448,-839.0530295230326,-7.907721566042439,-90.21693954955154,-24.902405193759577,-56.032430979193386,113.95113997028243,-11.1032229724057,-52.23148154803107,68.23192355000369
2026-06-17T17:25:38.336000,480,-102.33546569016477,75.80008782964312,102.5170305265649,-836.0559964466803,-7.42563853258649,-93.68441328422296,-25.702424838454984,-55.52326412508146,116.66289403284586,-10.069014372449068,-51.688806792405636,67.44642508358983
2026-06-17T17:25:38.337000,481,-101.74787126254247,75.96360286527519,100.89419656523916,-832.754625285377,-8.518542030577274,-95.16057228094331,-25.51398922951674,-55.426281305412594,118.00117155423469,-11.753254604886806,-51.936060766987964,68.78666777361774
2026-06-17T17:25:38.339000,482,-101.33922581425581,75.49279447149375,100.51830844899467,-829.8904109972228,-8.08302528941485,-95.25709084099344,-26.710801018816316,-55.917261304564356,120.80554021678908,-11.042457611267658,-52.401668632276156,68.51615925295023
2026-06-17T17:25:38.349000,483,-100.67045446988189,74.66958585420662,98.31259804017742,-827.9719728941361,-6.119085368008314,-94.81815012986999,-28.499659321693933,-55.814216923072905,124.16826412700298,-11.699530816038195,-52.671399300582024,68.9008883653535
2026-06-17T17:25:38.359000,484,-100.34683933556325,75.07273243640192,96.45122469344014,-818.7378055129217,-5.6096119549572405,-91.67433165888073,-27.319465219321796,-55.65459651824243,121.51966097940182,-11.981671625269508,-51.60852993092917,70.67282231936383
2026-06-17T17:25:38.391000,485,-100.142725847777,76.61202048736698,95.84931660768805,-814.3827200984572,-6.368345763269363,-90.96140122337084,-25.966042991243853,-55.45860891196888,117.20075639407226,-11.903616779828731,-51.59889656963701,68.63979207975028
2026-06-17T17:25:38.392000,486,-99.95894737431684,76.43722949217164,95.79796994681976,-808.6743995207125,-7.313335917482861,-89.63525622181226,-24.191720751391657,-55.35354256354163,114.73971667115822,-11.037219035924323,-52.54937902279771,66.93163107184479
2026-06-17T17:25:38.392000,487,-99.7586444336602,75.74088374450525,93.24080071099617,-805.5804367351905,-7.800895262203286,-88.93904942873951,-24.324700987198895,-55.38183057521115,112.09295898510089,-10.829067488756309,-51.929640824709516,67.77197945753117
2026-06-17T17:25:38.400000,488,-99.75649825812924,74.66676459398836,93.22332335838357,-796.8173336820807,-8.398022007486015,-86.52888448489404,-23.66178118240285,-55.67682296808937,111.69825696395807,-11.2087283613686,-51.76266371160365,68.78470117018738
2026-06-17T17:25:38.410000,489,-100.1108864549177,73.78999138489662,94.07617126236153,-792.4108059720484,-8.258326071696352,-85.91806759268209,-24.424455431282762,-55.88897546238726,111.53116341040035,-11.418761485677873,-52.006704267172275,66.20955431251014
2026-06-17T17:25:38.439000,490,-99.4322633145303,74.70623499311468,93.18511037585466,-784.7762013496572,-10.055179677718105,-84.17068693702623,-24.971155063931185,-56.01626609116904,113.1345047177957,-10.26484648188675,-52.89938655258003,65.18169121784615
2026-06-17T17:25:38.439000,491,-99.41746596317552,74.66112812775835,92.9269914492945,-776.1353420255444,-13.049019047755742,-82.34854437311674,-24.981573999234875,-55.648534956419844,114.197900032474,-11.248861531244678,-52.41772538372124,68.81765644966623
2026-06-17T17:25:38.440000,492,-99.00642085976823,74.6583068675401,92.17633632633616,-763.0960944540194,-17.09741597256917,-77.77159170379707,-26.069060509080668,-55.82229828233888,117.85346993718197,-11.207237064987911,-51.489719624284085,67.79694683452553
2026-06-17T17:25:38.450000,493,-99.82502703301293,74.15648882818384,93.93196365087208,-758.8313970365962,-19.050397389264933,-75.41996606329906,-25.53302467308637,-55.72935505755678,118.01864440690517,-11.625605372859031,-51.21356901369977,66.93090467228589
2026-06-17T17:25:38.460000,494,-99.59554923481397,74.61320000218376,93.56802712114683,-757.8357740819523,-20.041953835771945,-72.03327562994917,-26.054241232705703,-56.78809556211047,117.41052746172828,-11.390605257533622,-54.06179950629366,66.57831585463047
2026-06-17T17:25:38.489000,495,-100.23401758073283,74.3707502225055,95.53815267758989,-752.2173647422809,-22.361974574096877,-68.21033527598456,-25.226818820463127,-56.082943271217424,113.70331655531099,-10.74157692146451,-52.83516644254865,66.89288300240587
2026-06-17T17:25:38.489000,496,-99.94669476314172,74.37920492185054,94.96915329104121,-750.2255826126478,-23.438443256112404,-65.81496700163834,-25.27790606753578,-55.79603223760517,114.63465711625746,-11.45051030654449,-51.977807631170286,67.96435514705394
2026-06-17T17:25:38.491000,497,-100.35396763619846,74.79644872382737,95.42685968601805,-748.5479100339546,-25.26816355299377,-63.29018938589945,-25.04362216138066,-55.62226891168614,116.10648088432463,-11.282355548817229,-51.10117864933313,67.86434412791101
2026-06-17T17:25:38.501000,498,-100.87699893537008,74.7626178180343,97.7105458974036,-745.535949739777,-25.503727287911808,-63.2160744335047,-25.030478380495488,-55.579837978928076,116.30518020827694,-10.286730201644785,-52.472312132460466,67.04801473896003
2026-06-17T17:25:38.511000,499,-101.89892051947464,73.96760061320697,101.24443174308182,-738.6414477611282,-24.320435243148033,-57.84432047792416,-25.067338376548012,-56.547657225635476,115.04475998388604,-10.634186162863832,-52.34708188353693,66.50864197611459
2026-06-17T17:25:38.539000,500,-102.81667550318721,73.26561839931057,104.31512156782061,-734.5556735498091,-23.476789199327403,-55.48699120901608,-26.212586040399536,-56.68909077550579,117.90405167849951,-11.590391405437884,-53.29113749867021,68.09223024974435
2026-06-17T17:25:38.539000,501,-103.23223968322459,72.49315614071304,106.00085519203871,-731.0684129573898,-24.575171949673564,-52.74260852198995,-27.110689801900307,-56.91538836038466,121.80885661786981,-12.23101543301351,-52.70350935559771,68.55579570306274
2026-06-17T17:25:38.541000,502,-104.07837075563253,74.50043132524128,109.73442191374052,-726.3994328747852,-25.139426121914877,-50.47743003430364,-27.4723825803453,-56.15567984359596,123.8723085206211,-11.66073824039967,-54.33795356475245,69.19364633544727
2026-06-17T17:25:38.551000,503,-104.3743629284696,75.30672751673514,111.1830314526769,-717.2780846933176,-24.799777179880834,-44.641011621620635,-28.82049347750719,-56.448652439030795,126.72502373126731,-8.783522543702054,-53.34251772414469,69.55917124351056
2026-06-17T17:25:38.561000,504,-104.30801142537689,74.89794144120657,111.71773748687869,-713.3385904831024,-23.758919226538953,-40.62395667383092,-27.445642770080475,-56.5072460903208,126.9873938575932,-12.933409582550922,-52.401668632276156,70.85941926845942
2026-06-17T17:25:38.588000,505,-105.37299944688621,74.85001331563198,114.59240832699055,-715.3306424971786,-22.797491315259307,-37.714869052991844,-29.09058648950832,-56.03849254101597,128.62554229451567,-14.36536090296618,-52.66497935830357,72.66233823751041
2026-06-17T17:25:38.588000,506,-107.45096604059191,76.95878424464267,120.00382797108963,-714.3910992083544,-21.962065620517205,-35.330487610428605,-28.882167063931465,-55.72531546267001,126.46080894135926,-12.569754756303267,-52.706722774611414,69.65929967150949
2026-06-17T17:25:38.592000,507,-106.84852953761317,77.95960209024017,119.63826936354708,-711.1118185270545,-22.98375060225158,-29.73551787804044,-29.210681710850274,-55.59196110257324,126.55007062048273,-11.3340161737479,-52.051661102493824,70.06799427048263
2026-06-17T17:25:38.602000,508,-107.30929023452097,77.61283833296449,120.25253172079097,-708.6266186402961,-23.411052876517285,-29.176816849609168,-27.74509209025679,-55.94554931623387,127.66978110134184,-11.66861871412049,-51.981017602309514,71.41972860553528
2026-06-17T17:25:38.612000,509,-107.80096443231818,75.52098588395357,122.38689172765865,-707.3017782941729,-24.83538496746358,-25.97221268625418,-27.834295375776215,-55.18988256382437,129.8686991325677,-11.71731670577376,-51.96175087972521,72.59158303075436
2026-06-17T17:25:38.640000,510,-108.91427461640376,74.08036929014945,125.44674132594533,-705.0509909542861,-20.995161397973074,-20.50968890021798,-28.40598319054152,-55.68086473246856,129.87676951674135,-12.291797605079754,-52.006704267172275,70.78153151725287
2026-06-17T17:25:38.640000,511,-108.7709393466049,74.1367551421723,126.63229524484477,-698.9000163903188,-22.84405760755283,-12.45801301781131,-30.192093741022852,-56.43652931538564,132.60389034783424,-11.841194906858343,-53.29113749867021,71.34059745457297
2026-06-17T17:25:38.642000,512,-108.38296659305568,76.45414494506817,125.16935322056413,-697.2487533346092,-26.41037149891031,-8.623938437002067,-30.314778801862435,-56.13951712506403,133.09043375373705,-11.47209287001872,-52.74204280076633,71.95040776331284
2026-06-17T17:25:38.652000,513,-108.10101783167364,77.20405528453917,125.04211700375761,-697.6360770719244,-29.050868207661793,-4.017642810063819,-29.835086993369096,-55.98595828205613,134.58676474886852,-12.817744920913032,-51.43192290440563,72.53790734289836
2026-06-17T17:25:38.662000,514,-108.61442824696314,75.15448844066633,125.70009226241287,-698.42105355547,-30.11090207370206,2.9801023082160896,-30.21108804977034,-55.862709417653555,133.78522617275283,-11.650305884721408,-52.84800977498004,72.2995179724564
2026-06-17T17:25:38.689000,515,-108.306674347408,74.33973754982746,125.10980497085416,-701.1980726384504,-29.92738094234203,7.177648598769679,-30.017265946032797,-56.41026327065193,133.25601255036142,-11.516607540867073,-52.568645745382014,68.6618280212598
2026-06-17T17:25:38.689000,516,-108.590622112935,73.19513835460943,125.83357758553281,-700.1993800874453,-30.50259361929411,10.853104584275883,-28.661466127359972,-57.198257629617714,130.47429563731978,-11.305970391575897,-52.95076333018004,70.77763935826826
2026-06-17T17:25:38.693000,517,-108.58087651213562,73.58700897724145,125.27997483806598,-698.768506564105,-31.368150790354488,14.045360323509811,-28.63278468453712,-57.27907773075466,130.34492668300544,-11.430744650391283,-53.45169466949762,69.74380058610447
2026-06-17T17:25:38.703000,518,-108.80435229060646,74.59628454928722,125.92609203369558,-692.7612104957467,-33.6032592931709,21.747996856138826,-27.70296313177267,-55.66268004700082,128.69664451394948,-11.661362620803718,-52.16083804784675,70.2854039840278
2026-06-17T17:25:38.713000,519,-108.81634838823601,73.4516853540692,126.03121361642829,-691.2009869633929,-33.49095667806727,24.247647701574977,-28.533340683555604,-56.82850669742515,129.61665134797997,-10.468700643653564,-53.18838394347021,67.68262108677357
2026-06-17T17:25:38.741000,520,-109.24709974306315,73.50807120609205,127.68997279733658,-688.9677063784998,-33.58134522484026,27.259535337517775,-29.29195849218768,-57.57810971851965,130.51137260068228,-10.261239038653107,-53.29113749867021,68.69076230232758
2026-06-17T17:25:38.741000,521,-109.48481594865947,74.1903197339769,128.2958210991104,-687.8159074516346,-32.81713510526366,30.642553740458794,-29.681334468706304,-56.78607576466708,133.11154043340298,-10.912245265395171,-52.581489077813394,69.48238755230999
2026-06-17T17:25:38.743000,522,-109.25913123650545,74.22132937955173,127.98508005220978,-685.980604574176,-35.03581173319573,34.47239491934377,-30.84727418128772,-56.355709214248705,137.1287437995279,-12.200238686722535,-53.23012735977806,70.48168795583246
2026-06-17T17:25:38.753000,523,-109.63154898622246,76.63457543359678,129.88674260691437,-687.3647631804699,-36.61079532355155,36.053649397411704,-30.74395791393495,-55.814216923072905,137.26730005432117,-11.9522691255375,-54.241619951830906,71.67931367967877
2026-06-17T17:25:38.763000,524,-109.78605398809907,75.40539897389608,131.92779336032217,-688.2712440577781,-35.906845215520576,37.49538792223299,-30.900014017035375,-56.27488911311177,136.80402844212878,-11.051112142727114,-52.064504434925205,70.92977758598778
2026-06-17T17:25:38.789000,525,-110.25195133634861,74.84719508251698,131.65396963825327,-686.0269575287925,-35.372719578506626,39.242019518302925,-30.752019117748112,-56.49108337178886,136.80632803959907,-10.63099518285633,-52.286068296770296,71.37140265890959
2026-06-17T17:25:38.789000,526,-110.72921846630227,74.88666548164329,133.61151379145065,-681.9573099854852,-33.83060562010131,44.82419271167453,-29.589963456106446,-55.8121949561371,134.1525237778136,-11.503594235607308,-52.60075580039771,70.51345687010358
2026-06-17T17:25:38.794000,527,-111.28027255720107,75.3941230143328,134.31750000792434,-682.2294106178069,-34.37294866510289,45.49296386595921,-29.545057701425044,-55.670761406266784,132.8123561248885,-11.715485681082416,-51.80119715677227,70.58115924301268
2026-06-17T17:25:38.804000,528,-111.29003677912614,76.17786123249363,134.63134529387014,-680.528309715338,-35.65484960571819,46.6705354839107,-29.866877165692994,-56.16982493417693,132.7315445456128,-11.141660384016863,-52.32139177079969,70.67158668917061
2026-06-17T17:25:38.814000,529,-110.63952040496628,74.66676459398836,132.9722756347477,-682.3126909284649,-34.48251312457428,47.98595878482055,-29.680234982047054,-57.14168377577111,133.94890835156787,-10.232083306593386,-53.114530472146676,69.75647435115695
2026-06-17T17:25:38.840000,530,-110.79458629131402,74.13111564883904,134.27582614681353,-684.3210168949321,-34.0305586263457,51.26092792202334,-31.7342006388259,-55.551552136750985,141.248884107382,-11.482060011635454,-52.6328658554134,70.92478286383972
2026-06-17T17:25:38.840000,531,-111.05582104247587,75.51816765083856,134.20091828731802,-686.800749415317,-34.86050800982332,53.320431779930004,-31.620433221156503,-56.07890150683823,141.32163749044352,-12.899342672632564,-51.977807631170286,73.55209398846361
2026-06-17T17:25:38.844000,532,-110.05539617076012,76.73606512387273,132.06768840612045,-688.3071131382654,-36.49575455281568,56.052399931800096,-32.31561221659969,-55.88493369800806,139.2074000683545,-11.986437986763718,-51.74982037917227,73.08261638161336
2026-06-17T17:25:38.854000,533,-110.23907379561035,74.48351587234474,131.9155022370658,-690.0630395562187,-35.15633175628699,59.519457239504305,-29.68691290546542,-56.29509576551532,134.61778431771347,-11.072562251127861,-52.36634860612124,70.4987083591698
2026-06-17T17:25:38.865000,534,-109.33390036227046,73.01752912629907,128.33909544714655,-691.6626623718616,-34.95363765331946,61.2242023483052,-28.874554630948225,-55.89705682165323,132.05863634919024,-10.285454451099989,-52.75809955221142,68.93086280773672
2026-06-17T17:25:38.889000,535,-109.58740922423056,72.79481000552913,128.4337694672081,-692.9884559096122,-33.70186818902243,62.5343043203448,-27.906890282566287,-56.563819944167406,129.01656148814214,-11.061567621515458,-52.78057624593495,68.45632728326864
2026-06-17T17:25:38.889000,536,-110.42415264496975,73.80408860467814,131.138663103889,-692.3718873750732,-34.468816464231274,62.702551300830976,-28.620322477330493,-57.32756805584288,128.86358786638735,-11.275979346243773,-53.01498688808589,67.56971523454845
2026-06-17T17:25:38.895000,537,-109.30333722933887,73.61238215658626,128.41570834330483,-686.2049212896336,-32.981483265016195,64.84429774749435,-29.536485773126515,-56.664846697707894,135.25717848725125,-10.867856519900851,-54.090699590170125,69.35677087666237
2026-06-17T17:25:38.905000,538,-108.68206683752433,71.76016125413857,127.07846844840762,-683.1773802887403,-31.255848175250847,65.54996138611423,-30.843405269079568,-56.525430775788536,137.82930645596846,-10.25148155709356,-53.48380472451332,67.88819178672568
2026-06-17T17:25:38.915000,539,-109.15425891424746,73.02034735941407,127.80254600820115,-681.4825633841571,-30.58476769917039,67.38701689432301,-30.517935492976008,-56.42642815867629,137.5843723697516,-11.86887468905379,-52.62965588427417,70.54212014358305
2026-06-17T17:25:38.941000,540,-108.76662708747756,76.80936642879212,126.8370935130483,-679.7245250032621,-30.247856912768576,70.51061281270228,-31.076549522528175,-57.09117148374708,135.795955596061,-10.60688495947342,-52.671399300582024,68.65094137743183
2026-06-17T17:25:38.942000,541,-108.31805588293886,76.09046573489596,126.00220334412982,-679.2677780144359,-30.247856912768576,72.8591690655424,-29.20654318390926,-55.8121949561371,132.50236286721918,-11.232413716061231,-53.162697278607446,68.89648709478318
2026-06-17T17:25:38.945000,542,-108.23920433565019,75.50689169127527,124.6813206973668,-680.71716368404,-28.8892611446324,73.39273863037619,-29.98350863446414,-55.58792150768646,132.531833038521,-11.40963601318047,-53.00535352679374,69.63127579966033
2026-06-17T17:25:38.955000,543,-108.1747879185092,76.12429664068901,124.39671745940721,-681.9109178591294,-28.20448400820892,74.21338327052092,-28.81691802310221,-55.84452473218581,131.92610148768966,-10.603964003113655,-51.78514040532719,69.19527504616403
2026-06-17T17:25:38.966000,544,-107.93685059518003,75.92413246614888,123.25715975672799,-682.6014138314686,-27.073234567003144,74.55410632865369,-28.42352135846292,-56.04051233845936,131.78663858088441,-10.348187935435455,-50.97915837154882,68.49783943977776
2026-06-17T17:25:38.989000,545,-107.67317333881078,74.7344264055745,123.07040113742241,-677.6479173779998,-26.059766993256392,75.89468838347383,-27.652259768619583,-55.93746578747548,127.04280943406356,-10.3488385875054,-52.15441465769383,68.65575985948276
2026-06-17T17:25:38.990000,546,-107.98070449438248,73.12184007679329,123.12696978016292,-671.6586898518138,-24.93125570768287,76.2895001455571,-28.88527385588279,-55.98393848461274,129.60173574829577,-10.442452951922215,-53.448481250483916,68.5152779672661
2026-06-17T17:25:38.996000,547,-108.24227143110986,72.54108123918438,123.85263316175622,-665.4778030519009,-22.172977131472365,76.03523057393889,-29.149565905249162,-56.76384931482015,131.3548558179614,-10.632617354761503,-52.69708941331926,67.06741608982223
2026-06-17T17:25:39.006000,548,-107.49336714532751,73.00907139985081,122.31676640749458,-650.380518683854,-16.793374818117876,78.74814842770678,-29.3364463338884,-57.32959002277869,131.00887003120187,-10.173658380811204,-53.92051250592503,68.10320442944872
2026-06-17T17:25:39.016000,549,-107.21423954573613,73.82664052380468,122.10277456108679,-645.1972114589063,-14.813003021826988,79.91519707109228,-30.0137870547304,-56.91942795527143,133.06781095652264,-10.92412268630419,-54.07785280986427,67.35439452586706
2026-06-17T17:25:39.041000,550,-106.9894471042316,75.03608329749385,121.4887033113527,-638.4544215075906,-13.53384023684393,82.14510059869244,-30.304558607826888,-56.396120349563375,134.06228511881392,-11.127952319284416,-52.78057624593495,69.22289815832804
2026-06-17T17:25:39.041000,551,-107.04401627257604,76.16376703981534,120.64976976934207,-634.5336751895558,-12.810717157205461,82.50830873587367,-30.195881535312708,-55.16159672164728,134.23104714961684,-11.977338537929672,-51.15255887480761,72.12668937256458
2026-06-17T17:25:39.047000,552,-106.32952664302677,77.57337096094139,118.3712221933683,-624.2074966316713,-9.507357380361142,83.3315168251182,-28.360893261983527,-55.965753799145006,128.7315850802576,-10.53627902601339,-51.403022820529166,69.67912600341488
2026-06-17T17:25:39.057000,553,-106.81120418607279,76.56409236179239,119.96110024916115,-617.0900972398773,-8.581540197755142,82.98948988342923,-27.31151166833815,-55.87079077691952,126.67612562223559,-9.670575397640961,-52.67782269073495,68.13876193393176
2026-06-17T17:25:39.067000,554,-107.33294011663845,74.77953327093084,121.001182395071,-610.0803546297013,-7.201033302379226,85.29308841320193,-27.33060320251041,-56.266807753845804,125.0309457674578,-10.284015360848262,-53.573714947281935,67.64170238184218
2026-06-17T17:25:39.089000,555,-107.1382958080406,74.10292423637924,120.46893495716861,-604.0850153937599,-7.778984134963553,87.00937489475425,-27.850295256728735,-55.943527349298066,127.14655423163339,-10.951138079927249,-52.671399300582024,68.58681329319613
2026-06-17T17:25:39.089000,556,-108.48685919747456,73.05136003209215,125.51501759237968,-585.6248000486322,-6.694298044960399,82.40912922676569,-30.337378271138082,-57.27705576381885,133.3648834792098,-10.515765627452492,-52.989296775348656,70.33720874861497
2026-06-17T17:25:39.097000,557,-108.55497217294611,72.7750763195176,126.0156933902778,-580.2069666391355,-6.151954999958817,81.9275064145611,-31.07822003275782,-57.0224745062553,136.60386064053375,-10.18175589524472,-54.228776619399525,68.18981437130988
2026-06-17T17:25:39.107000,558,-107.85577473945047,73.22051153395424,124.64651558226271,-576.2613740658314,-2.0432980635997593,82.6484322533486,-30.488029834383,-56.41632483247451,136.65843290921703,-11.308037010787489,-55.03154523416419,71.59229886957779
2026-06-17T17:25:39.117000,559,-108.43820295407495,74.32846159026418,124.52926813657244,-569.9545465282704,0.39998085344866946,83.23978121574484,-30.54051982352002,-56.513307652143375,135.79486033444437,-12.381437501477738,-51.81404048920365,72.49502581459313
2026-06-17T17:25:39.141000,560,-108.33225499458158,75.94386917926364,124.67273646593591,-556.053653966725,4.456595186249726,85.08232022956236,-30.25584616852607,-56.329443169514995,131.5937576835412,-12.125386549181675,-52.53974566150555,72.98348207447636
2026-06-17T17:25:39.141000,561,-107.46359613440009,78.44450770380313,123.28881899951159,-545.7954846468016,5.365977552880471,86.3648881631405,-28.6802233428402,-55.86877097947613,130.7842469567697,-10.62672522679495,-51.579633294927184,70.33503731950078
2026-06-17T17:25:39.148000,562,-107.33696886053454,79.85975111826244,122.01782619609837,-539.7816712814966,5.7905387304230285,84.75154310252387,-28.135482419031106,-55.08481621539711,129.36380573693418,-11.523523568670353,-52.472312132460466,70.33975155820586
2026-06-17T17:25:39.158000,563,-107.79186179523253,76.45696317818317,121.90548050460254,-535.848910886959,8.31051541608325,83.7300643914337,-29.01751642740891,-55.26666090058211,130.2976689102571,-11.438395885438743,-50.9213582037959,71.28810754775255
2026-06-17T17:25:39.190000,564,-108.24730793380633,74.60192404262048,124.1633169811357,-527.3034401701676,10.531930199647562,82.94812419665345,-29.21645015201942,-56.40218191138596,132.82058320983003,-12.508830154692614,-52.652132577997705,73.03657756666576
2026-06-17T17:25:39.191000,565,-108.5137166915509,74.29463068447112,125.52540908842337,-519.8668622436923,8.954205512568594,81.83110864679614,-30.17276731602044,-56.214275664378384,133.2114232500383,-11.186930425930964,-52.825533081256495,71.63690399513959
2026-06-17T17:25:39.191000,566,-108.59738770481053,74.55117768393087,125.95376977484212,-512.1504105513795,5.760410195195666,80.64612579692789,-30.150399954751897,-56.21023389999919,133.97462127510096,-11.583126436588797,-53.104897110854516,72.27925727405413
2026-06-17T17:25:39.198000,567,-109.2954042321426,75.65067001379256,128.1149087453042,-503.0270320590284,-1.3229131395935356,79.26884715137845,-31.162022918408532,-56.77799440540112,137.26782130234758,-12.133621849726977,-52.47873552261339,74.04341160282209
2026-06-17T17:25:39.208000,568,-108.79641647186645,74.01552873878157,127.02758645985365,-499.76802002528024,-0.5121396688143143,78.7325654684772,-31.312193495810632,-57.430614606826744,136.42210778219257,-11.779750776704777,-54.07143286758581,72.71202529259848
2026-06-17T17:25:39.239000,569,-109.02074341791612,71.47824107533401,127.84987491141482,-496.8327366437544,3.870426945677773,77.94383263458504,-30.34199624380702,-56.59614972021612,134.28088030030537,-10.367638698802457,-54.65263762050538,71.02693959389623
2026-06-17T17:25:39.240000,570,-109.60180417759355,70.6634871573919,128.54725685407428,-494.0179485302361,8.767946225576315,78.05832197415407,-30.239647546305413,-56.755767955554184,132.2806559047204,-10.806399810918771,-54.77787131730341,69.47320884756485
2026-06-17T17:25:39.240000,571,-107.67728708291577,77.69177913121713,122.4585411540089,-498.08889808568364,9.044594059341586,80.4311537301178,-28.99124065020711,-55.57175661966211,132.92529825231992,-12.729158066105901,-52.18652471270951,76.09110792911906
2026-06-17T17:25:39.249000,572,-106.50456064094404,79.80336526623958,119.23478673672977,-504.33775717950664,8.425559127910027,78.78753896910787,-28.955031552935065,-55.129266945598566,130.77424666141718,-11.529932705494474,-51.95211751843305,72.52179244660323
2026-06-17T17:25:39.259000,573,-106.33938564565005,80.51380520658425,118.155789471348,-510.99910335199826,9.20346296673874,78.55344588004007,-27.199325691945752,-54.58373289004358,127.48801605504123,-10.62910597705701,-51.57320990477425,69.97366677672889
2026-06-17T17:25:39.289000,574,-105.60400453762178,78.74616156861923,115.39468909283448,-515.5213358916326,11.038662515975485,78.8871283654108,-27.31567990140234,-55.41819994614662,125.0180250324756,-11.550785144760274,-52.32781516095262,69.75384811424433
2026-06-17T17:25:39.290000,575,-106.09965482739605,73.86328966271277,116.15727444319344,-521.6543922976164,13.805158500173611,74.9365701844522,-28.077091765464182,-56.20215254073322,127.78097464296424,-11.863841511202939,-51.36127940422132,72.13947207368977
2026-06-17T17:25:39.290000,576,-105.46694431455236,74.26079977867805,115.01330105770757,-526.1120704576564,12.005566738519619,74.26262830635241,-28.576357725069656,-55.79603223760517,128.77873243152865,-12.413519007202341,-52.74204280076633,74.01750464685027
2026-06-17T17:25:39.299000,577,-104.43231391675457,74.26643927201131,112.32443824904061,-531.8405732483757,11.770003003601579,72.93924735014576,-28.28312507807169,-56.41228306809532,129.2526763508733,-11.50466732588247,-53.00535352679374,71.71378507279383
2026-06-17T17:25:39.309000,578,-105.07722965737884,71.37956659106983,112.27521946807775,-537.6497559171072,12.109651945635626,70.13904586907827,-28.794303986434983,-56.45875576523257,129.42142186602044,-10.275478904019158,-54.569150787889704,68.70150194864149
2026-06-17T17:25:39.341000,579,-104.41428531145492,72.72996945416126,111.27562332658579,-558.2070040437391,13.457292150151941,69.82251850511315,-26.997532422122582,-57.40838815697981,124.92578445984728,-11.81294756335539,-53.20765066605451,70.43463490721955
2026-06-17T17:25:39.341000,580,-103.4440053262779,75.67322496002237,107.08911239517218,-566.9312865462483,12.599952387079199,71.73038947074153,-27.104306876400003,-55.78188931651662,122.91146963403621,-12.05679574687499,-51.79798373775857,71.99520616493942
2026-06-17T17:25:39.342000,581,-103.18825594682205,77.2237889705507,106.47034226424998,-575.0578187280183,12.495867179963192,68.81011706253119,-26.783699843333686,-55.00803787863938,121.55862102537398,-11.466684261918621,-52.08377115750952,70.6376790399267
2026-06-17T17:25:39.350000,582,-101.64264834600537,75.77189641718331,101.919548184766,-586.5208912251932,14.136590034220033,67.10223850600542,-26.98099585311347,-55.373747046452756,122.44229948667092,-10.051841937968096,-52.401668632276156,67.03631436914631
2026-06-17T17:25:39.360000,583,-101.14789845977637,74.60756353595373,100.5505559511613,-605.2159616016564,22.107384608400242,65.54675529090818,-25.867959719711855,-56.53149233761112,121.13322068381028,-10.556600630718899,-53.04067355294866,68.6604156858459
2026-06-17T17:25:39.392000,584,-101.46388972745339,73.89994182872408,99.9804475263329,-613.8152951632784,24.367145335179544,65.0191850145215,-24.874383925395982,-55.90917994529839,117.93231399475575,-11.021830955381573,-51.48329968200563,68.83334864813217
2026-06-17T17:25:39.392000,585,-101.09308895203128,74.52580450458608,98.65733329913763,-617.9073175728745,23.81932303782258,60.790221714395045,-25.300212352941575,-55.2141288111147,115.70037504370978,-10.558227282726316,-51.38696606908408,69.05522203409566
2026-06-17T17:25:39.393000,586,-102.10225678602887,77.60438363361945,102.78293701906722,-627.8388209528687,18.346594022062856,55.75047639058943,-25.91238850503572,-56.137495158128225,120.73062012375966,-10.636569343610917,-52.48515546489185,67.71353900723933
2026-06-17T17:25:39.400000,587,-101.49524976336113,75.55199855663162,101.53208067583012,-631.4509159587706,17.842599861367177,50.85247689132831,-27.391327447090873,-56.48098004558709,123.84395093792826,-10.278706273570961,-53.191593914609435,68.85868350649815
2026-06-17T17:25:39.410000,588,-103.25026108191443,73.31072526466691,105.95045331420349,-636.9934709298457,16.897606766062776,46.55247446403402,-27.020445779645797,-56.34358609060354,126.47292614819706,-10.11755981667957,-53.19480733362313,68.26751374862808
2026-06-17T17:25:39.441000,589,-104.3783936457031,71.63329535741458,109.76147997523893,-643.041375185554,16.086833295283554,45.37693720129107,-29.30688889905678,-56.52947254016774,127.79526562207134,-10.964887177636625,-52.4980022451977,68.47911076885941
2026-06-17T17:25:39.441000,590,-104.1669440140704,74.47787940611474,111.48225513418278,-655.1632129951832,11.531701113051298,44.24691033075152,-29.48240572935596,-56.53351430454693,130.42236288876336,-11.965556157741204,-53.77922205768194,72.0855993297125
2026-06-17T17:25:39.441000,591,-105.07425433000445,72.80890722531066,113.61051678575177,-658.1363738173595,13.446336586532071,41.56443442325232,-29.49992597572269,-56.731521708263855,130.26827099008815,-10.441625911248574,-53.61866833472901,70.5066965901525
2026-06-17T17:25:39.451000,592,-105.65365829925605,72.98933468673603,114.20885634775925,-660.9550412305344,16.136137743209318,40.6906343145732,-28.823385420683906,-56.07485974245903,128.32950007992196,-10.873597812858936,-52.857643136272195,70.43717759776183
2026-06-17T17:25:39.461000,593,-105.60609762250027,73.97042187342522,114.05964475412529,-660.4711302717874,19.1847608135281,37.805154220133886,-26.867008112005504,-55.864729215096936,123.70763581335524,-10.859158772981992,-52.051661102493824,70.3770872922309
2026-06-17T17:25:39.491000,594,-107.3082557003562,77.42959263842411,120.09903263539803,-668.6434720156293,20.22835986359312,33.315445767695905,-26.20337424458466,-56.058697023927095,120.69878107376803,-11.538766145242935,-53.098473720701584,69.34225967610418
2026-06-17T17:25:39.492000,595,-107.22267383010596,78.45014417003314,120.61663815474887,-671.7884679110208,19.724362761806535,32.23690990969894,-27.138261298139767,-55.854625888895164,125.67089013732033,-11.263118207538923,-53.34251772414469,71.33836761311684
2026-06-17T17:25:39.492000,596,-107.62367374276022,76.03126467686133,123.00769219442489,-677.2962667600423,21.852647901874708,32.60722658983207,-29.700064454433793,-55.9354459900321,134.25282095073274,-12.694491437435378,-52.27001499319969,73.31438220014189
2026-06-17T17:25:39.501000,597,-107.67230529712239,73.49115575319551,123.50038827386409,-682.9580450351796,23.222199233630757,31.80464398507138,-32.215817789419674,-55.814216923072905,140.93305212903007,-12.812380420215668,-53.10168369184081,74.3675755794936
2026-06-17T17:25:39.512000,598,-109.67393110917858,75.21651075891921,131.03714053604568,-687.9818817986605,20.10783689941096,25.666674836935954,-32.88016487419195,-55.77986734958081,141.43054442051675,-12.4126867683557,-52.250748270615375,74.44265648946174
2026-06-17T17:25:39.541000,599,-109.59327639946527,76.5753713484589,130.56267575647064,-690.9553959295832,17.23725570809682,24.115693395149947,-31.695792956624217,-54.95954538405873,138.0435487214124,-13.055410686596488,-51.62458668237425,76.04202508160603
2026-06-17T17:25:39.542000,600,-109.96627622865863,76.47669686419471,131.48708958449697,-700.9890664873626,16.88938935807515,19.32598932286416,-30.347497885585735,-55.61216775497679,135.38581672720753,-13.175924419623188,-51.81404048920365,76.79306940032203
2026-06-17T17:25:39.542000,601,-111.24462891144523,70.83264168635722,132.42783044124093,-713.8502700203312,20.606354748842158,17.026227323194206,-28.95989495829449,-56.448652439030795,132.22909580953657,-10.944543811832501,-55.56458662849745,68.86539405634021
2026-06-17T17:25:39.552000,602,-112.21811094956486,72.41421836956363,136.17916785101514,-731.7119914831757,29.374229074549476,12.178096508955917,-29.18215624337635,-57.91553304415593,129.6198056298602,-11.011037930765085,-55.725140351450385,68.4065858053447
2026-06-17T17:25:39.562000,603,-111.68213539126091,74.1367551421723,135.5457558015414,-730.8837082810998,30.037092142642315,13.453135450852983,-29.844619783192588,-55.994041810814515,130.33569960288392,-10.419128266167768,-53.297560888823135,71.93612652246689
2026-06-17T17:25:39.593000,604,-110.74435291109334,76.5753713484589,133.63431562561365,-730.2872699753755,26.799468688608105,14.097323801591784,-30.177046556077237,-53.668447902296016,136.08254635501183,-13.659873888567628,-50.34015345087632,77.7511803007744
2026-06-17T17:25:39.593000,605,-110.13443470556571,77.95396562401015,132.33000606076658,-723.571346816901,27.355508393952697,11.764634252488122,-30.073032607539474,-54.95550578917196,138.3999369718488,-12.586820844046388,-50.160333005339076,75.99357752716861
2026-06-17T17:25:39.593000,606,-110.40014170168618,77.15049069273455,132.93687208322734,-725.6677230348567,29.782355436116784,10.168728438000073,-29.936089711763913,-57.08510992192449,136.71923091186665,-11.144247249842136,-54.203086506662274,70.35957012054868
2026-06-17T17:25:39.602000,607,-110.7702286010036,75.91849599991885,133.44143175879154,-731.1241376825541,30.713648929987265,7.65495555776738,-30.561397014901367,-56.95579732620692,134.19503080726116,-11.317377004312235,-54.16455306149366,69.47491711514589
2026-06-17T17:25:39.613000,608,-111.6886434438824,75.37156806810302,137.38044792454193,-733.1187117277885,27.380160617915582,6.245012059323983,-31.297633557195542,-56.432489720498864,136.18548385939445,-14.224025234439313,-53.165907249746674,75.0003826722914
2026-06-17T17:25:39.642000,609,-111.22766604955993,74.8077277104939,135.56298454739482,-736.3743814679985,23.51802298009443,6.035457374410129,-34.63068201287529,-56.03849254101597,147.4472885451209,-12.893189396550543,-52.44020207744477,75.8167905863877
2026-06-17T17:25:39.642000,610,-110.87621277703985,73.92249374785062,135.25664351312307,-737.6384981189668,24.572577593779314,5.285327356970441,-32.629182163191096,-55.27676422678389,145.07432213185382,-11.51077209913172,-53.07278705583882,76.32683607804277
2026-06-17T17:25:39.643000,611,-110.18534972693297,70.16448735115065,132.19779619711886,-741.0592318855876,27.791025135115124,5.438892889261268,-31.00541927893854,-56.547657225635476,138.1497793187973,-10.155341626050296,-52.54937902279771,72.42680095513857
2026-06-17T17:25:39.653000,612,-110.35550838193518,69.74724354917382,130.83265259021493,-743.4160207185664,29.1879697875572,5.4756875746331275,-29.41533289478901,-57.34373294386723,129.15161382298632,-10.262426748264938,-53.368204389007445,70.23197815923781
2026-06-17T17:25:39.663000,613,-110.43124033008681,77.08282888114842,130.22740284074393,-760.6034083896163,23.19480885403564,2.1206862339853956,-26.905471222487595,-55.91119974274178,122.68755482131179,-13.491770064158162,-52.603965771536934,72.33968925235514
2026-06-17T17:25:39.692000,614,-109.60167050705037,80.39258183029675,128.15374732819546,-763.7916353827601,19.475105307636387,-3.5792886202746956,-26.839525378266032,-54.31702850883487,125.03989194145137,-11.981309080586634,-51.993860934740894,73.71652034177642
2026-06-17T17:25:39.692000,615,-109.5231771213044,79.40585817737754,128.12649378698165,-765.4212177003741,21.477391172257914,-5.981963393161266,-29.38519875628532,-55.066631529929374,132.31354098049957,-10.19623942339228,-51.393389459237014,69.8260438672784
2026-06-17T17:25:39.693000,616,-107.04959049140103,73.84355597670123,122.90089711118121,-766.6783537460477,26.596777526731483,-6.080209599356266,-30.71678571428,-56.28701223675693,140.0385170786725,-13.331334533726945,-51.981017602309514,74.4262879500441
2026-06-17T17:25:39.703000,617,-107.29607154068208,72.09000955851774,122.82117099979317,-763.0201103783786,31.69424981287441,-5.709613394943261,-32.07475162893622,-55.84048296780662,139.58032692776624,-14.105514945680746,-51.59889656963701,77.55421965951984
2026-06-17T17:25:39.714000,618,-108.09830227812196,73.08800917100021,124.6629186041045,-764.2969051930571,29.020883472172418,-6.782619603665296,-31.521407256657245,-55.08279641795373,133.74775922902538,-12.307772048740155,-52.17368138027813,74.97177311842702
2026-06-17T17:25:39.741000,619,-107.81380841590645,75.62811506756277,123.70408214772179,-770.7229482418877,26.0736074533374,-9.585829536033174,-29.697574225749143,-56.21023389999919,131.26077923997568,-12.007868516548356,-52.449835438736926,70.1415764312804
2026-06-17T17:25:39.741000,620,-106.40652461054044,75.29826979028687,118.15010846614749,-780.0310167403197,23.082506238932005,-13.312362628451098,-27.828001907617463,-56.96792044985207,128.3110605120661,-10.373711007869193,-55.31412268277591,67.17624119972477
2026-06-17T17:25:39.744000,621,-106.47089493122667,73.20077784794269,116.41270736997214,-798.9404569422661,26.887122020839765,-18.53503033190023,-26.746147060374106,-56.74970639373159,122.10258056076063,-9.973918859995058,-53.1691172208859,66.28787493337103
2026-06-17T17:25:39.754000,622,-106.53823544509527,72.594645830989,117.18049349892621,-801.2417354202627,28.14710889312442,-20.739811098282132,-27.864275170027998,-54.55948664275326,123.5076736996741,-11.468321062269526,-52.05487107363305,70.72120768140283
2026-06-17T17:25:39.764000,623,-106.02545602728063,75.42795089302263,116.16497982356893,-802.8792354146315,26.887122020839765,-20.545221487779713,-27.655807024496895,-54.55948664275326,125.23581885777436,-12.346358889683284,-51.12686876207037,73.06340340463953
2026-06-17T17:25:39.794000,624,-104.9244521106548,75.83391873543619,112.48187712288566,-795.9948178009795,24.547925369816433,-25.697064345556782,-27.079979837517254,-54.963587148437924,126.05452555379232,-9.459521785123645,-51.81404048920365,68.90088367262665
2026-06-17T17:25:39.794000,625,-105.51608973064495,73.6349340757128,114.1487860423722,-790.3568931482749,26.843296825269388,-27.85430505171172,-26.841867971024975,-56.33954649571677,124.50029751007173,-10.486506582073448,-51.74982037917227,67.30694907130375
2026-06-17T17:25:39.794000,626,-105.96269778692779,71.55999707959843,114.94352192831886,-779.8365060824049,29.77139693140601,-26.24001133551269,-26.97460679062702,-57.15986846123885,123.71118223417719,-10.703986816748875,-54.06179950629366,68.10430300310608
2026-06-17T17:25:39.805000,627,-105.69174107695255,71.75452176080532,115.9937822144786,-768.2602268882445,28.71136600645664,-24.65644229374601,-27.699171320997493,-57.00630961823095,124.67299297498036,-11.118367300966693,-54.87741490136418,69.71479575890353
2026-06-17T17:25:39.815000,628,-106.59810789159033,75.57455047575817,120.24385427754959,-757.8599723669937,23.939846002004746,-28.97970731836429,-31.450166851348335,-55.20402548491292,136.69787442357304,-12.714561324298113,-52.81910969110357,74.11399568110699
2026-06-17T17:25:39.842000,629,-105.29926987614624,76.40903807971183,116.16060465309876,-760.9335261164414,27.602027692490605,-28.8776587094938,-32.27272488945663,-56.04253213590274,141.5129941641242,-11.82737427240641,-53.740692060387794,72.68354661295089
2026-06-17T17:25:39.842000,630,-104.91499715361687,72.67640486235665,114.2442438414869,-767.1558405407416,32.72689035822866,-29.145484924294266,-31.557042342098097,-56.78607576466708,139.54530978262895,-11.340714912835896,-54.87741490136418,70.44157886833213
2026-06-17T17:25:39.845000,631,-105.46416600284846,71.15402923718487,114.986956159396,-775.911499863331,35.25234629624426,-30.741160423732765,-29.207533477624107,-55.775827754694035,129.69852843861239,-12.051509138767067,-53.27829416623883,70.71208818262139
2026-06-17T17:25:39.855000,632,-105.64792153428732,79.43123135672234,114.91165037474845,-784.1721720330553,31.63398980132878,-33.357851843218214,-25.185027625816225,-55.61620734986356,115.33781166629399,-12.156055675923579,-50.420430312352785,71.9716830238786
2026-06-17T17:25:39.865000,633,-105.93308606186693,82.28145187165251,115.39984394188045,-781.4025424791437,28.325150772129074,-35.7617860937014,-25.467268956776408,-55.028242361550504,117.44697708328339,-10.278812150240682,-51.393389459237014,69.51085376966817
2026-06-17T17:25:39.890000,634,-105.51126444442647,79.14367168458452,112.90619416448402,-778.3423935166494,28.17724036944269,-38.889068411943356,-25.225533884699747,-54.40188820485858,122.42394732498855,-10.80462663013259,-51.7722970728958,68.41636552178056
2026-06-17T17:25:39.891000,635,-105.4923943251386,73.24024521996577,114.54912844585506,-773.3454491379941,29.456400213334845,-40.665730996008705,-25.463595614624438,-54.945402462970186,122.91180684883739,-11.03680845847686,-50.96952501025667,70.27673929304477
2026-06-17T17:25:39.896000,636,-106.85389976047918,74.40175986808033,119.34722591176433,-754.4868369040676,26.829600164926372,-38.02866973271779,-28.4171837077716,-56.81234180940079,126.43361021319112,-12.575971718404123,-51.67275348883503,73.04697075708175
2026-06-17T17:25:39.906000,637,-106.99444437777224,75.1657644002296,120.87659483706665,-743.1965083943562,22.345686498950524,-37.92092325981042,-30.727545228763375,-56.49310316923225,131.29223833898504,-13.944235696512983,-52.6328658554134,74.11219642609127
2026-06-17T17:25:39.916000,638,-106.50506726081252,75.20523479935594,119.94936128511176,-735.524745502492,17.67277539035015,-35.230818888215396,-32.160655028818525,-55.28686755298566,138.9995718977985,-12.59782814168763,-53.26545083380745,74.28086883535096
2026-06-17T17:25:39.941000,639,-106.10700589335761,71.21323332232275,117.0689212935637,-730.0473614306997,17.68373095397002,-35.253558830880195,-32.355631352654164,-55.476793597436625,142.32054250822665,-12.022360787362896,-53.962255922232885,71.46652331829887
2026-06-17T17:25:39.942000,640,-106.18024454438847,71.45568612910422,116.98458850774593,-729.7042831196422,24.821837989040368,-32.76942495192941,-28.939418064791877,-57.919574808535124,127.48211294348893,-12.02001792152197,-54.24804334198383,71.837761369057
2026-06-17T17:25:39.946000,641,-105.48026059672407,74.55681717726415,115.08638539900129,-733.1673576119753,24.134322696984647,-26.53676269986653,-26.67393259235832,-57.22856543873062,119.66946081364362,-11.85268422948928,-54.47281717496814,70.05761354235601
2026-06-17T17:25:39.956000,642,-105.176438213386,76.71069194452792,114.27331625696867,-736.6510724696587,22.40868466612839,-24.38604694564677,-25.501059635083987,-54.81002830543002,117.17355766590411,-12.228933715288015,-53.34251772414469,69.92995838557538
2026-06-17T17:25:39.966000,643,-103.48742444428875,77.15049069273455,105.58841741674308,-744.2937184093571,23.107158462894887,-29.27398774468628,-26.111467389201547,-55.30101047407421,121.65964971061291,-10.25858097328812,-51.24246909757623,68.6717571374723
2026-06-17T17:25:39.993000,644,-103.69282594582944,76.84319430748195,106.70111424198942,-742.1589877690916,24.27949494403879,-31.540735542742283,-25.09085343253968,-56.23852191166871,119.96860830959665,-9.370605146011764,-51.35164604292916,67.67633643064505
2026-06-17T17:25:39.993000,645,-104.39864216046837,76.19759794560841,110.17184125336799,-737.5340577046368,20.135230220096982,-30.967054763751918,-24.595648898442164,-55.39799329374308,117.74277246970546,-11.569909916319054,-51.11402542963899,69.07146231825898
2026-06-17T17:25:39.997000,646,-104.68791239090386,75.98897604461999,111.75355927766263,-727.4090702153995,15.106232412396409,-31.760687029190308,-26.113010784932104,-54.90499349714793,118.43712728182543,-12.054942623882152,-51.36448937536054,70.91862371462798
2026-06-17T17:25:40.007000,647,-105.55145263389417,73.6574890219426,115.18810360240157,-709.485815616029,11.241356618943016,-25.948590095175803,-29.71990341796975,-56.600189315102895,134.22419488517966,-11.23438286406724,-54.30584006186229,70.31396210149104
2026-06-17T17:25:40.017000,648,-105.51810468261351,70.61274382580554,115.54145752857339,-709.4565099292568,11.876829307440731,-25.162036642877496,-31.138072964137006,-58.05898856096206,137.2918887639393,-11.66680590603382,-54.27373000684659,71.91928123710674
2026-06-17T17:25:40.043000,649,-105.35586878424186,68.26434135023162,115.74177851424336,-717.6822953114137,13.942113339240128,-28.789157649569432,-31.471636159066662,-57.713483876059804,136.07825839248747,-12.328119339906143,-53.83060228315641,71.14168267217747
2026-06-17T17:25:40.044000,650,-105.83795970106213,70.34209960656425,117.17321061413327,-729.5772418952545,15.09527684877654,-27.348652987146465,-31.877479801198774,-57.14168377577111,132.90606654914956,-11.493954961543404,-54.880624872503404,68.17423521747132
2026-06-17T17:25:40.047000,651,-104.94539423280553,79.07882810611339,112.54824795727981,-741.4288067280207,10.40318982747777,-22.17597887395584,-28.604638993515316,-54.20792039602843,127.56664063027564,-13.338903396082689,-51.62458668237425,74.38458821326839
2026-06-17T17:25:40.057000,652,-104.47099985594312,79.19159678305587,110.08776593460735,-740.5163278502283,11.937089318986361,-23.7642173107742,-25.438534777513993,-52.8016554091291,118.81399190303917,-12.03223493787628,-48.42313524098433,75.74250683156119
2026-06-17T17:25:40.092000,653,-104.08512039968448,78.82509933976864,109.05847901472075,-740.0188903941909,15.09801500440878,-23.943672642862026,-22.56406517032341,-54.77568090143035,111.90982858502518,-8.49835630711773,-48.24010482430786,67.67940559723884
2026-06-17T17:25:40.092000,654,-104.5405988084685,77.06027393491863,109.73758798428588,-745.3609998135298,16.919520834393417,-22.18047252356908,-21.569932440457684,-56.870937630183214,109.2938666549449,-12.340525793760825,-54.82603812376418,67.57574155482763
2026-06-17T17:25:40.093000,655,-105.53484758680699,75.77753288341333,113.64129319288924,-751.521422224265,12.386302720491802,-24.403002178702394,-26.827655104445284,-56.062736618813865,121.97601512495072,-11.66385696559382,-53.162697278607446,68.69865842375565
2026-06-17T17:25:40.098000,656,-105.95182833085914,74.23824483244826,115.49851397286307,-749.2460977320699,10.238844608816134,-23.38286782331315,-30.95523039186875,-55.333338080630504,131.94933511105572,-11.037135168355846,-52.472312132460466,70.3556991060864
2026-06-17T17:25:40.108000,657,-105.32065246540358,72.80890722531066,115.5257001494773,-740.9771343019607,7.97634572640459,-23.625565418007596,-32.211873713328224,-55.37172724900937,141.2323130163737,-12.403222725221566,-51.650276795111495,73.39790215938511
2026-06-17T17:25:40.142000,658,-106.55095694633495,69.7416070829438,119.56979634061693,-735.6085267005606,5.834363925993404,-24.486152739838616,-32.50840902878636,-56.549677023078864,143.538041360261,-11.677548130197774,-54.04574275484858,72.64745507230336
2026-06-17T17:25:40.142000,659,-107.48114864302536,71.37956659106983,121.67793093576418,-723.4200869682041,5.935710977477169,-20.728939072254207,-29.45110615752565,-56.64262024786096,128.39603422866517,-10.86993683194987,-54.49208389755246,67.98260329197329
2026-06-17T17:25:40.143000,660,-108.29319215973503,72.65948940946012,123.05093616720295,-718.1351477057586,4.998938231251302,-19.529898530658272,-27.837222440290432,-56.41026327065193,122.78730909151588,-12.13699267363178,-53.94298919964858,70.16384212305258
2026-06-17T17:25:40.148000,661,-108.0775112875991,73.34455617045998,122.98160066269304,-720.7632513735148,4.609984841291495,-17.435978598467983,-26.06908522994369,-56.963878685472885,122.31392483922518,-12.696224303315393,-54.67511431422893,72.79509044404327
2026-06-17T17:25:40.158000,662,-107.59443346767284,75.33210069607992,122.01637529929414,-725.4761863715903,10.78118765381771,-16.698069767606768,-28.677531681046542,-56.19204921453145,128.4859911702004,-9.835973593989095,-54.85493820764065,67.25632061189746
2026-06-17T17:25:40.193000,663,-108.23566929775481,76.0453588695396,123.94952177533698,-725.7499801190074,12.531474967545941,-14.738567937727936,-30.017081772156253,-54.6968805977368,133.4509957668028,-12.138832440990072,-52.042027741201665,71.86298330184422
2026-06-17T17:25:40.194000,664,-107.3487118178853,76.85729152726347,121.76566288455032,-725.0091036431714,12.08774081839589,-13.574101428674425,-31.645675572821958,-54.48675007037471,137.53619686896388,-13.620818759137205,-49.26765071993131,77.04100873693724
2026-06-17T17:25:40.195000,665,-107.65844561290717,77.76507740903328,123.55864074999025,-720.7283946269324,11.386528865997159,-13.9542354449529,-30.996485528261918,-54.73931153049487,138.08927875130624,-13.062445946704,-49.1809539161764,77.74956015324194
2026-06-17T17:25:40.199000,666,-108.55552735015931,78.0526370811711,125.94768027984146,-712.4938893632334,8.022909077607206,-16.723691984093136,-28.417734689286444,-55.83037964160484,128.57768668153685,-12.117307340553083,-52.15762807670753,70.3967689170865
2026-06-17T17:25:40.209000,667,-110.42514352966052,75.27571484405706,131.03886151461438,-708.5505672169281,8.652902513749538,-16.168736333765764,-28.94069078603256,-56.62443556239321,129.34504628126942,-10.77621130349009,-53.43242794691331,70.91472777558688
2026-06-17T17:25:40.244000,668,-110.95047283595561,73.5249866589886,133.12738070021044,-706.8649950370144,6.987527435529817,-15.149536077138805,-29.822846740698104,-57.20835878632707,131.91284867693915,-11.015172531199733,-54.76502798487203,70.03589913216555
2026-06-17T17:25:40.245000,669,-110.61584153425866,72.56081492519591,132.76645488603674,-706.2382628534733,5.360501241615989,-14.533718344878423,-30.842385748612617,-56.91740815782804,136.33896140218337,-12.6443305143495,-54.05216614500151,73.35347215180047
2026-06-17T17:25:40.245000,670,-109.74999186962901,75.25879939116054,130.86605184889845,-707.4943465217178,-0.03279773208151403,-10.529981212992396,-32.496973927178814,-54.73729173305148,140.81803205841942,-13.083397906792564,-51.23604570742331,77.5113256689252
2026-06-17T17:25:40.249000,671,-109.62702723629027,75.87902560079253,129.9875566555047,-707.9345385336019,-0.051970703689006956,-9.835298050423631,-32.44466908069323,-55.668741608823396,138.92386343449752,-11.552023317621755,-52.56543577424279,72.55992134626383
2026-06-17T17:25:40.259000,672,-109.73712399639052,73.606742663253,129.42220925504765,-707.8899701087166,3.996426221124421,-9.469072666711185,-30.538332360836677,-55.89705682165323,134.40804356297087,-11.498122496228751,-52.652132577997705,71.69096053932697
2026-06-17T17:25:40.293000,673,-109.21929118042692,74.94023007344789,127.29987694371012,-706.7199764803414,2.500875613921723,-6.941649836463114,-28.00480893287347,-56.55371878745805,127.34304706597521,-12.221976902510395,-52.48836888390555,73.25223717113204
2026-06-17T17:25:40.293000,674,-109.1750679528301,76.6007445278037,126.07310907619365,-709.0949714312811,0.1945485948488986,-4.609829933076895,-27.29984962693482,-56.19811077635403,125.31495682077205,-11.522506916623808,-52.81268630095064,70.09299891529659
2026-06-17T17:25:40.294000,675,-107.83374882582561,76.60920225425197,123.80693059267878,-714.2020812508945,0.1781137788736467,-5.772131725669766,-30.058517943733342,-57.12349909030337,131.70767166519087,-11.894543265457742,-53.93335583835643,68.31629620934433
2026-06-17T17:25:40.300000,676,-107.31585533803676,75.14885197443631,122.40385747335556,-715.6577793303115,1.3778435807035787,-6.143941043603434,-30.826048103822792,-56.32136181024903,138.4534746047423,-12.3828513753372,-54.537040732874004,70.01922896478261
2026-06-17T17:25:40.310000,677,-106.81979891635012,73.16412568193138,119.72793243574287,-719.9446967880428,1.8900551493868876,-5.722831260291144,-32.31132203724769,-55.414158181767434,139.23156143576773,-12.729441693390738,-50.420430312352785,74.59393345389951
2026-06-17T17:25:40.343000,678,-107.15898420293739,75.08400839596518,121.58031913780486,-715.1937870865219,-4.944010731232162,-6.486905207764067,-28.09460252068163,-54.92317818261567,127.95942140900709,-12.193866964251349,-49.505271333221486,74.88585197980699
2026-06-17T17:25:40.343000,679,-107.99188715423719,77.43522910465413,122.21000846943394,-712.0851792521684,-9.006101375297701,-5.832104403911785,-27.61270466562809,-56.37793566409564,123.44221099928208,-10.983428908506157,-53.02462024937806,69.84736507789665
2026-06-17T17:25:40.344000,680,-107.38328784631192,75.48433674504548,120.87365717505557,-711.9231214751588,-9.315621782104383,-5.489198522767481,-25.61909018530372,-57.378080347866906,120.47072360928938,-10.194316258533684,-55.79899382277393,64.9746333183427
2026-06-17T17:25:40.350000,681,-107.77782687732713,70.80726850701244,121.68332847085506,-705.6751933355038,-3.801802785315622,-4.3446667326427075,-27.633208217543476,-57.08510992192449,127.52413280286635,-10.279419719716527,-54.38933034235246,68.092639901112
2026-06-17T17:25:40.360000,682,-107.75663976913631,71.93777048244894,122.35888927074203,-706.3438913012022,-5.943784585726806,-1.1045712750748464,-31.361046497795456,-56.95983909058611,134.73399411841567,-11.96681083479306,-52.058084492646756,72.70285527008627
2026-06-17T17:25:40.394000,683,-106.08150732542667,76.33291854167743,118.3156815642346,-710.2760460362935,-8.222718284113602,-1.331382114042924,-32.46978534608407,-55.36970745156598,138.79626200228267,-13.17891516984612,-52.21863821559968,76.57975256289063
2026-06-17T17:25:40.394000,684,-106.14215315981063,76.94468702486114,119.70963853109969,-709.9852080385149,-7.778984134963553,-4.751086168662539,-32.88276345054768,-54.791845789454705,141.26353747517086,-14.325372856192438,-52.43056871615262,73.29141503338963
2026-06-17T17:25:40.394000,685,-105.22809972037899,75.33210069607992,113.38093819780455,-704.7537141078268,-2.1062991718685358,-0.9022758547115757,-27.34033213373013,-55.46062870941227,125.37787959517014,-10.823410955310033,-52.308548438368305,69.84383641077757
2026-06-17T17:25:40.401000,686,-106.04013658220185,75.96923933150521,115.42343083187707,-701.4741579558495,-0.5723996803599469,-2.22506981152722,-24.549219607134575,-56.951755561827724,116.5635722438796,-11.993128320387616,-50.78007120342727,72.20121522089451
2026-06-17T17:25:40.411000,687,-106.66829159689416,77.28581128880357,117.88053505069978,-704.0785614672285,-4.267451002796315,-0.5519109981394763,-24.60481554294958,-56.67494785441725,113.71541130949848,-10.192000351964378,-51.19108887210175,67.54456517946393
2026-06-17T17:25:40.444000,688,-105.04571010928322,78.01034844892976,114.04391310635347,-707.8972803933495,-6.464213562397745,0.24573558445661092,-25.283548545931875,-55.92736463076613,116.87473574607141,-11.038456183977218,-54.23840998069168,68.17144163214407
2026-06-17T17:25:40.444000,689,-104.79055283745734,74.0606356041379,112.14481702488435,-717.6172033770368,-7.357161113053237,-2.102452930110701,-31.131469052875918,-54.54332392422132,137.02432105316373,-10.979549481207934,-51.7530303503115,69.53225819815859
2026-06-17T17:25:40.445000,690,-104.51524602556125,71.23578826855253,111.4411862476397,-719.9846917922874,-5.735611230403891,-2.057325718375324,-31.435203567144107,-55.80007400198436,137.84881017456587,-12.237140561684905,-50.36905353475279,73.80126883622343
2026-06-17T17:25:40.452000,691,-103.71855807137544,73.00625013963256,110.62469225126927,-722.9059964366902,-7.138032194110449,0.90454378485191,-29.41572971500309,-57.22250387690804,130.65934351193184,-11.412638961364067,-50.211709782939074,72.23920659889575
2026-06-17T17:25:40.462000,692,-105.7074421134727,74.53990172436761,114.6095966763942,-717.8420342905259,-10.288002315913,1.6183680106536542,-27.981677760801414,-56.14355671995081,121.69670422132515,-10.401094583951325,-55.593486712373924,66.61994849683136
2026-06-17T17:25:40.495000,693,-105.94840332152097,74.28899119113785,113.63126940258103,-696.8877490871938,-12.646371938543826,4.366092066263747,-25.169901260502048,-56.74970639373159,116.01867116718815,-9.585494034759648,-54.27373000684659,64.08691401373223
2026-06-17T17:25:40.495000,694,-104.33657822746562,73.0231655925291,110.00869564299819,-687.2766973502687,-10.674217550240567,7.41275460465144,-24.387126110454368,-57.87310428089029,118.5708245275853,-10.065055002944185,-53.69252525392702,67.1115790793246
2026-06-17T17:25:40.495000,695,-104.41969406351205,71.61637990451804,110.50506943985329,-683.4747879762903,-9.96478818985421,7.610769389100824,-25.84163716010554,-57.739749920793514,122.52821257262319,-9.463570220370052,-53.23012735977806,67.37792842292521
2026-06-17T17:25:40.502000,696,-104.34028140543091,76.34701576145895,112.7262832437496,-683.2911534474478,-9.890831517965566,8.264853127989255,-28.426853582614495,-56.34762785498273,125.88044605033325,-12.105000100783368,-53.515914779529005,71.79363107369602
2026-06-17T17:25:40.512000,697,-104.6115658806535,76.68814002540138,113.14608581767659,-687.8811158687831,-13.125713875276626,8.371036158766287,-32.40727257953523,-54.470585182350355,137.5414052807579,-11.715575771632526,-52.68103266187418,70.28962066076623
2026-06-17T17:25:40.547000,698,-104.85526291097271,75.84237646188446,113.70950193888248,-687.3317204587918,-13.6160143167202,6.764194170320536,-30.931275145884417,-55.816236720516294,137.26518747053217,-13.12685561068824,-50.76401789985666,72.39985820207997
2026-06-17T17:25:40.547000,699,-105.00251490920604,75.88748332724079,113.27373025255507,-683.1660502295802,-12.717587513709326,9.209993487662246,-29.54475158126064,-56.119312642152906,131.37340011898306,-13.012799047250214,-50.385110286197865,73.52944457297394
2026-06-17T17:25:40.548000,700,-106.85852850501266,74.0831905503677,117.74456079597715,-676.6360712670917,-11.137124670998114,14.123776556829881,-24.886008492592932,-56.89518170798111,115.1655551822712,-8.537000304360314,-54.890258233795564,63.5920853061701
2026-06-17T17:25:40.554000,701,-107.43649482823383,73.91967551473563,121.2157626567033,-678.0139878567853,-12.054724445616488,17.055043044497637,-26.056694649506145,-55.95767243987904,118.837405229102,-10.458788915456859,-54.78750467859556,68.09555887430743
2026-06-17T17:25:40.563000,702,-106.83491879967988,74.26925750512632,117.91870214363438,-680.5204253693726,-14.246007752862528,16.31923124947673,-27.758717163437485,-56.72546014644128,126.4848230747338,-12.618602044423241,-52.85121974611926,71.49319028064133
2026-06-17T17:25:40.595000,703,-106.72199005024817,73.733608559977,118.50748119498095,-684.5597888009653,-12.561459703035315,16.070230013270532,-30.661025189759485,-56.664846697707894,134.72832292584533,-11.338308228110808,-51.90395071197227,70.17051827246117
2026-06-17T17:25:40.595000,704,-105.60052596364562,75.91003827347059,116.38182204089156,-699.3901385856861,-12.476547467526805,14.522694185952332,-31.19678279766437,-55.2141288111147,134.85562692290154,-11.539151723835632,-51.335589291484084,71.94106262282344
2026-06-17T17:25:40.596000,705,-106.19810701786555,76.36393121435547,118.85221517716076,-703.6160349344101,-13.988532890704757,15.445864491598428,-30.39389747077015,-55.85664785583097,132.27082529605687,-12.613748022863984,-52.870486468703575,70.94120237453494
2026-06-17T17:25:40.603000,706,-107.03984339124978,77.20687351765417,120.57859043251881,-701.9587441243067,-14.703438562355595,18.563375733904877,-28.910723868625663,-55.70915057464565,127.68527127726972,-12.618728994585865,-52.401668632276156,69.6452565346609
2026-06-17T17:25:40.613000,707,-105.6871351614508,76.89394066617155,114.91849880664354,-695.7797758562218,-14.103576602531534,20.93374437819253,-27.637294670367147,-56.00616276496726,125.63098800076475,-11.813685538287515,-50.23097650552339,70.30101753829983
2026-06-17T17:25:40.644000,708,-106.25511510573855,75.56045628307989,116.13983849208282,-685.2397734089989,-15.275913083675439,23.397367009168818,-26.311975184440662,-55.72531546267001,122.69147525612152,-9.310309568237775,-52.39845866113693,65.56903867855084
2026-06-17T17:25:40.644000,709,-106.88534384896691,74.60756353595373,119.27035554854889,-687.93310662649,-15.3964331067667,26.40465448314137,-26.41517965897708,-56.780014202844505,123.1492047848282,-8.502410717343178,-54.408597064936764,65.8451685322091
2026-06-17T17:25:40.645000,710,-106.5386735995536,73.47987979363224,118.91740867955531,-693.2406183554721,-18.450535429440873,27.32266433249012,-27.891003734544995,-56.71737878717531,128.41339448790674,-11.185416006440155,-53.40673783417608,70.01672832518776
2026-06-17T17:25:40.654000,711,-107.14901714509432,70.42103737771366,120.49300222961216,-697.4739325735983,-19.951562347908048,26.68740723463307,-30.917257004087578,-56.77395264102192,134.37965702797973,-12.04338073970007,-52.167261437999684,71.87059158916591
2026-06-17T17:25:40.664000,712,-106.6188255227415,71.63329535741458,119.41010553227328,-706.4161718318387,-21.59502629888804,27.925650899799535,-31.148543004783164,-56.64464004530435,136.85889461623603,-10.884791647447319,-53.34572769528391,66.26385215657918
2026-06-17T17:25:40.694000,713,-106.54230516516328,72.89912095602335,119.4863305244712,-708.6805482838538,-21.910023016959205,26.60651440111127,-29.80999394124571,-56.59210795583693,131.4865422460169,-10.706434153583006,-55.56458662849745,68.38523031334155
2026-06-17T17:25:40.695000,714,-107.3919210063579,73.51088943920706,121.19688045272233,-707.1687808106255,-21.9291959885667,29.59393609966702,-28.74871484402684,-57.260893045286906,127.19853516937415,-11.401242629836474,-54.26088667441521,68.22058209837726
2026-06-17T17:25:40.695000,715,-107.47498455113907,74.52862576480433,120.707133760836,-704.8918499321975,-21.934675240922083,33.16846349072253,-26.951212140808284,-56.331462966958384,123.15029924848318,-10.655380628059977,-51.849363963233046,71.33970370659944
2026-06-17T17:25:40.704000,716,-107.29159813568248,75.48151851193047,120.37069794646185,-704.7467407466614,-17.083722253317063,31.648070695042094,-27.90231507581659,-55.8121949561371,126.93670738310988,-10.111555969929588,-52.05487107363305,66.18417749359769
2026-06-17T17:25:40.714000,717,-107.20161189890874,77.33937588060817,120.58648719213227,-706.1762066284592,-16.64546441543149,31.60017474465988,-28.1221254204684,-55.87281057436291,128.02606029091612,-10.743755392324825,-53.03746358180943,68.0484309615571
2026-06-17T17:25:40.745000,718,-107.59372679817798,77.63821151230928,122.29703754795311,-705.6767127457051,-16.059296174859536,31.481167496022437,-29.24689760743068,-55.68490432735533,131.09761615061032,-11.06549508157828,-53.599401612144696,68.47002396421934
2026-06-17T17:25:40.745000,719,-107.55840999138351,75.93541145281539,123.27972432205873,-704.9350073465971,-16.453725876083826,32.19836594226649,-31.01749080291719,-55.49497828290437,137.95711871512998,-13.134804076657604,-50.14106628275477,75.26824322735179
2026-06-17T17:25:40.745000,720,-107.8127010954359,76.27935394987281,124.20651378753901,-704.0982719480727,-16.56329033555522,34.34234009271614,-30.56698225096881,-55.452547350146304,138.09776863079657,-12.465913126962889,-51.981017602309514,71.38874450316501
2026-06-17T17:25:40.755000,721,-108.30239282388688,75.239065705149,125.13817424434072,-701.5633009125156,-17.1576759841148,35.17184576175703,-30.655851912637743,-56.62039596750644,134.39727655203544,-10.816920514267792,-53.271874223960374,67.64206209365123
2026-06-17T17:25:40.765000,722,-108.70325999228396,75.41103846722933,125.73342527743566,-698.4936988113041,-17.25080562761094,34.58124859412504,-29.74734100040179,-56.54159566381289,131.65930699214505,-10.297382335258627,-53.776012086542714,68.0677271564031
2026-06-17T17:25:40.793000,723,-108.64163574834352,74.49479485901126,125.90489633544394,-697.9955033098227,-20.299428697929727,40.63006758432047,-28.098638530485058,-56.976001809118046,130.1254297398518,-11.59928993688169,-51.993860934740894,70.56507006491807
2026-06-17T17:25:40.793000,724,-108.80698785124252,74.15648882818384,125.86200435826878,-698.0284059297175,-20.811643207703934,40.35839809515434,-29.148410716376187,-56.32338160769241,131.12585681217791,-10.978864152007898,-52.89938655258003,69.0531892487608
2026-06-17T17:25:40.795000,725,-109.02894830341563,73.98733732632175,126.49950725889245,-701.2707178942842,-19.488655227150506,38.778794884678604,-29.826389673637514,-56.13951712506403,132.83488501628145,-10.742585855652667,-53.75674536395841,69.0171809259854
2026-06-17T17:25:40.805000,726,-107.60755178654514,74.03808065790811,123.45110212830166,-703.3724855959111,-17.552108626429998,40.177082490859334,-30.211104157276814,-56.67696982135305,133.28642995127953,-10.601947847151719,-52.42414532599969,69.64547290996379
2026-06-17T17:25:40.815000,727,-107.95083149614702,73.11620058346001,123.52908357985596,-706.1790827937067,-15.75799317604048,40.526700634492954,-30.332798741450404,-56.37591369715983,134.01405628980902,-11.485371496758331,-52.32460174193891,71.10170765477824
2026-06-17T17:25:40.847000,728,-108.1042496725936,74.55963541037914,124.43051475912947,-704.6749002432371,-15.497780158250468,41.97560187233182,-29.191456801691224,-56.42844795611967,132.01936588213832,-11.903139615809154,-51.865417266803654,71.34260244794288
2026-06-17T17:25:40.847000,729,-107.60014670364515,75.7437050047235,122.5892270673119,-704.1643829614496,-15.119782331910526,43.24788430121623,-28.38305871077198,-55.18584079944518,128.6621608047981,-11.418684998764904,-52.71635613590357,69.32234543359984
2026-06-17T17:25:40.848000,730,-107.54939528904009,74.40175986808033,122.57211625954108,-704.0120788368192,-13.805011759344719,42.65877399433424,-28.52398403463807,-56.05667722648371,128.87974380315015,-10.060080006201336,-52.74204280076633,68.0962431038703
2026-06-17T17:25:40.856000,731,-107.93670481015634,74.36792896228727,122.8003217640451,-705.834768049179,-13.446189845703179,44.04017346939841,-28.731692842735388,-56.668886292594664,130.9930873104652,-10.328306635136958,-53.07278705583882,68.37013455288812
2026-06-17T17:25:40.866000,732,-108.06392802499488,74.05499611080465,123.52379523843638,-708.9971706312446,-14.051531057882626,47.340511436204906,-29.035894744229697,-56.33550473133757,131.1638515035798,-11.278495700135105,-52.80626635867219,70.05920797168791
2026-06-17T17:25:40.897000,733,-107.70205848631133,74.77107554448257,123.13449434594855,-710.1945611627237,-15.484083497907452,46.937306813773745,-30.151043176431358,-55.426281305412594,133.45844530881703,-11.573270459015117,-52.29891507707615,70.51323958213035
2026-06-17T17:25:40.897000,734,-107.97120061934605,73.86328966271277,124.26962618878791,-712.0194215839201,-15.71690907719325,44.82923315885867,-31.067010902171152,-55.76572442849226,135.08776882056745,-10.90979652288456,-53.09205033054866,69.20145533989809
2026-06-17T17:25:40.897000,735,-108.21972560918576,73.34173793734497,125.03974163803187,-708.2676503012293,-12.249201140596393,45.19244325415619,-29.348310470723,-57.0224745062553,134.23901657904236,-10.39967507231574,-52.29570165806245,67.84075879445176
2026-06-17T17:25:40.906000,736,-108.53249540340727,74.49479485901126,124.77816299378352,-705.5354409181101,-11.260385790812519,45.18919030405576,-28.91973344550776,-55.79199047322597,130.70983728442243,-10.978427640097411,-52.49157885504477,71.76586633131792
2026-06-17T17:25:40.916000,737,-108.50046202883334,74.97123971902272,124.73306528338712,-704.4342039748226,-11.301472830750658,46.56530169674883,-27.767644777127956,-55.33939964245308,126.71159337356468,-11.046364335040455,-51.96496085086443,69.46369157553298
2026-06-17T17:25:40.944000,738,-108.02944852428259,76.44286898550489,124.25292387081724,-710.8264113038924,-9.658008879770671,48.454945054557896,-29.282747665147646,-56.45673379829677,130.74334401369757,-11.229502908044953,-54.02647603226426,69.12954305674177
2026-06-17T17:25:40.945000,739,-107.41333469187524,76.1468515869188,121.78784492317853,-712.3311177757387,-7.642029295897036,48.15744726517215,-30.22079473649744,-56.315300248426446,134.79722595327834,-11.289284932255029,-52.37919193855262,68.91970893637692
2026-06-17T17:25:40.947000,740,-107.23626221299303,75.26161762427554,120.80725468862289,-712.2094549895128,-6.283433527760852,49.07594749155621,-30.273097768934853,-54.90499349714793,134.12863739290864,-11.33800007203938,-50.74796114841158,71.03526651121429
2026-06-17T17:25:40.957000,741,-106.881158266185,76.20887390517167,120.53814598544439,-712.8041015181894,-6.880557331952672,51.83561145251312,-30.211451412263365,-54.56554820457583,133.56152298493686,-10.96438407915403,-50.863561483917444,70.54948999840917
2026-06-17T17:25:40.967000,742,-106.52815951873603,76.54435867578084,118.99732141036077,-709.4917772794718,-9.94287706261447,50.40819858959824,-27.51848253822103,-56.67696982135305,126.84037667560796,-11.817222469587222,-52.20900485430753,69.5934557595798
2026-06-17T17:25:40.996000,743,-107.68180067860925,74.23260836621824,121.25851057685668,-707.19167102341,-8.617147985337892,50.61738525157446,-27.44949212963688,-56.69717430426419,124.2228645500229,-10.418051720598951,-53.397104472883925,67.60326807415977
2026-06-17T17:25:40.996000,744,-107.62382487438808,72.41985483579364,121.39274508740763,-702.3173436954571,-7.398248152991371,50.475878161456905,-27.04508009041895,-57.18007294414998,124.76881974807327,-9.460087677681821,-53.29113749867021,65.90654041798577
2026-06-17T17:25:40.997000,745,-107.37445990516412,72.3465565579775,121.91208032973849,-698.0761201351597,-6.664166568642131,50.12717788186694,-28.599104167948784,-57.143703573214495,130.02205462857336,-11.329924655907348,-54.22235322924659,70.0148152319229
2026-06-17T17:25:41.007000,746,-107.13838092123905,73.25434243974729,121.64503214186583,-696.4863123706982,-8.5267594385649,52.72652570870437,-30.280146822929417,-57.030555865521265,134.4075461282099,-11.435027962087215,-53.647568418605466,70.15760719703307
2026-06-17T17:25:41.017000,747,-107.39529979234258,73.84355597670123,122.81081537215212,-694.183442259502,-7.7296796870377875,50.73316869467442,-31.27663163670332,-56.2082141025558,136.15137496219248,-11.866572475321945,-53.059940275532966,70.92322490870566
2026-06-17T17:25:41.048000,748,-107.43845610257482,74.01552873878157,122.65821069210558,-696.4041058819467,-5.382268569117736,50.97146642963435,-30.655851912637743,-55.977876922790166,134.39727655203544,-10.87962516358692,-52.27643838335262,71.58667741753843
2026-06-17T17:25:41.048000,749,-106.54260814972659,76.87702521327502,119.0610322480259,-702.0128705283514,-2.8814648550650075,50.8824252235504,-29.49890730052904,-56.497144933611445,133.90344110284798,-10.837811085957247,-52.93471002660944,68.32779653660205
2026-06-17T17:25:41.049000,750,-107.09555226326458,78.57982829987215,120.46309871286098,-709.6417937124938,-3.4895471639676017,50.071594888693284,-27.181514770598902,-55.83240160854065,123.14159205577296,-11.098695323522543,-52.22184818673891,69.32516382445728
2026-06-17T17:25:41.058000,751,-107.2021353928868,79.35511181868794,120.69490334814105,-711.940268316647,-3.83193426163389,49.53793348765029,-27.389708225154838,-54.791845789454705,124.10240792705409,-11.313295634815173,-50.879614787488045,69.11046036981253
2026-06-17T17:25:41.097000,752,-106.58649312384614,78.22742807636645,118.75441803656445,-712.6639312894162,-4.042845772589046,48.85441467026908,-28.022299166664336,-54.81205027236584,128.02028516314158,-11.445966490673836,-50.74153775825865,69.68014434563484
2026-06-17T17:25:41.097000,753,-107.13123502518667,74.40175986808033,120.47095960407182,-714.4570579509184,-5.20148559338994,47.33121430420525,-28.348971096996582,-55.668741608823396,132.28960720437198,-10.21971166273404,-51.90395071197227,68.63349496133235
2026-06-17T17:25:41.098000,754,-106.98081011084253,73.97042187342522,120.43267341216094,-715.9856781020168,-5.738349386036131,47.1750761280382,-29.168014217741977,-56.10314775412855,130.22585192946755,-11.220748385694527,-51.981017602309514,70.76255228004774
2026-06-17T17:25:41.099000,755,-107.52374676343148,72.94986731471293,122.62922715618356,-717.5492264013743,-6.842208447646779,46.290630697263,-29.632498543002825,-56.77395264102192,131.73809989345327,-10.59390574613823,-52.8769098588565,68.94617585616339
2026-06-17T17:25:41.108000,756,-107.64130437038625,71.92931275600067,123.24238395818787,-720.6801784655888,-5.995827189284812,44.63179686157139,-30.309469102043483,-57.12551888774675,131.62425006736515,-10.556443953596682,-53.65078183761917,68.30965641508499
2026-06-17T17:25:41.146000,757,-106.76657331330256,73.06263599165541,119.62558441561615,-724.1780421956187,-5.541134535423987,44.45540552862184,-29.059905385975103,-56.499164731054826,132.03988772086976,-11.389402068540006,-53.191593914609435,68.7921799610862
2026-06-17T17:25:41.146000,758,-106.65974787094228,75.1911375795744,119.09981886476707,-724.1337025492002,-4.11954060010993,43.8467405485552,-29.14011021685869,-56.14759848433,130.88170676853633,-10.166224874082188,-51.393389459237014,67.55195617881238
2026-06-17T17:25:41.146000,759,-106.20001146763357,76.4710603979647,117.1734333736815,-723.0599030767256,-3.5114582912073358,45.434463178843316,-28.031501654281115,-55.7879508783392,128.12084592857124,-10.340405576860954,-52.32460174193891,68.80146211555544
2026-06-17T17:25:41.149000,760,-105.85097358564563,76.61483872048198,116.26929499134945,-722.5395581900729,-3.2704182450248154,47.19412662896801,-26.925681978921993,-56.086982866104194,124.83172519547901,-10.922295116906495,-52.18652471270951,68.47650098374227
2026-06-17T17:25:41.159000,761,-106.11736906886864,76.29062990943609,115.79935946045802,-725.9663641715887,-2.615772584919604,45.97777399694908,-27.243395437714565,-55.95161087805646,124.58009176717513,-10.857855038356995,-52.01955104747813,68.49497887892427
2026-06-17T17:25:41.198000,762,-106.23115956575572,74.23542659933325,116.8523786440982,-725.5355725033372,-2.0542565683105343,43.219580180640804,-27.45369006882424,-57.00428982078756,126.8589556172394,-10.159636580966438,-51.977807631170286,67.51925512662815
2026-06-17T17:25:41.198000,763,-106.49714264417626,74.1903197339769,117.9431820063555,-722.3920023250228,-3.697717578199614,42.245443274063064,-28.942443076502684,-57.313425134754326,130.38799553808377,-11.111913338669082,-53.28150413737805,67.522884047587
2026-06-17T17:25:41.199000,764,-107.32958309872492,72.7102357681497,122.31849640220277,-717.5785654657144,-6.538170234286389,41.804289524286645,-29.31041974097501,-56.5719034729258,131.6125929200735,-11.526240839951898,-52.81268630095064,71.31233148922037
2026-06-17T17:25:41.200000,765,-107.55388615512435,71.8672904377478,123.0141326799763,-703.3766920812719,-8.148761612224959,41.76638147145928,-30.55688152685068,-55.82431807978226,135.57803836336387,-11.353727060421743,-52.11909463153891,72.03375638463537
2026-06-17T17:25:41.210000,766,-108.0092650022382,72.6735836021384,123.48971330771082,-701.3488893748807,-7.581769284351408,40.925510964844904,-31.052274557762722,-57.19219606779514,134.87986407118225,-11.283405135114394,-53.14985049830159,69.99850876585508
2026-06-17T17:25:41.249000,767,-108.91063338329431,72.89348146269009,126.58319467369272,-699.6790324348375,-5.8260027182677865,40.93687413998134,-29.802960025982756,-57.23664679799659,133.27159527149567,-10.75991394244727,-54.47281717496814,68.2117882394696
2026-06-17T17:25:41.249000,768,-108.14302455832367,75.40821720701109,124.1027462509183,-701.0801666381655,-5.563048603754623,41.22489415580665,-29.542509659071747,-56.61029264130467,131.64924174326939,-11.744951999698626,-53.718211918789784,70.21696652932684
2026-06-17T17:25:41.250000,769,-108.60990441070399,76.65712735272332,125.43450062033047,-700.8086305485804,-2.0515154715873902,41.755963450679275,-29.62616173758483,-55.03228412592969,131.51058669230486,-11.992551635545246,-51.38054612680563,72.37431574104504
2026-06-17T17:25:41.250000,770,-108.15537195019701,77.94268663734364,124.40228489873077,-699.1803115984037,0.7095012602553565,41.9121868116444,-29.31466993723081,-55.26262130569534,132.75228803863527,-12.20917048961991,-50.03509930854106,73.27567139852255
2026-06-17T17:25:41.260000,771,-107.53789428377358,77.59028641383793,121.71594251786345,-698.384369221835,3.218519441204803,41.715715027141584,-28.882359851164594,-55.2141288111147,131.2250768484344,-11.971507154421516,-51.09475870705469,71.33782123371157
2026-06-17T17:25:41.300000,772,-107.19995148755191,78.08646798696417,121.52333763305862,-698.5020323400497,2.6405686086204763,43.372242822377956,-28.631472551540334,-55.79603223760517,129.47958169578345,-10.59395377890282,-51.842940573080114,68.64476565737598
2026-06-17T17:25:41.300000,773,-107.5292213075967,76.58946554113719,121.87222518705406,-700.5435302725878,0.7834579321440001,43.48804513641343,-28.84757189688265,-56.22235702364435,129.34308525921546,-11.740008912397851,-52.671399300582024,71.52277987718712
2026-06-17T17:25:41.300000,774,-107.42154981794046,76.58946554113719,121.90309948989076,-703.9037407749773,-1.5420420585363224,42.416204036727976,-29.761712351220176,-56.818403371223376,132.09090924103478,-12.061388957521665,-51.923217434556584,69.97800107177295
2026-06-17T17:25:41.300000,775,-107.34046804254086,74.37920492185054,122.19324300322779,-705.9333916843685,-3.629240158666355,41.167226445278544,-30.173082355994044,-55.977876922790166,134.4841087266422,-12.116357275078677,-52.340658493384,70.79231412718458
2026-06-17T17:25:41.311000,776,-107.0935647866251,71.66712626320763,121.33218902231582,-708.1759175249895,-5.845175689875284,39.47240692925419,-30.669360687112963,-57.04672075354563,133.9748797285786,-10.089410969190826,-53.1177404432859,68.32499837759654
2026-06-17T17:25:41.346000,777,-107.14948487511788,70.9989749551043,120.28478924414927,-710.0545201607375,-6.316303159711361,39.83159329877546,-29.131979986148426,-56.769910876642726,130.77510728282166,-11.020279295410361,-53.81454553171133,70.33582591145812
2026-06-17T17:25:41.346000,778,-107.32937339550799,71.91239730310413,120.44581273948637,-711.4022017777821,-6.2286498274797015,39.95251597892707,-27.479471800387152,-56.82648473048934,125.5501122659275,-10.841243165395861,-53.178750582178054,68.53432716643222
2026-06-17T17:25:41.346000,779,-107.39849716373577,72.78917353929911,120.60693397468114,-714.1121094541168,-5.9793923733095555,38.87332407416099,-26.86857776871397,-56.755767955554184,122.21654216894117,-10.477633604224822,-53.26866080494668,67.03279816431666
2026-06-17T17:25:41.351000,780,-106.5472402675268,75.1629461671146,117.82477731100383,-714.9292549988883,-4.1058439397669195,38.49649337012892,-27.967230460275996,-56.497144933611445,125.98930968157194,-9.889028176960206,-54.09711953244857,66.040471548662
2026-06-17T17:25:41.361000,781,-106.08135433379314,75.87338610745927,116.75962677126164,-714.7423490291849,-2.1802529026662767,39.197120568986094,-28.018857087246147,-56.57998483219176,129.3972475126861,-9.996754050903933,-52.963610110485895,67.75865814656326
2026-06-17T17:25:41.401000,782,-105.45981089363431,75.39975948056282,115.30485495551233,-713.5277007960623,-1.8214309890247367,40.20670114280918,-29.539173806823747,-55.43032306979178,132.4299199052373,-11.369483908628998,-52.15762807670753,70.22087023793053
2026-06-17T17:25:41.401000,783,-105.95259658455603,75.60838138155124,117.66959470390827,-713.2323828120306,-1.4461742594079399,40.22012321727411,-29.817114804960504,-55.32323475442872,132.33302168379322,-12.062041015268123,-52.08056118637029,70.13592639365436
2026-06-17T17:25:41.401000,784,-106.10200861981696,75.8903015603558,117.68102976784972,-710.1479093627366,-0.8271363868854784,36.46703302153111,-29.15106154980036,-56.17386452906371,129.4624539181773,-10.92758070020583,-53.38747111159176,68.19335629434009
2026-06-17T17:25:41.402000,785,-106.92215116612292,74.90639916765484,119.57192437636384,-708.9914514236021,-1.3804349955069222,33.805755036639795,-28.61523376327234,-56.39207858518419,128.76758490695747,-11.0942872441465,-53.54160489226624,68.88174726608233
2026-06-17T17:25:41.412000,786,-107.70222476637558,74.1875015008619,121.9492811246799,-707.5199636028284,-2.117254735488403,32.779710198155016,-28.706557024692835,-56.67292805697386,129.05672209155023,-11.069929095417383,-52.50442218747615,69.54587166123714
2026-06-17T17:25:41.449000,787,-108.23952722827893,74.26925750512632,124.01626944749279,-706.2994001801405,-3.3361575089258326,31.7786265465233,-28.30167243003748,-56.03849254101597,127.85991396697464,-10.644467346330702,-53.46132803078977,69.31706665740187
2026-06-17T17:25:41.449000,788,-108.18907864999548,73.69695639396569,123.9402618375853,-706.9700717544275,-2.0432980635997593,30.765408376412523,-29.523032426931707,-55.99000004643532,131.45415893269507,-10.897682819849578,-53.45811461177607,69.39268160353451
2026-06-17T17:25:41.450000,789,-108.07189911264888,74.58500858972396,124.38098116770149,-709.2509303109567,-2.1062991718685358,30.054376738152655,-30.191981948206504,-55.515182765815496,133.20017613133413,-11.089240710661135,-52.639289245566324,71.10165792466921
2026-06-17T17:25:41.452000,790,-107.9980671939471,74.62729722196528,123.97694073269116,-713.8312619346921,-0.6408770998932005,31.237911159462044,-30.30844879575281,-56.19811077635403,135.2594144918135,-10.90614278976568,-51.45760956926839,71.44567315782494
2026-06-17T17:25:41.462000,791,-106.76990109496174,76.77553552299905,120.2534033343969,-716.5872802178184,1.816098477498244,32.328875544552375,-29.786625552404917,-55.901098586032425,132.6570880446963,-11.830860740456465,-52.61359913282909,70.71112745912158
2026-06-17T17:25:41.498000,792,-106.9727463288173,76.21169213828668,120.47117118153466,-717.5010271667643,3.150042021671547,31.496790864888936,-28.4768558194373,-55.50710140654953,127.15035261965986,-10.513912504459656,-52.21863821559968,69.26062629830352
2026-06-17T17:25:41.498000,793,-106.648450500981,78.40785553779182,119.3835179479168,-718.6334018868658,2.566614877822738,32.03574983875873,-27.176318280209678,-56.24256150655548,126.03836961702953,-11.0933371786721,-51.274579152591926,69.2772924761804
2026-06-17T17:25:41.498000,794,-106.19189495560965,78.0780102605159,117.26170742052815,-718.3824015809265,2.1064429716065254,31.74002440160362,-28.129430458059733,-56.111229113394515,128.67755651225104,-11.76329178836933,-52.09661448994089,71.53587097276883
2026-06-17T17:25:41.503000,795,-106.49648453202614,73.87738688249429,117.44125659619613,-715.1736829955045,0.16715821525377475,32.08433587048569,-28.04842978431086,-55.84452473218581,126.98654053379843,-10.46457721637091,-52.626445913134944,67.3082927248993
2026-06-17T17:25:41.513000,796,-106.6545481007945,71.65866853675938,118.93846047662674,-711.4792936454888,-0.736744899021583,31.38215882355297,-28.262799745997896,-56.521391180901766,127.70479255816768,-10.557290572886462,-53.085630388270204,68.82820851571356
2026-06-17T17:25:41.546000,797,-106.74921270006493,69.99815408240357,119.14201915376063,-708.1194053380111,0.21646266317954044,31.05437206329293,-29.013914438092677,-57.471023572649,128.47553458034466,-10.418870662546322,-53.49985802808392,69.05565250148743
2026-06-17T17:25:41.546000,798,-107.15159123451795,70.35337556612753,120.78177254361925,-704.6635688461159,-0.7750937833274767,29.995902664911995,-28.84877722232325,-57.85895919030932,130.63845278487065,-10.707970715040352,-54.148499757923055,69.07157524383776
2026-06-17T17:25:41.546000,799,-107.27937870709437,72.34091706464424,121.13415595543376,-704.9943906864033,0.7807168354208512,27.62359951534711,-30.085183435388245,-56.59210795583693,133.31679972566675,-10.527334892290089,-53.93335583835643,69.07396396092518
2026-06-17T17:25:41.553000,800,-107.25722936349202,74.44968799365492,121.36668365920565,-708.0314392965993,2.761091572802642,25.86912585623307,-29.28585878003694,-56.15366004615258,131.15524390500255,-11.189903003214232,-54.3251067844466,68.91362133636966
2026-06-17T17:25:41.563000,801,-107.54760179411522,75.52662537728682,121.71315893406579,-709.945110795438,4.056686232670051,24.60209455426221,-29.068630904234347,-56.17386452906371,130.3976802733237,-11.142871978474577,-53.66041519891134,69.71270834128325
2026-06-17T17:25:41.599000,802,-107.01574430081189,78.18795767724012,120.83429680821537,-712.8217063645083,6.247969539916094,24.55824667094862,-28.57633384947997,-55.95767243987904,129.44379269603033,-11.52806205350267,-50.69016098065865,72.06776461621726
2026-06-17T17:25:41.599000,803,-107.07783802179196,78.55163688741234,120.8210136955964,-717.0606202648712,7.811997566652049,23.063420451064957,-28.834588414284383,-54.14326518291585,130.0118616312281,-12.512929053188675,-50.57135067401356,72.77847969207359
2026-06-17T17:25:41.599000,804,-107.46689947468609,77.66076645853906,122.02128154158089,-717.3276768920516,9.551329316760414,22.04337079909118,-29.31448893456617,-55.387892137033724,130.2182508257183,-11.053250635884142,-52.29570165806245,68.94292209573771
2026-06-17T17:25:41.604000,805,-107.477752395956,76.24270481096475,122.07245264923048,-715.5386766461316,11.11535734349637,20.963003813450086,-28.08142374196051,-56.280950674934346,129.15571397386768,-10.42558969832122,-52.62965588427417,68.8066816857897
2026-06-17T17:25:41.614000,806,-108.45984812478957,74.67804358065487,125.35086954388592,-713.0964001605319,11.641265572522693,19.56544599026452,-28.34356332647953,-56.08092130428162,128.52442403115157,-11.977989189999661,-51.38054612680563,72.28460979226956
2026-06-17T17:25:41.650000,807,-108.40315407534194,74.25798154556304,124.8966757219128,-708.7464363273531,9.932065298732596,18.14198125163523,-30.15434287911735,-55.965753799145006,133.67536687403046,-11.412312251485123,-52.09661448994089,72.16024678585413
2026-06-17T17:25:41.650000,808,-108.63475719337748,75.67886142625238,125.51784284940753,-707.2532277425656,8.587166190939426,16.36396940473199,-30.71883484923576,-55.94554931623387,134.99840754731102,-11.484752754130444,-53.647568418605466,71.2649365583878
2026-06-17T17:25:41.650000,809,-108.12679699386956,75.35183438209147,125.01211021404937,-706.0757686772682,8.557034714621158,16.827015944607638,-29.75730605611389,-56.264787956402415,135.44038330757937,-11.61315505960424,-52.91544330402512,70.79826009697777
2026-06-17T17:25:41.654000,810,-107.46275941529304,74.02398646522983,122.14007890071349,-707.4700517712222,10.890752113289102,17.738379653516546,-29.832164375294333,-56.41228306809532,131.2508547254907,-11.190743266657083,-52.15441465769383,71.30971302187032
2026-06-17T17:25:41.664000,811,-107.58500713857124,74.07191156370118,121.83361412353159,-708.2246932709747,11.509789985811562,18.428407894353626,-29.160952410404054,-56.71737878717531,130.27947048226144,-11.939525506722589,-52.29891507707615,70.77878388197816
2026-06-17T17:25:41.699000,812,-107.2045724385005,75.45050583925243,120.22375395750427,-707.6356608764108,12.673909058967842,20.170712982830906,-27.64427037452662,-56.030409012257586,128.07135215126067,-12.003606965951084,-53.284717556391755,70.36019685043999
2026-06-17T17:25:41.700000,813,-106.41555842156211,75.89875928680407,118.25156235265604,-708.4123308367712,12.575300163116317,18.94752808744005,-27.72283806191949,-55.670761406266784,125.10766722523479,-11.445918457909281,-53.715001947650556,69.98155454442222
2026-06-17T17:25:41.700000,814,-106.07303056553306,75.03044380416058,116.74392081485922,-706.866711516406,13.238163231209155,19.30521527772555,-27.363454692445643,-56.34358609060354,126.06497131630373,-10.56909150688248,-52.38561188083107,69.81300661036036
2026-06-17T17:25:41.705000,815,-106.20981679262928,73.477058533414,117.00777720086228,-708.8426830164144,14.169459666170543,18.690159797897508,-27.793389787788833,-56.731521708263855,126.56661788485066,-10.813265375472437,-53.32325100156038,69.88627500940164
2026-06-17T17:25:41.715000,816,-106.27552137176642,73.77589416511509,117.4367677040075,-708.7419893851502,13.944854435963274,18.049196232585786,-29.34104973916575,-56.753748158110795,129.69463695610096,-11.839779320584583,-53.48380472451332,69.11760059342464
2026-06-17T17:25:41.749000,817,-106.4429852936592,73.79844911134488,118.62367489574024,-706.3899376644342,13.175165064031283,16.309375468462775,-30.026802752341602,-55.981918687169355,131.40144214156336,-11.53056377894828,-53.271874223960374,70.16974214279325
2026-06-17T17:25:41.750000,818,-107.02049530137268,73.3332802108967,120.96411548011815,-701.2530915994664,12.605431639434585,14.721045797808216,-29.84330849546913,-56.64060045041757,134.59586978220682,-11.44269949382158,-52.581489077813394,71.07935874513393
2026-06-17T17:25:41.750000,819,-106.92305938459603,73.2797156190921,120.06472926185947,-700.4652689344833,13.353206943035934,13.615830575240238,-29.34248381845037,-56.48906357434548,132.19392116566976,-11.718179448385994,-52.989296775348656,72.487575609281
2026-06-17T17:25:41.755000,820,-107.37300525069162,73.82382229068968,121.18420684271825,-698.8294673543683,15.434925790810587,12.403170120134604,-28.800024799926316,-55.636411832774684,129.33378183557295,-11.290984145813592,-53.02462024937806,69.64553132230573
2026-06-17T17:25:41.765000,821,-107.60014158336227,77.2519803830105,121.8564159576946,-698.1147244069898,15.733487692906495,11.881276391240476,-27.947714876136875,-55.71723193391162,126.9580890452841,-11.049217986757313,-52.180104770431065,71.40958619085563
2026-06-17T17:25:41.796000,822,-107.29172177807209,77.68613963788387,121.06728469620931,-698.964388436151,18.102812879157188,11.492268720886102,-28.360157137817254,-56.1152708777737,129.3452498106065,-12.258304993183668,-52.23469151917029,71.73484874118454
2026-06-17T17:25:41.796000,823,-107.20135176443222,78.34019675330892,120.89868494066472,-698.4420632925593,18.79306926793605,11.622091261670477,-27.88842307974396,-55.06865349686518,130.64436239607096,-11.111896057672707,-51.10760203948607,71.58924993483595
2026-06-17T17:25:41.796000,824,-106.76723921903762,77.48315723022871,119.82442838554273,-699.6770413101113,19.71340719818667,11.67842163931553,-29.34777722781169,-54.85650100256728,131.59614957753476,-12.049488032634676,-51.24888903985469,73.03983053346965
2026-06-17T17:25:41.806000,825,-106.47461976427351,75.65630950712583,119.256942928147,-700.2510633888554,20.650179944412535,11.41976023714625,-29.537928498287002,-55.373747046452756,132.29840886555715,-11.985012252146543,-52.38561188083107,71.17089722723864
2026-06-17T17:25:41.816000,826,-106.98600764642167,75.28417257050535,120.59402758393716,-701.6168930224089,17.86451098860691,10.56065429469379,-29.660933401409206,-56.14355671995081,131.32862300701694,-11.970475741063982,-52.64571263571925,71.71362241710604
2026-06-17T17:25:41.850000,827,-106.94827999631198,74.86975002874675,119.73632540382248,-704.0647694701116,16.63739374827276,8.963722452382683,-29.034417327685837,-56.4183446299179,129.99469271336417,-11.519134043101829,-52.42414532599969,70.84004305162564
2026-06-17T17:25:41.850000,828,-106.54881647806194,74.4355907738734,118.8828318570988,-707.0513055944651,15.46505726712885,6.781926023599453,-28.734260744193058,-55.92938442820952,129.09464669039608,-11.504544301081706,-52.76130952335065,70.1179116600055
2026-06-17T17:25:41.851000,829,-106.92255276472753,73.35301389690824,119.3501547134774,-708.8866685287435,15.081580188433525,6.053267768848713,-28.467393994060675,-56.8426496185137,126.84347330157465,-10.528537700415818,-53.098473720701584,68.42635762401325
2026-06-17T17:25:41.856000,830,-106.43536387399833,72.98933468673603,117.96089678364189,-708.7383032295313,14.922714222127274,5.67110624549062,-27.775798883427896,-56.523410978345154,126.15313259477767,-11.266039163898688,-52.52690232907417,70.79403394438465
2026-06-17T17:25:41.867000,831,-106.48548443937017,73.51088943920706,117.96914453380609,-708.6279768453003,15.56640431861262,6.281364987195218,-28.033239377359696,-55.97585712534678,126.93356528918913,-11.546038024679321,-52.50442218747615,71.42029314302816
2026-06-17T17:25:41.906000,832,-106.120029657853,74.47787940611474,116.22832992121988,-708.6190431861675,16.059442915688436,8.182272047725945,-28.160745475074293,-56.12739400141887,127.64232528031118,-11.265996081304547,-52.21863821559968,69.21789965612349
2026-06-17T17:25:41.906000,833,-106.05733790957292,73.31918299111518,116.42272667218799,-710.7009369668557,17.311212379985466,4.7776856482713015,-28.93865528221283,-56.51532961907918,128.76083873630122,-11.332737992718043,-53.65399180875839,70.38457476536266
2026-06-17T17:25:41.907000,834,-105.90456643076061,74.1875015008619,117.36219516488501,-711.1787918236657,17.891901368202035,4.241611990095379,-28.72084487220467,-56.71333702279612,129.41955474978795,-11.45573135288886,-52.79984296851926,70.17143794808486
2026-06-17T17:25:41.907000,835,-106.07975971454444,75.10656334219497,117.71002912979098,-711.0178233860786,17.954902476470807,2.6659114097429892,-29.388194061872994,-55.9354459900321,130.92523191811793,-12.10556804295876,-52.29891507707615,71.93181316249557
2026-06-17T17:25:41.917000,836,-106.49493067653722,75.98615478440173,117.9121527361399,-707.6418465170251,18.45615848153425,1.1227838570897006,-29.358781480143993,-55.3636458897434,131.2432644490858,-11.647868696230729,-52.289281715784,71.70731295544732
2026-06-17T17:25:41.951000,837,-107.38202694723276,75.35183438209147,121.22233226242268,-696.6706796109029,19.94075352511708,0.7399581693743755,-28.0309624573348,-55.27070266496131,128.20700015438368,-11.814671305700545,-52.404878603415376,71.79288352961477
2026-06-17T17:25:41.951000,838,-107.74842672939809,74.81618240983892,122.61004039470257,-691.8713913620165,20.9843525751821,-0.0672494244784616,-28.09458363035211,-56.44057107976483,128.45821842844205,-11.897805999745263,-52.04523771234089,71.92715733613244
2026-06-17T17:25:41.951000,839,-108.3884761937228,73.8125463311264,124.6023321637546,-687.0643455687239,20.389966926622517,-1.1430185947966436,-28.686729183403152,-56.448652439030795,128.75281518069679,-11.423946697218353,-52.058084492646756,71.53929494899525
2026-06-17T17:25:41.958000,840,-109.02656017580043,75.29544853006861,127.59036695950552,-681.2257376485811,19.477843463268627,-1.797573438576478,-29.588387968864488,-55.84856432707259,130.6843655007495,-11.642899674466925,-53.104897110854516,72.38069516466473
2026-06-17T17:25:41.968000,841,-108.58358635842936,76.32164258211415,126.32866036862463,-677.7376267600058,18.96837005021756,-2.553201121683344,-31.00796493590359,-55.55963349601695,136.91640465154134,-11.883635488639262,-52.25717166076831,72.55871474920413
2026-06-17T17:25:42.008000,842,-108.4142085455901,76.41467454594185,125.72131396371694,-673.3979135666158,19.46688789964876,-2.54016614391918,-31.300445351228802,-55.527305889460656,137.5549216840189,-13.179606854893033,-51.791563795480116,75.18128192741631
2026-06-17T17:25:42.008000,843,-108.53404391229203,76.59228680135544,126.37905195353996,-670.4235658087046,20.433792122192894,-1.2625810603822742,-30.8856682648727,-56.01626609116904,135.5410913070477,-12.364396497261627,-52.19294810286245,74.9357742715063
2026-06-17T17:25:42.009000,844,-107.73026898686302,77.22942846388396,123.30282529650907,-671.8006217658491,21.258262253315127,0.8252248544544045,-29.627118847511902,-55.46669027123485,132.26710268889795,-12.095047339609776,-52.36313518710753,73.7629599164092
2026-06-17T17:25:42.009000,845,-107.35054209498522,77.27453532924031,121.77870884422369,-680.4985825935279,19.543582727169643,-0.7881137355497287,-27.924634114565716,-55.644495361533075,127.66989802246711,-12.585654207927426,-52.064504434925205,71.95225766110795
2026-06-17T17:25:42.054000,846,-107.51483975565401,76.25398077052802,121.8220707550843,-686.2273116119046,19.34910603218974,-0.7775843234146294,-27.956944593506428,-56.46683712449855,126.22732061283386,-11.819419831457967,-52.95076333018004,70.12644340300737
2026-06-17T17:25:42.054000,847,-107.37983280133218,75.06427470995365,120.58514432810563,-694.3547071745729,17.486516103357875,-2.8543969468703096,-28.341990224625803,-56.185987652708874,127.45275480296257,-11.84840932325745,-53.46132803078977,70.89879268999576
2026-06-17T17:25:42.055000,848,-106.42841476729512,73.81536456424142,118.22977823917984,-702.4587516633012,13.5969880859416,-3.872725118280812,-28.39968138295955,-55.37172724900937,128.65166307468462,-12.333782096334037,-52.42735874501339,72.20235517092618
2026-06-17T17:25:42.055000,849,-106.38109033536568,73.5531780714484,117.64171672322576,-706.1618122472817,11.843959675490222,-4.492753662014906,-29.050436761290115,-55.89705682165323,129.33651446355967,-10.533320185232519,-52.85121974611926,70.21359216416083
2026-06-17T17:25:42.059000,850,-105.8680118932296,72.92167590225313,116.0156132625561,-706.6429810500871,11.633048164535063,-6.98798136648827,-28.204593266307516,-56.70929742790934,125.92697824775638,-10.646962715929426,-53.24618411122314,69.29658376884996
2026-06-17T17:25:42.100000,851,-106.2338102748282,71.844735491518,117.21802485442008,-707.4718001854326,12.38904087612404,-7.807117030247639,-27.30897196540814,-56.94165440511837,125.18047906217154,-11.250767885175069,-53.75674536395841,71.15909548146522
2026-06-17T17:25:42.101000,852,-105.74759806798225,72.78353404596587,115.29923117783304,-712.5031437716785,13.736681080640356,-7.736284172516434,-27.419076317898554,-56.95579732620692,125.11450730171254,-10.941964326662706,-54.148499757923055,68.86613371181028
2026-06-17T17:25:42.102000,853,-105.8428739477313,74.87256826186176,115.75141064582286,-715.412347015274,14.081809275029787,-7.869295413184119,-28.50042630370937,-56.099105989749354,127.84878456735743,-11.804440585483288,-53.52554814082116,70.24931622343676
2026-06-17T17:25:42.102000,854,-105.26773635356444,75.2926302969536,114.69496792458015,-717.933344279349,14.541978240155096,-8.660589360543241,-28.526923728994152,-55.71723193391162,129.15409962280137,-12.351360158092069,-53.34251772414469,71.14490215121825
2026-06-17T17:25:42.109000,855,-105.16359968939148,75.30672751673514,113.68894170634339,-719.097850528392,15.552707658269606,-9.661490712624044,-28.80029353686644,-55.878872136185485,129.37384203351155,-11.670489366112294,-51.97459421215658,71.87375643592125
2026-06-17T17:25:42.151000,856,-105.59498888764944,75.8903015603558,114.68708130204506,-715.5997886491137,17.201647920514073,-12.209995948496896,-27.628689284347505,-55.4868969236384,126.34437748636596,-11.595648534588772,-51.72734023757425,70.62046648264452
2026-06-17T17:25:42.151000,857,-106.0953105457227,76.8206423883554,116.53849721802155,-713.4397100160112,17.001694914269688,-12.217684358046057,-26.844381984317092,-55.8121949561371,124.09824715034587,-11.441072841814123,-52.07092782507814,70.68455239688416
2026-06-17T17:25:42.152000,858,-106.21488369162113,77.68332140476886,117.14202726570424,-711.0458148261263,15.621185077802862,-13.57210932292827,-26.80605789640413,-56.1819480578221,123.69071316100951,-12.249150130929557,-52.9603966914722,71.39160884407501
2026-06-17T17:25:42.152000,859,-107.38785661898481,75.07555066951693,121.39255397989785,-706.5862603774676,14.322849321212312,-15.474363003970097,-27.75050678358376,-55.901098586032425,126.14318506498893,-11.43314395446086,-51.90395071197227,70.3261380951273
2026-06-17T17:25:42.160000,860,-107.4407814720378,75.7859906098616,121.92020449283403,-701.2499049424969,11.66317964085333,-15.594551289668942,-30.07609177181293,-55.78188931651662,135.18271115899043,-11.939478498766624,-52.36634860612124,72.64645675248575
2026-06-17T17:25:42.202000,861,-107.02836170707363,75.59710542198796,120.88496195793533,-697.007131134843,9.904674919137474,-15.996963634176552,-30.62353366561382,-55.06865349686518,136.0061180046971,-12.516955009265669,-52.70350935559771,73.7556235493462
2026-06-17T17:25:42.203000,862,-107.56010754556914,74.37920492185054,122.89926048412508,-694.8027081516055,8.60633916254692,-16.439445319231936,-30.712858052147695,-54.85245923818809,134.71346009172484,-11.853702931153004,-50.97915837154882,73.43689152870573
2026-06-17T17:25:42.203000,863,-107.27505641981344,74.43840900698841,121.64203144750593,-695.0175699988574,8.595383598927052,-15.603188955510689,-30.307651801161505,-55.55761369857356,132.4102240473006,-11.986679556263006,-53.25902744365452,71.57557028985289
2026-06-17T17:25:42.203000,864,-107.0305564399493,73.39812076226458,120.11985165172956,-697.6134176073922,11.61113703729533,-14.075793526862128,-27.49234349016907,-56.36177077607129,125.47762167741477,-10.898934729213455,-54.44713051010538,70.00993833753004
2026-06-17T17:25:42.210000,865,-107.17169360360572,74.39048390851706,119.33299786027075,-704.3699272396059,11.860394491465476,-14.151900300338127,-27.35285656852553,-56.1819480578221,125.0302959730001,-11.020838832121612,-53.464538001929,69.21902224168932
2026-06-17T17:25:42.250000,866,-106.52912234112264,76.15530931336707,118.03805626595297,-711.9791889063939,11.29339922250102,-13.987969844591646,-27.335867751021894,-55.58185994586388,125.26449768889124,-11.82168975487986,-52.38561188083107,70.99044708411398
2026-06-17T17:25:42.250000,867,-105.20539823351932,76.89112243305654,114.04788443095734,-722.7800612457069,8.496774703075527,-14.633752159796018,-28.799130008570202,-55.28686755298566,129.47737520617298,-12.32251719507131,-52.135147935109515,71.03458984176437
2026-06-17T17:25:42.251000,868,-105.40935719506804,74.75134185847104,114.4960362359875,-724.9706527762004,7.554522704494274,-14.877096213505354,-28.51121301542619,-55.36970745156598,128.6884815845695,-11.528955680748417,-51.40623279166839,70.71864384633821
2026-06-17T17:25:42.251000,869,-105.31666145131142,73.76743643866683,113.66314471091985,-725.5910419850943,6.8505725964633015,-15.157601317533903,-27.864146300930333,-55.814216923072905,127.16551368690058,-11.694499043863816,-51.31632256889977,70.49824519763663
2026-06-17T17:25:42.261000,870,-105.49353541517128,72.88784499646007,114.23667323026544,-723.3301860272906,6.176753964750595,-15.729268477515888,-27.353128659628787,-56.67494785441725,124.9040872375605,-11.475701338060947,-53.18838394347021,70.00759935055164
2026-06-17T17:25:42.303000,871,-106.66024900987414,71.48951703489729,117.67928433473719,-725.2497690848272,6.817702964512793,-16.772814264534247,-28.71625174390029,-57.29524044928659,125.2757396819374,-10.825710738556813,-55.70908360000531,67.89646407175829
2026-06-17T17:25:42.303000,872,-106.35446908611564,71.55717884648341,117.192475304862,-724.5024885046759,8.006474261631952,-16.413167636320566,-28.331426129766836,-56.69919410170757,127.98324420100396,-11.190960307369819,-54.925581707824946,69.17024069364342
2026-06-17T17:25:42.304000,873,-106.53097218697712,71.90393957665586,117.81134449237712,-722.5026944709182,10.12928014934474,-16.190329077227034,-29.97622747246249,-56.460775562675956,131.21527655268437,-11.648500794493161,-53.53839147325254,70.92152532335757
2026-06-17T17:25:42.304000,874,-106.26855711662682,73.22332976706925,117.27591527379678,-721.7535178583228,13.769550712590865,-15.402584801732274,-29.66754066683335,-56.086982866104194,131.42992178441432,-11.512856336542571,-53.01498688808589,71.50886133458498
2026-06-17T17:25:42.311000,875,-106.05436049587155,77.91731345799884,117.39161829918925,-716.6189608269457,14.82410532627575,-13.930274265069471,-27.850864466250915,-55.17775944017921,126.22907000997941,-12.70946330275451,-50.99842509413313,73.5027862928644
2026-06-17T17:25:42.349000,876,-106.54893082751474,78.3514727128722,118.11379611588345,-711.5526612938978,15.445881354430453,-14.016734211182069,-27.651291536446205,-55.333338080630504,126.61882641387703,-12.002864040848511,-51.76587368274288,72.37135870640824
2026-06-17T17:25:42.350000,877,-106.62851708525952,77.66922418498734,118.61118686014652,-705.4403697119509,17.248214212807593,-13.828914369123169,-27.50715164429773,-55.828359844161454,126.25309712927503,-11.7139722864002,-52.66497935830357,70.5272462447811
2026-06-17T17:25:42.350000,878,-107.36300324933629,76.31036359544763,122.71150999134365,-698.4678529445176,18.058987683586814,-13.81058231092942,-28.292036584255694,-55.61620734986356,129.9782428711775,-12.129662480222056,-52.375981967413395,73.70856559855686
2026-06-17T17:25:42.352000,879,-107.40880818231402,77.27453532924031,122.55814583094623,-691.7810542618682,14.555674900498108,-12.332131254676625,-29.349236905751972,-55.07269309175196,133.26409890091224,-13.078476273852644,-51.24888903985469,74.7507772380912
2026-06-17T17:25:42.362000,880,-107.88643007920075,76.49361231709125,124.04061570195363,-690.0688699035464,12.953297989456258,-12.864452883337464,-31.671806190468487,-55.462650676348076,136.50245223962077,-12.962168678003156,-51.335589291484084,74.39379961215488
2026-06-17T17:25:42.399000,881,-108.48698075353717,75.4617817988157,125.8451986514544,-688.0893742784592,11.978176358924495,-12.145772455341643,-31.520455977263673,-55.551552136750985,137.95049515391045,-12.243490829795306,-52.32781516095262,73.46346659094316
2026-06-17T17:25:42.399000,882,-108.16498958771118,71.96878315512699,123.89289098941325,-689.0479753877676,11.822048548250487,-10.87004529736447,-30.46439809129704,-56.121332439596294,135.22616541805434,-12.19024066047229,-53.22049399848591,72.75242620371127
2026-06-17T17:25:42.399000,883,-108.3280899068402,72.38038746377056,124.29847568887985,-688.8545207777188,12.08774081839589,-8.115276359323815,-28.067768962656647,-56.62039596750644,126.04648034349925,-11.653088717766504,-52.7741563036565,72.34813308475803
2026-06-17T17:25:42.402000,884,-108.44623039265858,74.90639916765484,124.30078496678638,-688.9742302481819,10.926359900871851,-5.823700093328881,-27.76165005848519,-56.74970639373159,124.36268495516015,-11.705353456879369,-54.10996631275443,70.00103911315655
2026-06-17T17:25:42.412000,885,-107.66069019006729,75.78317237674659,122.01094727305842,-691.3781317746636,11.175617355042,-5.458372804672052,-27.611367116926726,-56.248623068378066,125.97095239423156,-10.853125066407122,-53.962255922232885,71.10512705732641
2026-06-17T17:25:42.450000,886,-105.94325049603428,75.07555066951693,116.52781660288223,-700.0464518798982,12.523257559558314,-4.016165439769566,-28.390791152493286,-55.583879743307264,129.82378858382054,-11.349977013771163,-51.60852993092917,71.43698333281351
2026-06-17T17:25:42.450000,887,-105.87001660463247,75.64503052045931,115.94266252952266,-703.1753645200815,13.418946206936951,-2.561813752670986,-28.509516998509802,-55.735416619379365,128.545631116287,-11.749361103883261,-51.0819153746233,72.22664575942203
2026-06-17T17:25:42.451000,888,-105.49466637762782,75.27007535072381,115.26319676457925,-705.2105667584162,14.56115121176259,-2.410004430743953,-28.433001891217977,-56.27488911311177,129.03196938355453,-12.019457360002095,-52.038817770062444,71.38830236710558
2026-06-17T17:25:42.453000,889,-105.63284588740665,74.8387373560687,115.57188310100163,-704.537391554814,13.520293258420716,-2.216974547303778,-28.29624930630512,-55.8768523387421,126.99001037579123,-12.007203103167388,-53.38747111159176,70.60620983787919
2026-06-17T17:25:42.463000,890,-106.0866358225297,73.28817334554037,116.32837895635997,-702.5758346496698,9.595154512330788,-2.5466723414625108,-28.041328473247816,-56.28701223675693,128.2040277471519,-11.368321752612315,-52.53653569036632,70.87834328920695
2026-06-17T17:25:42.504000,891,-105.94164738323599,71.60228571183976,116.37899767302916,-704.7455871345063,10.082716798142123,-3.5678898376512223,-28.389874025662404,-57.01035138261014,127.90341610125245,-11.238058943490206,-53.73747864137409,70.57971421345742
2026-06-17T17:25:42.505000,892,-106.71558225926154,72.15766834300062,118.2786201424262,-707.079728475613,10.520971694936788,-4.131730294947147,-28.444932578579284,-57.47304553958481,127.7041665769754,-10.795108198387016,-54.11638625503288,69.55056097536341
2026-06-17T17:25:42.505000,893,-106.992878047149,72.0223477469316,119.88186454141169,-708.4003826184681,10.227889045196264,-3.737973416138459,-28.90197266072852,-56.40015994445015,127.42978180502585,-10.927150163274343,-53.91729908691133,70.59475156156891
2026-06-17T17:25:42.505000,894,-106.94559949926219,75.61683910799951,119.54710791648932,-708.8086499115514,10.27171424076664,-3.39613278308488,-29.00518891983347,-55.40607682250147,130.1177420278907,-12.255103177227042,-51.36127940422132,73.7763560915145
2026-06-17T17:25:42.513000,895,-106.79242477425171,77.10256256715995,119.30604361518581,-708.8618725749252,11.487875917480924,-2.0802713391180134,-28.336281195703002,-55.82027848489549,129.77062552756823,-11.442902460829,-51.04980187173313,72.69497128244942
2026-06-17T17:25:42.552000,896,-106.30355709870426,78.06673127384938,117.69109058745426,-705.8303458016875,12.846471685617106,-1.4561274362260122,-28.930980745142364,-55.95969223732242,128.4993154341221,-11.145921934614142,-52.24432488046245,70.45296627001106
2026-06-17T17:25:42.552000,897,-106.81027001296542,77.96524158357342,120.37753070817925,-705.3811915212032,13.191599880006539,-0.9938407092836314,-27.493207697609307,-55.193924328203565,126.33162643807279,-12.27649684739913,-52.388825299844775,72.39171130491555
2026-06-17T17:25:42.552000,898,-106.62362845391374,78.52062421473428,119.12374672412273,-707.8484610226024,11.739874468374216,1.1091434903816833,-29.00397150337168,-55.1555351598247,131.71766546089535,-13.051081524618475,-50.6484175643508,74.05208497603803
2026-06-17T17:25:42.554000,899,-106.44605959572868,76.63457543359678,118.89420416041969,-710.8238750787609,9.055552564052359,-1.043810131275876,-30.01494224360338,-55.39799329374308,133.29680996230613,-13.198192826030592,-51.075491984470375,74.6818641595677
2026-06-17T17:25:42.564000,900,-106.72196652125174,75.32082170941341,119.78312698998789,-711.061096727041,8.4885572950879,-1.9070849297559391,-30.440526472120716,-55.39799329374308,132.9225142193846,-12.112022782062375,-51.61174334994288,72.2461762782089
2026-06-17T17:25:42.600000,901,-106.94405343735819,72.3747479704373,119.71492261620031,-711.6214224351959,8.165343169029109,-1.2668043948324907,-29.434698334112696,-56.058697023927095,129.94298241706053,-10.325385678777232,-54.19345314537012,68.91446822162033
2026-06-17T17:25:42.600000,902,-107.61981336525534,71.88984538397757,121.17224086280169,-705.386162456376,5.475542012351864,2.0375244287677106,-27.08371903535437,-57.0224745062553,123.88628771803337,-11.006968759228652,-53.718211918789784,70.86337669667819
2026-06-17T17:25:42.600000,903,-107.18651518392161,73.02034735941407,119.7177737204391,-705.3016568667744,1.9667499769077723,3.9743513542753988,-27.372751051324098,-57.13562221394852,123.50528533541517,-11.53006980400055,-53.21728402734668,70.36258099384916
2026-06-17T17:25:42.604000,904,-107.14947276063737,74.10574246949425,120.2214607773452,-706.0310785276279,0.4684612140728309,4.759972665927904,-28.099634961186045,-56.76384931482015,127.15532557990511,-11.523634395510491,-53.02783022051728,69.11437733432736
2026-06-17T17:25:42.615000,905,-106.12274253810261,74.31718260359766,117.64342087072306,-712.3609682574005,1.3066250644471762,5.0798325778912385,-30.289379323122024,-56.05061566466113,133.676776897798,-11.341341036119294,-54.41501700721522,69.96707305157068
2026-06-17T17:25:42.651000,906,-106.03007277032316,73.72232957331049,117.30358721011575,-713.9105061103581,2.626874889368368,5.972331306429339,-29.707640920806163,-56.14759848433,132.21534476606337,-12.05900048940125,-51.900740740833044,72.21691689521512
2026-06-17T17:25:42.651000,907,-106.30686193834214,73.93659096763216,118.19225706071919,-713.2616506898395,4.010122881467434,6.965040771930916,-29.682020456305004,-56.04253213590274,131.43150718318236,-12.71714678444695,-50.93420498410175,73.80197421030863
2026-06-17T17:25:42.652000,908,-106.33364946765643,74.71187448644795,117.45628525781432,-711.329714429796,3.1774353423575734,6.757966801832367,-28.943596451327487,-56.25064286582145,128.05423735957564,-11.834911225320047,-51.43834284668408,72.3206975528606
2026-06-17T17:25:42.655000,909,-107.04229427701719,76.2145103714017,119.13487723056421,-708.7996381524251,2.615916384657596,6.252096744029245,-26.897485182557723,-56.278930877490964,123.54982860513076,-10.348535381604464,-53.99436597724857,67.64296361118734
2026-06-17T17:25:42.665000,910,-107.10064606451957,75.82827924210292,119.68811316146108,-711.2974325094567,1.4107102715631796,5.4475043391945235,-27.388556481427088,-56.34358609060354,126.43617179387368,-10.364474460529069,-53.9301458672172,68.37952564343006
2026-06-17T17:25:42.706000,911,-107.83226482210918,76.01998569019482,122.21958906243307,-714.2823445055609,0.7588057081811173,4.554537349256407,-28.67705652573721,-55.98595828205613,129.3059801415163,-12.028328932174245,-52.31496838064676,71.66244837191623
2026-06-17T17:25:42.706000,912,-108.03088781790657,75.28699080362036,122.78236402898557,-716.3047484916974,-0.8983519620509781,4.710019571505967,-30.273828907840972,-55.63843379971049,133.68123590762647,-12.162366316733527,-51.412656181821326,73.19027673595406
2026-06-17T17:25:42.707000,913,-108.00734635166265,74.70059549978143,124.73876095371318,-711.6106845097152,-2.161079931058784,4.559575747135369,-31.108861815517066,-55.41819994614662,136.91613537071942,-11.895821753225391,-53.002140107780036,72.69850452324674
2026-06-17T17:25:42.707000,914,-108.63238256660512,74.29463068447112,125.63613397888224,-709.3480831907317,-2.8376396594946316,5.131408479552675,-30.574598700437367,-55.880891933628874,134.8964359601522,-11.546699849901314,-52.16083804784675,72.83319852767977
2026-06-17T17:25:42.716000,915,-108.23944456206124,74.32846159026418,124.60887592226301,-705.0539524564472,-3.338895664558074,6.510947403854573,-29.43931630678164,-56.600189315102895,130.85897923815614,-11.740207647305617,-51.855783905511494,71.88341076448894
2026-06-17T17:25:42.751000,916,-108.64045414221528,76.4682421648497,125.29455476927573,-702.8484034052185,-3.3608067917978075,7.7647606470013955,-28.02492775559589,-56.75778775299757,127.02194822195412,-11.064494215651344,-54.05858953515443,69.16698016672653
2026-06-17T17:25:42.751000,917,-108.13148373692624,76.36393121435547,123.72607845609805,-702.3627551400089,-3.5881531187282203,9.77100799437352,-28.69004000833547,-55.27070266496131,128.63720376950366,-11.990258545348265,-53.413161224329,70.87788012767379
2026-06-17T17:25:42.752000,918,-107.70330647152277,76.51898549643604,122.35608958919693,-700.9744294788302,-3.3991556761037063,10.918751167683695,-29.905673054752214,-55.2747444293405,132.4853584970114,-12.27107211597658,-52.08056118637029,71.70154210363133
2026-06-17T17:25:42.756000,919,-107.51841555730917,75.20241656624093,122.07436345852855,-701.2708212847682,-3.2128963891114286,11.643264733010085,-29.59672095732822,-55.78390911396001,135.22270640340588,-11.764470755314214,-51.252102458868386,73.38836943862911
2026-06-17T17:25:42.766000,920,-106.57950116705615,74.82464013628719,119.1364000200152,-703.206913452379,-2.9198137393709014,11.777888021002354,-30.385138585771983,-56.25064286582145,134.91063167282266,-11.998430027009405,-52.68103266187418,71.29551100939042
2026-06-17T17:25:42.799000,921,-107.65983506224666,73.35301389690824,122.87066407888463,-698.211297732755,-8.044676405108952,12.817008616089794,-28.55805955739232,-55.880891933628874,128.14758836223612,-11.250930918144208,-53.54802483454469,69.63231516735401
2026-06-17T17:25:42.799000,922,-107.5624827593166,73.97605833965524,121.37867111412748,-701.0966057061506,-9.800442971192574,13.460448213936445,-28.259501674408952,-56.650701607126926,127.4878766812657,-10.277630415607856,-54.49529386869168,67.65835609742965
2026-06-17T17:25:42.799000,923,-107.14457692268174,74.07191156370118,119.63480384103133,-701.8086873782906,-10.452350475665543,12.794503304252885,-28.443676147796225,-57.38212211224611,127.90518851370179,-11.951168738787803,-54.010422728693655,69.84656003414385
2026-06-17T17:25:42.807000,924,-107.76356479512009,72.03644193960989,121.59694940728725,-704.2303677615008,-9.019798035640717,13.878726178424671,-29.255623125689883,-55.838463170363234,129.45540870306428,-10.675884596348219,-52.568645745382014,67.86037253111076
2026-06-17T17:25:42.817000,925,-107.25296471408049,73.18668062816116,120.78889454031898,-704.697535525339,-8.682887249238911,12.81269922414387,-29.209231217606536,-55.20402548491292,129.67510428520524,-10.868492410659817,-52.6681893294428,70.1372451226711
2026-06-17T17:25:42.851000,926,-106.84905130591808,74.0352624247931,120.78257779767775,-707.4467393740086,-7.455770008904758,12.788274864686315,-28.800386622304416,-56.1819480578221,131.83910476542675,-10.953180814292956,-52.921863246303566,71.90156700930326
2026-06-17T17:25:42.851000,927,-106.93509449896928,74.79644872382737,119.32394369515438,-707.8424994495294,-6.532690981930999,13.299024099218087,-29.695167591353226,-56.87901898944918,131.06653892585186,-12.62176282740294,-52.7741563036565,71.00807398549065
2026-06-17T17:25:42.851000,928,-107.37936507130863,75.29544853006861,120.79335731356852,-707.8988462442336,-4.779665512570526,11.5441419340072,-28.048141585701178,-55.68086473246856,127.61154549071132,-10.703767345551082,-53.130583775717284,68.67750775743633
2026-06-17T17:25:42.857000,929,-106.88312792108601,76.92777157196461,120.275214340091,-709.9420192163324,-4.489318077371342,11.85898789935976,-28.645592332682057,-56.27286931566838,129.53860134898926,-11.824069480333296,-53.29435091768392,69.06281386962186
2026-06-17T17:25:42.867000,930,-106.79223266645195,78.09774394652744,119.63179749768543,-710.244732839516,-5.538396379791746,11.330379172797961,-28.52437471786601,-55.60004463133162,130.5537432234355,-12.400129686487897,-52.97324347177805,71.08150994239614
2026-06-17T17:25:42.905000,931,-107.07163236675869,76.63739366671179,119.96332153667345,-707.8288436466493,-5.867089758205921,12.285359066088944,-29.20906496528463,-55.25453777693695,131.93404846446495,-12.77518015665743,-51.261735820160546,73.16772300062591
2026-06-17T17:25:42.905000,932,-107.03508935673312,76.22014986473495,120.08236634167153,-701.253781214274,-5.083703725930921,13.931297289894758,-28.391511169153095,-55.048449013954055,129.70892007494496,-11.11069922452598,-51.210355594686064,71.92557445641957
2026-06-17T17:25:42.906000,933,-106.42221631887168,75.61965734111452,118.47130288054693,-698.6446442214996,-5.587700827717507,15.748343265760582,-28.157340595929206,-56.379955461539026,127.8554319418424,-11.2616791172872,-52.6681893294428,70.04920718722232
2026-06-17T17:25:42.908000,934,-107.1214958316099,73.51934716565532,120.65017245431464,-697.4156642044319,-7.335249985813498,15.838512800112625,-27.162926283810975,-56.755767955554184,125.69821741191974,-10.56189359467371,-53.987942587095645,68.06599408329186
2026-06-17T17:25:42.918000,935,-107.45997598330628,74.14521286862056,121.3809228927846,-696.6635638914297,-10.148309321214246,16.017119906893527,-28.847859433170143,-56.77193284357853,126.15531663173782,-11.439581545433434,-53.06315369454667,69.69679806122232
2026-06-17T17:25:42.954000,936,-106.42231204719879,73.29099157865538,117.9420246008526,-697.0430477972682,-10.917995752055328,18.296911784638382,-29.32959323833889,-56.33752452878096,132.76520877361747,-11.738058318199428,-53.397104472883925,71.04901292227399
2026-06-17T17:25:42.954000,937,-105.93665139663511,73.8125463311264,116.99111063540752,-699.2794752999517,-10.518086798475652,19.189125716920557,-29.93883997304997,-56.030409012257586,132.06304989106462,-10.857430857272428,-52.74204280076633,69.018834561281
2026-06-17T17:25:42.954000,938,-105.91900770689965,73.62083988303452,116.69309067656866,-698.5691297970409,-8.986928403690207,21.194246786992807,-29.30322985036311,-56.396120349563375,130.19854198186044,-11.732357677350429,-53.01498688808589,69.97847291553903
2026-06-17T17:25:42.958000,939,-105.03299676228227,74.90639916765484,112.75382679322459,-699.408041186921,-8.033720841489083,23.231134330238348,-28.341642969639253,-56.25064286582145,127.17766176930527,-11.036343962486127,-52.08377115750952,69.22445989351857
2026-06-17T17:25:43,940,-105.34802986777918,75.14039424798806,113.50939817966142,-694.4786971296618,-7.9570260139682,25.525365596877606,-25.994043522710385,-55.70915057464565,121.57292715952174,-11.077984932933271,-52.83195302353494,68.05635221701357
2026-06-17T17:25:43,941,-105.42250778415057,76.6261177071485,114.35203555802705,-696.1548450601917,-10.088049309668614,25.65186711841011,-25.984296852887137,-56.111229113394515,121.72478386497122,-10.11425745509155,-52.54295563264478,66.2130485791957
2026-06-17T17:25:43.001000,942,-105.17785759894451,76.60920225425197,113.04250938856566,-698.3257761461799,-10.53452161445091,24.422233440241513,-27.3616383603385,-56.45269420340999,124.28818731398589,-10.390646823021335,-53.15627388845452,67.21585351888022
2026-06-17T17:25:43.002000,943,-105.82687588157003,73.79280961801163,115.48910432910364,-702.583745380602,-12.440939679944055,24.626463365881932,-28.93931307128386,-55.62428870912953,130.47489266621375,-11.197220484930112,-52.28285832563107,69.1239770306096
2026-06-17T17:25:43.009000,944,-105.58741276505613,72.79481000552913,115.67990632150132,-701.7121012441261,-12.380679668398422,24.66832813706114,-30.04168607035352,-55.2747444293405,132.5782193625205,-11.989924454813773,-51.83009724064874,71.11019722778406
2026-06-17T17:25:43.050000,945,-106.11078800362006,73.35301389690824,117.42519427198516,-699.9423042372376,-12.451895243563921,26.176287630516185,-29.036962015876057,-56.19002941708806,131.32407602836153,-11.388951176186376,-51.78514040532719,70.56115310040326
2026-06-17T17:25:43.050000,946,-105.89052719195956,73.71105361374721,116.77363322410062,-696.8510664074316,-12.380679668398422,26.89166483911731,-28.890325186716733,-57.030555865521265,128.2988428997588,-11.404659991629073,-53.01177346907219,69.0496771524858
2026-06-17T17:25:43.051000,947,-107.3076914426183,74.44686673343668,120.47012269797486,-693.9933562991216,-12.528590071084807,26.827486042696307,-26.952481507885864,-56.85275294471547,125.17950151964183,-9.59301831964448,-53.23976072107021,67.47915472136074
2026-06-17T17:25:43.052000,948,-106.70471246388203,75.35183438209147,118.8336074271499,-698.6916000944223,-13.128454971999775,27.823288060540563,-27.75316163349321,-56.27286931566838,126.87627690817487,-11.081213327293664,-52.459468800029086,69.77979644659045
2026-06-17T17:25:43.059000,949,-106.16503175427536,77.69177913121713,117.92080305538997,-703.6868669470916,-13.931011034791364,27.439854538272442,-29.245785184476865,-55.92534483332275,129.70475986089016,-11.470695837552519,-52.74204280076633,70.67111895395925
2026-06-17T17:25:43.106000,950,-107.16102232324857,76.3695676805855,120.29504686020444,-706.1380512307063,-14.109052913796017,26.192567341831136,-29.00219198314874,-55.70915057464565,131.5060454019609,-11.407098204928346,-50.995215122993905,71.20814484121513
2026-06-17T17:25:43.106000,951,-106.59579090268738,75.20805303247094,119.27648079606547,-706.1587259892988,-11.931466266892986,26.776665753070432,-29.85634643757295,-55.36970745156598,132.2644350144344,-11.835537348603443,-51.04338192945468,71.84619173609916
2026-06-17T17:25:43.107000,952,-106.73166077841475,74.27207573824133,119.35060897698516,-701.8036049727656,-12.512155255109555,27.267278211149005,-27.806764707906225,-55.7576430692263,129.96832429368703,-11.767623132829815,-51.804407127911496,71.64826738491007
2026-06-17T17:25:43.107000,953,-107.3476587620174,74.11420019594252,120.81601973464363,-698.3234918235145,-13.73379618417922,27.2447513860499,-27.804892102245347,-56.55573858490144,127.29144150283736,-11.217046371808538,-53.435637918052535,69.86436902943852
2026-06-17T17:25:43.110000,954,-107.77046138423674,74.2156929133217,123.14654367232545,-697.5939575978324,-15.149913808228794,27.75323096134946,-28.160930617725754,-57.07702639316611,124.88458408161652,-10.828313390501695,-54.023266061125035,68.52815634855283
2026-06-17T17:25:43.156000,955,-108.29932934935817,73.41221798204612,124.93096895837303,-698.8962074090937,-15.859340227524248,27.39691924045877,-29.819761886786743,-56.21629546182177,133.23237757000754,-10.717875062581507,-54.16455306149366,68.96991436945576
2026-06-17T17:25:43.156000,956,-108.28451988352283,72.6059248176555,124.60952156500875,-697.529873002547,-15.985339502970893,26.235258343672285,-31.67597125232072,-56.40420170882935,137.5733720792191,-11.56488688681166,-53.17554061103883,70.35753654159208
2026-06-17T17:25:43.156000,957,-108.3273741568207,73.00625013963256,124.8822148896793,-696.2627864972286,-15.267695675687815,26.67555036860159,-31.36039118509483,-56.01424629372565,138.14546104335955,-12.192801254631654,-52.79663299738003,73.37424686396487
2026-06-17T17:25:43.156000,958,-108.42073976655419,75.40539897389608,124.87806232291585,-694.610578917993,-15.612820928986343,27.434349247414133,-30.311931041218298,-55.816236720516294,135.28134715227412,-11.852765196504524,-52.03239437990951,71.64361533860341
2026-06-17T17:25:43.160000,959,-108.63289826699832,74.39330214163206,126.04763157512389,-688.7990888066184,-13.572189121149824,26.256100069431227,-28.106770301310203,-56.91740815782804,127.50300310789666,-10.844283354059856,-53.8081221415584,68.01960503238985
2026-06-17T17:25:43.207000,960,-109.1417177669808,74.37920492185054,126.42645878600136,-689.5093589506761,-11.309690238738284,25.94127082017991,-27.37878593601416,-57.002267853851755,127.25308876382489,-10.207466192231315,-53.81775550285055,67.5401304211305
2026-06-17T17:25:43.207000,961,-108.82455268676046,75.13193652153979,126.08314420442875,-690.284249885213,-10.419480843715034,25.639264223650514,-28.714302219757506,-56.331462966958384,129.88582258247752,-11.157223695489384,-53.4966480569447,70.06433643543886
2026-06-17T17:25:43.207000,962,-108.93764957626212,77.09974433404494,127.48015383180382,-698.0177208241362,-11.726034008293215,23.444528280433445,-31.02442567870718,-55.61418755242018,136.43582418505602,-12.131500197963202,-51.45760956926839,72.27518143390802
2026-06-17T17:25:43.208000,963,-108.52699733024562,76.94468702486114,126.81081075792002,-702.2038350960485,-11.772597359495833,22.557721354216795,-31.945403783409933,-55.23837505840502,140.48886931649778,-11.983518773283308,-51.817250460342876,72.0606865850036
2026-06-17T17:25:43.211000,964,-108.34490558343029,75.65067001379256,126.31567628040632,-703.9727403817051,-10.561914935136931,23.55834151958055,-31.951306568340712,-55.258579541316145,140.37250851671402,-11.79328778387187,-52.29891507707615,72.86625060944012
2026-06-17T17:25:43.255000,965,-108.65355522632422,73.61801862281628,125.93314202186188,-703.148399897839,-10.896084624815593,24.866454712411127,-30.297180791740466,-55.68490432735533,135.40597617725717,-12.055862829531666,-51.6695435176958,73.3344545246558
2026-06-17T17:25:43.256000,966,-109.40105586195955,74.90639916765484,127.72725128975229,-704.2566633204982,-11.139865767721258,24.67408087574006,-27.392452623388014,-56.820423168666764,124.90427993955326,-10.660217838691032,-52.53653569036632,69.38172009556914
2026-06-17T17:25:43.256000,967,-109.05024346682623,76.6937764916314,127.12669608921854,-705.8817203088399,-12.443677835576295,26.003834236171684,-26.78341230704615,-56.5719034729258,124.74638965285162,-10.87856440413768,-53.43884788919176,68.19752781464777
2026-06-17T17:25:43.256000,968,-108.11471240977482,75.84519469499946,123.36448126785442,-709.8597157018955,-10.978258704691862,26.912576979011988,-28.388787292346493,-56.315300248426446,128.40825673132227,-10.603159441609428,-53.987942587095645,68.68659456207641
2026-06-17T17:25:43.261000,969,-107.07710423762185,75.14039424798806,120.24221211739408,-713.800784352294,-10.608478286339553,27.7891522859359,-29.485009473922958,-55.66268004700082,132.6518441943309,-10.74251431891011,-50.59061739659787,70.2524275600266
2026-06-17T17:25:43.303000,970,-105.79114188900115,76.01152796374654,117.29972364656126,-725.4469688240687,-9.627880344543305,32.29387529890772,-30.315260756480136,-56.28297264187015,134.666938721646,-11.844825384001808,-50.89567153893313,73.47402733922338
2026-06-17T17:25:43.304000,971,-105.02878253022112,76.66558507917159,114.56445191550978,-733.4843722287274,-10.408522339004259,33.68041390715723,-29.66485081908787,-56.185987652708874,131.6944231821367,-12.62282891789048,-51.335589291484084,70.953421331789
2026-06-17T17:25:43.304000,972,-104.68909003679026,76.17786123249363,113.3997889055886,-737.0552984117522,-12.440939679944055,32.99565987163453,-28.497944505430194,-55.44446599088034,127.2532424841367,-11.852567179667552,-52.51405554876831,68.15045831423937
2026-06-17T17:25:43.304000,973,-104.5603647840847,74.51452854502281,109.92643312194974,-740.6387428952728,-12.821675661916236,33.75530345249899,-27.031619067123106,-56.13143359630565,123.86109604252671,-10.765653185788175,-52.844799803840814,66.15966961712859
2026-06-17T17:25:43.312000,974,-104.04493465719759,73.04572053875889,108.5452732362706,-735.668877648659,-13.794056195724853,37.46353577510598,-24.263151161110613,-57.196235662681914,116.55387018164737,-9.768669715379252,-52.93791999774866,65.64018159853046
2026-06-17T17:25:43.351000,975,-104.88064910278827,72.44804927535668,110.79358213096168,-728.7695353752005,-14.760960418268986,39.60151072996018,-25.14865726148244,-56.63655868603837,115.27944100958423,-9.22946693958145,-52.992506746487884,65.36493781368418
2026-06-17T17:25:43.351000,976,-104.45076044304541,72.73278768727627,110.77662091331194,-721.2078625654412,-16.108600622785303,41.04294254571789,-25.94531497590311,-56.460775562675956,119.60319594572236,-9.517128926632347,-52.93471002660944,65.6579628018602
2026-06-17T17:25:43.352000,977,-104.62584673222793,71.34291745216174,112.62630594541477,-710.2421710983517,-16.938547065172017,41.6162722206995,-27.988493349625124,-56.32742337207161,126.22974281974089,-10.26397738342759,-53.788855418974094,67.16323822419162
2026-06-17T17:25:43.352000,978,-105.50125336254646,71.35983290505827,114.73657426524984,-687.0328005656002,-16.95224372551503,42.7787924044969,-29.50651444179947,-57.29524044928659,133.5973985929018,-10.769061424045871,-53.0663636656859,68.86630504973098
2026-06-17T17:25:43.362000,979,-105.9501649068894,73.11056109012677,117.47125220381896,-678.6078660896368,-17.385022311045212,42.60076751096062,-29.60082351765835,-57.095211078633845,132.83076537983098,-11.139313286076252,-53.503071447097625,69.78784308991509
2026-06-17T17:25:43.406000,980,-106.18086924763034,75.03890153060885,118.69883546247236,-670.9000608502288,-16.678334047382,43.44562055395281,-30.15358106531319,-56.612312438748056,132.39133468458945,-11.782829186992757,-54.585204091460305,70.64090229902398
2026-06-17T17:25:43.406000,981,-107.61395237092194,76.29062990943609,122.5807463805663,-657.4286312263102,-14.235052189242662,43.44339353437692,-30.46628499041617,-55.97383515841097,134.8414948031391,-11.168201514173587,-53.34251772414469,69.59674599420333
2026-06-17T17:25:43.406000,982,-107.58161297782885,76.25116253741301,122.59454152767063,-657.6862271911142,-11.298731734027509,43.34672485510134,-29.690298894280986,-56.05061566466113,134.90347467561725,-11.106325822279983,-52.08377115750952,71.80330642773743
2026-06-17T17:25:43.406000,983,-107.34907056640313,77.7312465032402,121.65699374957671,-657.5348859274686,-10.860476837232843,44.963524031400226,-28.84415770953941,-55.15351319288889,132.45148208144485,-11.67761228628482,-50.09289947629399,71.72348535141406
2026-06-17T17:25:43.413000,984,-107.97807102007339,79.30154722688333,123.55746314626245,-658.2595390287072,-12.353286347712395,45.09492566868923,-28.317784286757494,-54.15134654218181,127.10423477852056,-11.372404146917999,-49.64013839131166,72.80906270626052
2026-06-17T17:25:43.456000,985,-108.47637505287601,77.29708724836685,125.05210012588782,-656.213672810169,-13.005193852185366,45.157101797829995,-28.184817375633635,-56.032430979193386,129.25219704106627,-10.875345440049973,-51.688806792405636,69.29533201535945
2026-06-17T17:25:43.456000,986,-108.86725770234534,75.63375456089604,126.56849088368608,-653.078774396877,-14.281618481536182,44.99568267208576,-28.59988045816236,-55.78390911396001,130.8072849082296,-11.305678358826954,-51.91679404440365,71.01982807491945
2026-06-17T17:25:43.457000,987,-109.23871926321964,73.80126734445989,127.35763797119066,-648.8472294636233,-15.048566756745027,45.23138145274632,-29.51149913112453,-56.22437682108774,134.1234232928032,-11.678285080321304,-51.71449690514287,70.9475750316634
2026-06-17T17:25:43.457000,988,-108.78993684220293,74.04372015124137,127.45465586078095,-646.0787165238279,-15.152651963861036,45.57488156994171,-30.718642907275964,-56.65272357406273,135.3596548067808,-11.260078399742811,-54.47924056512108,70.28683197761542
2026-06-17T17:25:43.463000,989,-108.77523601856245,73.91967551473563,127.03365985710685,-642.250023167927,-14.566483723289084,48.47132511763709,-30.702143812473246,-56.2082141025558,137.00409744755257,-12.245482456970695,-53.705368586358404,72.38084249067698
2026-06-17T17:25:43.507000,990,-108.32863575586452,72.54108123918438,125.93584253092739,-638.9308314377437,-13.618752472352442,48.36275125013768,-30.849440939593325,-56.345608057539344,136.45160040614476,-11.842490236019245,-52.17047140913891,71.96772010931126
2026-06-17T17:25:43.507000,991,-107.92424610278604,72.96396453449447,123.63622427639253,-634.7451649818144,-11.468556205044536,47.821397430461076,-30.502547313531547,-56.55776055183725,132.93339246313383,-11.960032930304441,-52.09340451880167,70.43198295210638
2026-06-17T17:25:43.510000,992,-107.96243869662763,75.91849599991885,122.51700505175637,-629.822343775376,-9.08827545517397,49.104725669369515,-27.94603342661207,-57.07096483134353,129.0454684731981,-10.97365151112763,-53.907665725619175,68.10109220629822
2026-06-17T17:25:43.510000,993,-107.87665432977025,74.67804358065487,122.26114370868088,-613.2804772788149,-7.891286750067183,48.412378868426686,-26.39048562950493,-55.913221709677586,121.39044952381707,-11.315492996685922,-53.47738133436038,69.6434480132401
2026-06-17T17:25:43.514000,994,-108.4536252349929,74.60756353595373,123.6970378085415,-599.4351676111621,-8.822583185028572,49.01902563070479,-27.247837575930177,-56.2991353604021,125.35853962626717,-10.525352388649564,-52.56543577424279,68.2790476826975
2026-06-17T17:25:43.556000,995,-108.91544714200734,74.17622251419539,126.36015984425399,-584.2687170852532,-8.587019450110528,48.47670299958975,-28.796426438706497,-56.42844795611967,132.6371618742437,-10.469858874308386,-51.778720463048735,70.46895519426589
2026-06-17T17:25:43.557000,996,-109.39055330864743,73.44604888783918,129.2727907278847,-572.890542098769,-9.975743753474076,47.640513042582825,-30.07003385680656,-56.5375538994337,137.22548316162732,-12.07159019878188,-53.085630388270204,72.76668662853308
2026-06-17T17:25:43.557000,997,-111.07797038607819,73.32764071756344,133.96839058354612,-538.2159920571232,-11.550730284920805,42.852580345963986,-31.99722150706652,-55.549532339307596,138.41004472159736,-12.106211314373237,-52.603965771536934,72.40101049535244
2026-06-17T17:25:43.557000,998,-113.30886147157261,72.89630272290833,141.39868973689528,-513.9462315425669,-9.945615218246711,42.40371774611759,-32.85645699844781,-56.50522629287741,142.15973314251042,-12.024957083460857,-53.65078183761917,73.97575517996552
2026-06-17T17:25:43.565000,999,-113.19987411826992,74.26925750512632,141.82801118820785,-489.5763419394833,-8.713018725557179,42.513732030116714,-32.62660564837688,-57.21240055070627,142.01351162840643,-12.707195428949792,-53.69252525392702,75.77130795519822
2026-06-17T17:25:43.603000,1000,-114.5399580745082,73.80408860467814,146.33822562389363,-440.0873983588294,-4.650925140400737,38.730040188897945,-32.44279732030568,-55.798052035048556,141.37249581019267,-12.73212705523022,-52.79984296851926,75.24536406159946
2026-06-17T17:25:43.603000,1001,-115.51344661927297,75.66476723357408,149.78647710534267,-422.52104296417605,-1.1503505129442686,37.20841627867499,-33.09405191248641,-56.509268057256605,143.1350494592303,-11.530852911143947,-52.436992106305546,74.93762325663104
2026-06-17T17:25:43.604000,1002,-114.64183480067251,77.85247290663095,146.6935119902103,-403.2018580226245,1.4600147194889452,36.597010337766946,-33.374235495134236,-56.07890150683823,145.32507328406464,-13.917790879887962,-53.24618411122314,78.02802799080726
2026-06-17T17:25:43.605000,1003,-114.76520649220956,78.39939781134355,148.0830533901554,-384.2615596548395,4.837331168221907,32.57338387280143,-32.63707750307125,-55.814216923072905,144.14327466499478,-14.25569475703998,-52.6328658554134,79.86796482357207
2026-06-17T17:25:43.615000,1004,-115.44407007142014,79.3381963657914,150.6703689446618,-342.7305676281253,5.020852299581945,27.223228532247376,-33.08358685710041,-53.71694039687666,143.40178036186683,-14.269152846809009,-50.60346072902926,81.56871368760677
2026-06-17T17:25:43.651000,1005,-116.09271936496216,80.37284511718197,151.76001080093877,-318.7084379049276,2.336530395260087,23.619258143491663,-32.68156199060882,-54.54534372166471,144.80704102889248,-14.08641815820216,-50.291986644415545,82.00156193758849
2026-06-17T17:25:43.652000,1006,-116.34664358760094,79.08164936633163,153.09854608180493,-294.35858456521305,0.9971075987313969,22.668895222786844,-32.37945522065108,-55.893015057274035,145.95431423589977,-13.756159878321487,-51.977807631170286,80.45094551428168
2026-06-17T17:25:43.652000,1007,-116.91518496808283,73.35301389690824,155.3510897288261,-271.0279084405648,-2.632207400894861,19.65050570840495,-32.64438369238857,-55.94554931623387,144.79476440005658,-14.01836756199322,-53.191593914609435,80.83032290209127
2026-06-17T17:25:43.656000,1008,-117.91422005114819,71.092006918932,158.17229152130878,-223.5970303302843,-6.173869068289459,14.204932666620294,-34.03768518867852,-57.117437528480785,148.52891124009318,-14.323980610566291,-53.61224839245055,81.40970795015556
2026-06-17T17:25:43.666000,1009,-118.18821704596658,69.84309677321976,158.60488707594428,-203.70561871790383,-5.111097046616948,12.235514526688242,-35.09251550471194,-57.6245824156569,150.62293940310727,-13.506568278096568,-56.261391716922894,80.9424887703481
2026-06-17T17:25:43.705000,1010,-118.24548489375312,71.2442459950008,158.75131032596,-184.87551776948732,-5.752046046379142,9.765092809679444,-36.49555188625665,-57.35989783189159,151.9749988435362,-15.753987311762167,-56.08157127138565,82.4275781489651
2026-06-17T17:25:43.705000,1011,-117.21459599069965,72.95268554782795,156.53182523999152,-164.13664672155943,-4.697491432694257,7.052451347130486,-34.85405042919812,-56.200130573797416,151.52263955304943,-14.823870183244004,-53.647568418605466,84.67064355457084
2026-06-17T17:25:43.706000,1012,-116.59887164241638,74.90921740076985,153.78164816266224,-133.94161067316335,0.32602712265093375,2.835628048517279,-33.71253362376049,-56.28903420369274,146.8276422011219,-14.426592339643957,-54.12923303533875,83.13924468191613
2026-06-17T17:25:43.706000,1013,-115.8127438794121,75.30954574985014,150.3339501172006,-123.36277651360442,4.703114484787633,0.15977384286705387,-32.578472000729676,-56.394098382627575,141.02399311274297,-14.32807315321543,-54.35400686832306,83.0291496604355
2026-06-17T17:25:43.716000,1014,-115.50797207510772,77.00670934311401,150.54347907447217,-111.24551797277459,7.546305296506648,-3.0896756612961056,-29.86108040249467,-55.331318283187116,137.5433922851968,-14.018111231182909,-54.15170972906228,82.95992282015547
2026-06-17T17:25:43.753000,1015,-113.96722620337368,78.23870403592973,146.3893607472539,-90.36878050784908,10.510016131316922,-6.592241957541159,-30.1973078465141,-55.377788810831944,136.896595402214,-12.943645674813672,-52.19937149301538,83.67811120056204
2026-06-17T17:25:43.753000,1016,-114.54539094253684,77.66922418498734,142.88972770163127,-82.87930951853596,10.414148332188542,-6.502633417187868,-34.34566044057261,-54.72921037378551,140.4083291899957,-16.391312052175547,-52.18331474157029,85.53546644801182
2026-06-17T17:25:43.753000,1017,-114.71173474342302,76.96724197109094,138.54013968534116,-80.5513758007879,10.956491377190119,-11.954849878574358,-36.703489513236676,-54.007891025375685,134.45764912520602,-20.66538330936292,-51.3741227366527,86.59753494942757
2026-06-17T17:25:43.757000,1018,-115.32868053530837,77.81864200083788,142.8234455909553,-74.08988504531101,13.51207585043309,-15.631761129753905,-32.68066974066185,-54.642328710826,129.24154534479004,-27.649228570798293,-51.062648652038995,87.99428168779475
2026-06-17T17:25:43.767000,1019,-111.5902069888244,76.89958015950481,133.71294283580042,-49.15972559660632,14.958322009710024,-28.923138953541518,-32.502412496095424,-56.230438382910314,138.6263757575648,-12.85704114977457,-53.17554061103883,78.31737021936073
2026-06-17T17:25:43.803000,1020,-107.4528548892809,79.16340537059605,123.50450470049674,-34.49900014904321,14.032504827104026,-34.2708258065774,-27.979385455041864,-55.1211855863326,136.28272362333604,-15.853999977053896,-52.286068296770296,81.64788381268077
2026-06-17T17:25:43.803000,1021,-105.67674392363563,77.45778405088392,115.32859708461609,-32.03640584446508,9.444505954012167,-33.33380886478669,-29.99826634557249,-54.87670548547841,137.3664616233276,-9.982781393304547,-53.551238253558395,83.15849879716704
2026-06-17T17:25:43.804000,1022,-108.69497325386314,77.49161495667697,123.4695049548879,-31.21677023973646,8.085910185875983,-30.202807774543288,-28.898787922070856,-54.50695455328584,123.88755402695416,-13.362084875486682,-51.688806792405636,78.44430196301718
2026-06-17T17:25:43.807000,1023,-104.54512867738728,70.71141528296648,113.90699290770408,-19.659697797103078,11.463223693518042,-50.085162344093895,-28.524782386393113,-56.10516755157193,126.43715663401308,-16.34970196636192,-53.75674536395841,85.45846077611115
2026-06-17T17:25:43.853000,1024,-107.69323089872574,84.98507280384715,111.18582846043773,-24.730963812301148,19.92157761241868,-101.30674354671108,-31.187774222076452,-57.60639773018916,118.85099797871614,-36.98197895082775,-50.62594087062727,72.28901673278266
2026-06-17T17:25:43.853000,1025,-105.63863891813378,87.6464081309037,101.83222770098172,7.855690827701126,30.951950820537544,-73.18444884509469,-54.520495443802034,-55.02420276666373,108.422376438571,-12.351952629054011,-48.08276107249416,71.91551047648424
2026-06-17T17:25:43.854000,1026,-93.85864208496697,67.08591124922053,23.071605922699447,14.575470004696435,-3.7607186864683904,-124.08344638174253,-31.142751662388275,-59.33594312163623,97.60504975479994,-55.375559810731986,-50.548873980290026,39.39512951418136
2026-06-17T17:25:43.855000,1027,-52.850793677901564,69.6372961324496,-72.59465904871182,47.469303275223105,-10.277046752293133,-130.99815017208115,-58.01296675078778,-49.43752764846046,81.23147701172388,18.034876971386865,-41.859682083126025,46.3290888744493
2026-06-17T17:25:43.858000,1028,-13.9679014236945,56.07407855191361,-157.45282589888794,59.12651231243723,-23.172750985967006,-180.2590373532024,50.9522204742926,-36.04769161634185,-0.038116414038896096,38.075304137756454,-44.05927429375526,107.3148144519257
2026-06-17T17:25:43.905000,1029,-78.34180129624302,86.23116471644437,-4.464973552048235,81.73904369522228,2.133836292292552,-158.77636175842275,-1.1344650011895023,-40.547338218321926,54.45008591782605,-2.0278235139096314,-58.20088662053842,22.067604145346493
2026-06-17T17:25:43.905000,1030,-59.998937669733294,55.83162574513213,-73.89345101873121,16.658340272902656,-12.64089268618844,-116.13224509352744,9.344849279497373,-62.97485879227195,-23.314926577734457,-5.524219278633658,-74.66411143573512,31.994289947740924
2026-06-17T17:25:43.906000,1031,-63.09721384522159,69.46250513725425,-22.66161345454612,31.800699499910053,2.3063989189418193,-104.9208586069,27.99883820763248,-57.62660221310029,-26.82383687257292,1.9605438944111668,-51.454399598129164,32.411196803513576
2026-06-17T17:25:43.906000,1032,-100.63156971133824,58.6395606549242,63.61913176573583,27.616942939731096,-38.295346314469676,-89.35466696759921,11.023288652384508,-61.68376131050924,-2.2398370154078378,31.478136172936075,-61.62068850475973,14.233915690249123
2026-06-17T17:25:43.908000,1033,-78.37302963494498,53.4550318570984,-5.7450452068950995,-7.285165726678365,-7.617377071934153,-74.76971384507802,-14.271231591844547,-55.917261304564356,70.3711311947411,-4.714920198523966,-85.63638237614404,52.28639607256983
2026-06-17T17:25:43.953000,1034,-72.39955795650775,60.094271441406605,20.155200991809647,9.276332558142176,-16.160643226343304,-51.65016096909352,11.075943412061175,-59.95017415468298,101.49533245418588,-23.64268188709059,-45.587751528696295,98.93600164935384
2026-06-17T17:25:43.953000,1035,-136.03770681309751,64.17930488226749,257.862839144444,25.60304055019928,39.66778254268686,8.707679394416472,-56.76289363599547,-78.00129699105553,202.3491958320081,-18.714874069084466,-66.06803973247897,25.015173986692687
2026-06-17T17:25:43.954000,1036,-94.93591347460587,59.719316271671104,109.46091455931905,9.724205082930162,31.332686802509727,16.245755148041205,-112.24385588734656,-78.60744666483632,275.51192018396404,-9.500622337949565,-32.83332598861107,98.91987185260876
2026-06-17T17:25:43.954000,1037,-85.46351014956439,67.79917244978344,59.432582231164986,22.453359850163167,32.41737289251288,-55.95820183720426,-84.61598063347351,-47.404906335376786,333.08395904463094,-94.03985618260377,-35.6012796197285,164.26204086000632
2026-06-17T17:25:43.959000,1038,-114.93017198953895,132.92009411961382,176.43454724492682,32.53592893996471,-18.661443999305124,40.10574578802842,-39.462943239906664,-57.09925284301305,167.26318714693994,18.195048490800357,-42.60465397801224,85.12153294958024
2026-06-17T17:25:44.003000,1039,-107.06291013293027,107.70790217924237,127.91368728366085,31.64404563752568,4.716811145130647,-2.979622243229114,-30.883261376767628,-47.19477580801469,68.21632836684796,-51.4823776339178,-61.73628884026558,148.31691014270902
2026-06-17T17:25:44.004000,1040,-100.87639354605882,59.662933446751495,124.53532501877413,1.4021140713329654,40.615510852532594,-46.26337113643472,9.906274499093193,-55.20604745184873,83.00849487512757,-26.656861303938637,-22.798690721056985,76.38116266264508
2026-06-17T17:25:44.004000,1041,-125.36525432528623,88.182057076053,171.4564986430272,36.45200709016191,14.018808166761014,-14.404813045303353,7.015057641035945,-51.83181636497831,78.55604243665361,8.596617991747188,-62.26290684444593,86.29723797660769
2026-06-17T17:25:44.004000,1042,-109.42272308338764,98.09439744349824,93.5547265094396,-5.308788406726975,24.211017524505532,-30.45270398700038,13.465702056828961,-28.359700377055557,51.28659822633339,-28.243495692031303,-37.84903863681851,129.1940087066544
2026-06-17T17:25:44.010000,1043,-137.51643065393924,84.35357063465189,188.69455282622943,1.589036717413018,-0.22453333033827397,-54.846387807147615,-36.695101505105555,-24.025733572236128,69.57696564505149,-27.701351087362138,-28.106610731293816,79.97508581034623
2026-06-17T17:25:44.053000,1044,-119.48092529755891,56.172750009074555,186.4792053092004,-9.544714201628915,21.21443705774475,10.663472422469395,-20.618136691612122,-63.25368846661824,84.12266823175615,15.595661377963673,-84.40332592224611,53.02617831292951
2026-06-17T17:25:44.053000,1045,-105.49891246292432,45.93620083058343,145.5923250714016,8.392595645369507,52.10057671451227,14.455841733467702,-11.347212153463548,-52.908741554999736,154.96649999276485,-29.973148797879713,-32.203954429230734,166.29826534139647
2026-06-17T17:25:44.053000,1046,-141.80845017426213,70.78753482100088,208.17261317698882,-1.7642009479966778,33.48288306981763,0.8602491738618144,-88.15870251629721,-48.90007495217143,300.0135445673743,-50.416186102908924,-38.972918145363515,120.97831632670038
2026-06-17T17:25:44.054000,1047,-119.79003140454435,85.58556532746759,178.44723270510192,25.33439616098346,3.7718209909171523,30.230731628503193,-69.02850893404725,-63.39916378086776,264.3744981073027,-8.270993690337383,-78.62979804672108,71.05994023925547
2026-06-17T17:25:44.060000,1048,-86.95699771397034,95.16523915741865,81.97487838126196,1.4145078519455625,23.06059217060136,-11.220248748139277,-69.38774313306965,-57.6548902247698,231.5289494374297,-10.330425644892227,-84.63452314538334,99.57622987843231
2026-06-17T17:25:44.102000,1049,-116.05775814548873,86.97825379569711,162.4501158520025,-16.106983972062043,20.127012812109356,57.1297097835672,-27.97843276462402,-66.90270529396334,104.44057796275557,-20.2765786689904,-41.28811069149861,112.490621998268
2026-06-17T17:25:44.102000,1050,-110.278798703191,59.77570212369396,124.58954173660682,12.100553158048726,33.844446080182315,42.60042229398956,-26.458475746923636,-64.97313053186353,106.47599296858459,-19.45279128107895,-28.809839209872184,87.30098350113323
2026-06-17T17:25:44.103000,1051,-122.04050862098777,69.23696778336931,135.90939190552518,-16.410248779748546,16.563437076384115,-18.283917430741656,-24.362507244865498,-61.136205288018445,117.21337103567105,-21.51484003994218,-50.869981426195885,86.69981685790268
2026-06-17T17:25:44.103000,1052,-113.90434712117421,64.53170813287643,133.25293072152996,-10.233167947599439,-10.151047476846488,-15.993900196584113,-2.8155044849581827,-57.96806730311577,61.56459784682092,-1.9467435406677662,-37.21003371614601,59.073464422129604
2026-06-17T17:25:44.111000,1053,-112.46330340527612,51.602810954650714,109.6144704316529,-0.04159275442311827,-11.087820223072354,17.39036518032041,-20.79567616911022,-64.19321970165613,33.516034156195175,13.539537289907688,-67.27219610250043,73.22294719361668
2026-06-17T17:25:44.154000,1054,-115.08689749501605,39.7875033260682,149.05836530448317,-10.554932154347087,-2.5829029529691003,-38.70383320342851,-27.733818255710997,-65.9227650931032,122.85709086530733,-8.374890733097795,-22.650980330535436,68.7178082956607
2026-06-17T17:25:44.154000,1055,-130.0217583508078,47.05824507957167,185.52392680324039,15.390818099003342,5.486497575971732,3.487674131099215,-26.63898293547135,-58.0488874042527,163.779579514571,-48.53190049120337,-55.18567901483866,125.26382899011179
2026-06-17T17:25:44.154000,1056,-104.97525766262157,81.64431020912399,121.22940597180886,-27.008595525618787,-4.042845772589046,8.543208196162823,-58.56736956700311,-64.25181335294613,203.7122750485387,-2.2278967067413955,-72.88195683605882,65.9298648870342
2026-06-17T17:25:44.154000,1057,-117.99829088783576,88.38785771682318,175.57287106642391,24.571947433116193,-8.707539473201788,-49.63857115544251,-43.27104482144398,-40.894864870159985,205.13433840591986,-25.01955910849349,-54.312263452015216,134.97535883913238
2026-06-17T17:25:44.162000,1058,-104.78809608903052,80.06273352591761,142.00089964105587,6.946840778280892,11.561832589369567,5.886375939900953,-51.809988402955305,-61.22712871535715,213.38406454310848,-32.062743648704675,-51.993860934740894,114.75843502887898
2026-06-17T17:25:44.202000,1059,-99.163518805607,82.28145187165251,105.85119073190094,5.944446500489901,40.46486229421397,13.893511811127976,-46.622112866431266,-56.87699702251337,178.54584574999828,-30.47286926403864,-57.08664047328556,80.26242407724875
2026-06-17T17:25:44.202000,1060,-116.34556501549002,100.33566770835971,160.43603965779124,8.27338957070581,28.93870939229615,-39.78663327525436,-34.60985805292638,-31.40862909244243,113.90232958705889,-36.33148000647488,-26.89282444785467,90.4110004206229
2026-06-17T17:25:44.203000,1061,-104.3924944829575,96.72144266128026,99.81469109571313,-4.410651649272685,37.068372873873514,-33.77808118164958,-5.405116230758894,-61.36250287289731,74.87994668515258,-4.376474957600324,-52.18331474157029,54.07322873091235
2026-06-17T17:25:44.203000,1062,-102.6813728200732,103.40014961761153,96.85841212170985,-8.894821350232917,13.410728798949325,-35.18076053654421,0.7868455862969057,-60.38256050254475,61.66877159306179,12.836933357989917,-86.7474151043832,47.70432224825339
2026-06-17T17:25:44.212000,1063,-114.05113290264507,83.22024739899713,130.22078029944024,11.003366019877502,8.357081708376771,-44.27415666189958,-7.056455063279502,-44.49336940548104,44.163588398892784,-21.82603603560183,-46.727684340811905,83.31006624332129
2026-06-17T17:25:44.254000,1064,-101.59440044808602,66.58409320986428,93.0310512760089,-32.625099080664654,19.680537566236158,-46.882239277104446,-3.6965973348944736,-41.21006174594933,79.34872690565511,-26.422171690497517,-60.65736271916765,62.01115569964168
2026-06-17T17:25:44.254000,1065,-103.552219518013,82.87066540860644,105.52459854630038,28.309249083751784,22.20051425189638,-75.09528845039719,-42.12949747019894,-70.92147522299342,159.93399967613377,5.679924135022571,-64.23772177421637,55.11390191529621
2026-06-17T17:25:44.254000,1066,-108.66443389015846,79.00834806141225,114.89258019430093,6.9183829272254975,0.969717219136273,-89.25565790826174,-66.60993092175299,-59.46727551479719,174.12734422112703,-11.663536737241188,-55.03154523416419,96.18002338885033
2026-06-17T17:25:44.254000,1067,-65.54262417536687,63.3335443458538,17.340010885303517,20.950795952871534,-31.09424111222145,-74.2893647854093,-49.56975320629134,-52.22783334190459,183.51412964517755,-40.99233190789125,-47.46623284554519,93.9017781133532
2026-06-17T17:25:44.263000,1068,-70.60225722362092,43.17901530658418,0.7036529256517099,24.44479950647678,-16.870069645638758,-68.11975827347536,-28.56683482941935,-67.3330718443817,99.21513451162127,0.4796714409714298,-55.10861212450142,62.37308041723682
2026-06-17T17:25:44.304000,1069,-79.80341451036817,67.84145805492153,23.49209296196108,33.61636914636035,-6.182086476277085,-68.60245678699187,9.082422777185254,-69.1494988987883,14.2026927120451,-21.921547239004106,-63.80743738295757,67.97083747212352
2026-06-17T17:25:44.304000,1070,-79.40266541825284,74.17904377441364,9.507127326222108,5.147031758224805,-10.225004148735131,-44.56245227920439,21.799351056477065,-73.19453487255207,-34.82207810232771,7.276947200451749,-59.49173979431481,29.84458875517997
2026-06-17T17:25:44.304000,1071,-94.36854615439971,89.11239487694937,64.95362310036421,-20.88337781706582,-1.3256542363166794,-19.386991304361462,11.05610943490236,-60.24718851449702,-11.959733844310014,7.097293611162682,-59.60091673966774,5.488800598734915
2026-06-17T17:25:44.304000,1072,-92.39716316395963,69.83182081365649,63.98090702947789,-31.742978862852283,2.1009666603420434,-27.343706302812226,-5.555927936269828,-50.76701429860204,96.74915126679778,-23.090397813784435,-52.976453442917276,99.87008395816757
2026-06-17T17:25:44.313000,1073,-97.00691797007133,88.76563414677692,66.97001475899563,-3.6339322379556944,12.29043492136342,-6.066414375974711,-28.968055330671245,-45.931964168429076,92.73045759627433,-24.643345658479987,-28.32496462199968,79.99223937111431
2026-06-17T17:25:44.352000,1074,-98.40889335593494,88.74871869388038,99.83865947174216,-11.618268583785301,2.4351363500207057,-19.35545232922196,-19.56647191186505,-56.40420170882935,122.28082107340394,1.337793280414541,-35.69440326151083,81.46372216940031
2026-06-17T17:25:44.352000,1075,-97.95130719457096,71.43595244309267,118.66114690205868,4.5127516211276575,3.8841236060207867,-54.95719720645191,-57.915516398149016,-56.59210795583693,183.0301873565811,-25.792309724246678,-59.812850688095146,89.21353013117604
2026-06-17T17:25:44.353000,1076,-102.76932010933021,67.33118228911701,106.70808525590101,37.566591558711465,-12.846327885879115,-30.95653636139491,-58.4448863490026,-49.63553505217739,251.55689024094644,-18.300287087263627,-66.80658823721224,100.0825196003158
2026-06-17T17:25:44.354000,1077,-109.00679381136992,63.62110401799161,143.55961330548217,23.05115401399746,2.0763144363791657,-14.513465933682237,-60.14746705237019,-49.92244608578964,199.17711953863764,-22.98213675804348,-41.0280133844849,90.19226942085184
2026-06-17T17:25:44.364000,1078,-114.08662982283988,71.57973076560997,146.04299915415743,5.658808521866701,-5.902697545788671,-47.27462282867514,-31.47045555448908,-59.10964770624978,139.24334576887549,-20.676846659879875,-41.0280133844849,125.3951104747442
2026-06-17T17:25:44.404000,1079,-109.81192373052087,85.08374426100809,139.78228848614384,3.8012595058723306,6.976571871909947,-27.28176840792843,-32.222757117238245,-62.62531234299051,97.90882298018924,0.2383468696755262,-76.59075955904478,35.76138275528416
2026-06-17T17:25:44.404000,1080,-119.93379265056086,98.72872087291174,126.62049861703075,-6.626366287264841,19.538103474814257,-7.329230775550094,-10.838943980918225,-39.668422601509846,70.66733307718386,-3.7079666482940787,-49.93555572448028,98.51559336011026
2026-06-17T17:25:44.404000,1081,-103.45835229536209,76.80090870234386,111.15618485275465,1.2955855605792186,-3.1005937740077942,-27.672466861821874,-17.748749994876427,-41.09489424081272,93.02358555125166,-19.537136892517854,-35.347605702867725,104.3278319793426
2026-06-17T17:25:44.405000,1082,-116.96257059505254,104.64905976332379,101.50282692924634,-17.4185554343712,15.73622878962964,-3.9962633588460044,-22.605332586277974,-62.76270629797406,86.6315982082588,-3.8208050465477115,-33.822341886940386,75.79464019380923
2026-06-17T17:25:44.415000,1083,-113.39466342675561,85.60811724659415,129.4636016161984,-4.911896723759666,18.321941798099974,-6.826213956981545,-36.65637282330615,-53.24818467807941,98.9136005641352,-7.935974216670401,-75.75266747025073,74.93085371027486
2026-06-17T17:25:44.453000,1084,-108.35305829774573,53.00113891621349,141.17317611726907,-7.990977594906134,2.2214866834333087,-22.277356339902717,-40.58792447762939,-50.02953223166028,156.49463658865835,-28.69399323883966,-54.16455306149366,90.40231296922641
2026-06-17T17:25:44.453000,1085,-111.66487924047266,78.63339289167676,119.84044353904216,-0.7622286611163593,-10.570129402033654,20.966163886075705,-61.41877285651258,-57.155826696859656,221.24675038873042,-30.596085898445914,-40.812869464918265,102.02632844255692
2026-06-17T17:25:44.453000,1086,-101.34561936202306,60.51151524338343,130.864918596522,-6.2579700387740065,-21.364941816325388,14.020194948001134,-50.28404515646721,-56.666866495151275,225.71809540284764,-29.936004281588147,-42.93218481407103,107.4875398243778
2026-06-17T17:25:44.455000,1087,-109.44954372471655,48.69620761480091,142.51890207616978,10.389784812235405,5.06467749515232,-13.771590599997136,-38.049348334738234,-53.71694039687666,135.35598095429182,-21.20137471325197,-69.85390589792769,56.65517329130685
2026-06-17T17:25:44.465000,1088,-106.41525765765827,84.82719726154833,123.2501604978862,-10.04902168233572,-10.082570057313228,35.539393344525116,-29.358948857261655,-50.09418961426528,108.31598418399521,-6.106004780103246,-60.650942776889195,65.15381662672499
2026-06-17T17:25:44.503000,1089,-114.39510620538101,52.59235586778817,142.94186510727405,-9.08982986767867,13.049165788584638,16.28371874870651,-19.71044041599972,-56.37187410227306,112.09170133157276,-29.94869743715344,-49.73325858521951,107.12321224696913
2026-06-17T17:25:44.504000,1090,-110.45178796116238,80.85492947052668,124.23686351675579,-15.87987532624833,-11.816422555066207,-14.491915552985304,-18.27631432613918,-63.66586816207646,110.41602693439421,-27.104405518233264,-35.742570067971606,99.82090613371376
2026-06-17T17:25:44.504000,1091,-109.26225549619116,99.43070308680815,121.86382896770766,-27.31338365826238,5.81792911001815,15.102868268113841,-0.08404765606920073,-49.79919505189464,59.09135077629045,5.5660399125032205,-54.581994120321085,26.695794332539904
2026-06-17T17:25:44.506000,1092,-107.66434983189032,62.85709645873911,118.86603702068673,-2.3481512237746864,23.016766975030986,-10.637409710630404,-9.70626753426659,-49.90628336725771,68.69309521365025,0.3885989840411739,-54.98016845656418,57.54441687969406
2026-06-17T17:25:44.516000,1093,-115.07644036601238,88.56264871201853,142.07701504329384,-13.157989724479696,4.714070048407501,-12.614036447936348,-28.09782890605188,-59.89360030083637,119.92049343463582,-30.726898517810938,-51.86863068581736,114.67210066828439
2026-06-17T17:25:44.553000,1094,-111.35700993759562,81.63303122245748,140.017776447871,-1.3251644712740482,24.484927202638563,23.2674632125077,-26.71565081996993,-59.36220916636993,148.5530360407959,-20.049899206113434,-43.099161927176894,83.77983588323357
2026-06-17T17:25:44.553000,1095,-107.2816641331855,77.34783360705644,131.0581485338959,26.01640079749545,3.4869528080733505,-17.077934210982512,-52.98071349784266,-45.51170094421247,184.97267951045902,-18.582470979089084,-54.090699590170125,103.43058784258729
2026-06-17T17:25:44.553000,1096,-107.19026261224516,79.25925859464199,116.71306810291448,-2.8459300158984355,1.7832288455477354,-18.78397548695987,-55.29490602688199,-54.72112684502712,197.8166121674805,-17.740954272536055,-63.07852223951645,70.49376120296539
2026-06-17T17:25:44.556000,1097,-105.48204659530515,69.40330105211639,138.38211402938583,13.066058240221755,12.052133030813142,0.1958716225412842,-43.26203126618503,-66.73904529424607,158.21033815246398,-8.808904592267895,-66.9542986277338,73.84059161498037
2026-06-17T17:25:44.566000,1098,-110.89716782696752,62.89656685786542,131.179448364481,2.547124682762232,5.626193511761392,5.947346185613439,-36.00677292007709,-59.03488916693542,155.17096585234015,-34.3784803124734,-34.01500566490901,123.11648589426126
2026-06-17T17:25:44.604000,1099,-106.37245089499586,93.3806800665571,114.81698316456665,-8.368301676335006,-6.973686975448813,1.141383915274928,-21.804933041628914,-50.33260815329689,97.45613835660085,-26.00430602158292,-42.49868700379853,88.36714009553494
2026-06-17T17:25:44.604000,1100,-109.59185552846404,72.3493747910925,125.45148304125726,2.4442773048112776,5.176980110255954,-0.30164751934553047,-11.996025522025432,-59.055093649846555,92.96464761307574,17.589694783030495,-66.05198298103389,25.350851327040914
2026-06-17T17:25:44.605000,1101,-111.03823047155339,82.89039909461799,117.69503056736585,-19.07430906023287,2.728221940852133,-27.99512682450669,-10.978435069478826,-63.59919315152049,86.49120996954468,-8.47860673327982,-72.90443697765683,54.11736463167055
2026-06-17T17:25:44.607000,1102,-100.95860783958796,74.49479485901126,91.91963006607632,-16.122721707294765,-7.855678962484437,12.67941367470105,-13.99694437761892,-50.33058618636108,94.02486755383863,-15.890786629746136,-29.863075218232876,96.21298348010467
2026-06-17T17:25:44.617000,1103,-111.71100983846159,66.88010758134712,125.36403220047946,1.8197914198264504,10.718189486639838,8.358276313787448,-26.193877453891375,-54.27055581169762,110.97219004181166,-11.438209041753815,-52.37919193855262,69.04993548833515
2026-06-17T17:25:44.656000,1104,-100.3869856083217,87.61821369134064,111.83332818755665,-2.7909961618952854,-0.5313126404218073,-22.48225463079809,-30.642127950415873,-59.30765727945913,148.8260495248079,-9.51947571783513,-66.41162387210836,61.8429175923333
2026-06-17T17:25:44.656000,1105,-98.42586880628629,80.35311143117043,92.55993462273149,9.761405118542678,3.0541742225431667,-10.836322409336736,-36.18133805566357,-56.45673379829677,144.06148907575613,-20.59829080322459,-62.699614625857656,87.85199423194439
2026-06-17T17:25:44.656000,1106,-105.93288637289439,64.43585490883049,117.7973787077161,16.614607626742266,-2.599337768944352,-3.8231979224835024,-31.296305160671402,-55.1474516310663,153.92451319722335,-12.254887889935805,-42.02344922509266,95.33354901321717
2026-06-17T17:25:44.657000,1107,-102.18818481633087,69.60346522665652,106.30023310759951,0.9383780814315261,3.3910850089449727,-11.48219234883829,-34.89019234614059,-52.75720467892765,145.25157187302753,-27.885090488599587,-52.38561188083107,101.39553789274808
2026-06-17T17:25:44.667000,1108,-96.86917145239826,74.3059066440344,89.79911759844092,9.044657983323143,5.294761977714974,-1.883616338213347,-29.205853152895056,-59.867334256102666,111.11757178069546,-17.105715597085076,-65.45472147666922,75.7205721756104
2026-06-17T17:25:44.706000,1109,-108.0391674630493,78.5995619858837,118.3378703727877,-6.120828537158625,-16.064775427214922,-3.3733294457652496,-12.209560320073209,-56.501184528498214,94.56032286319865,0.5160477277396467,-52.00349429603305,75.46700525913978
2026-06-17T17:25:44.706000,1110,-102.38223996608347,68.48705744389831,96.5280196410138,-2.705869865528796,3.7060817270161373,-25.02032561117242,-25.20603982328143,-58.66311843729947,109.91387242054446,-16.926789997715062,-42.9771382015181,88.97889445674129
2026-06-17T17:25:44.706000,1111,-100.31609632264417,71.78271317326512,91.30772276044657,-6.247058641151027,1.7585766215848524,0.042267952075728976,-12.46740872394603,-55.56569505783953,106.93325722492851,-12.659977005784798,-51.268155762438994,66.18962282458853
2026-06-17T17:25:44.708000,1112,-105.78677175859154,76.86010976037848,107.00539572605265,-3.5551983819476156,2.7254808441289895,4.8360178376343965,-17.28396205834097,-49.61533056926626,84.78059748143738,-8.593634050289177,-62.97576523644197,71.38740392640517
2026-06-17T17:25:44.753000,1113,-98.49824362353482,87.88040018413366,90.46739791125421,-2.7254722157906963,-0.16975257114802625,-21.252059969645238,-21.987648838370074,-52.068215106566534,83.22543792862677,-14.283558952435289,-45.4496744994669,79.7413919981029
2026-06-17T17:25:44.754000,1114,-100.58508567611531,79.85975111826244,101.06929740100982,1.9723696231856935,8.641946950129668,-13.397584385277346,-36.39048081954395,-61.05336538943813,156.36238994143815,-9.833534662619027,-58.91053504139523,68.23037906023038
2026-06-17T17:25:44.754000,1115,-101.03093188592388,76.38648313348203,100.42576815362098,5.22659892530929,7.012179659492697,-5.783187678884135,-35.45785079438996,-56.911346596005465,163.59570596915898,-13.925732568135361,-56.27423504935427,69.62128348797808
2026-06-17T17:25:44.754000,1116,-98.0530473716377,69.02270941615087,90.51363604024061,15.217990981521307,0.2794608303574091,-12.264558553893119,-34.6236046099213,-44.41861086616669,137.58241053919323,-18.96282636317151,-50.38189686718417,104.29981566760642
2026-06-17T17:25:44.758000,1117,-107.2483798805944,82.16868319471004,116.66926167800959,0.19011681226735555,-2.08712325917014,5.530870488871136,-32.16901235534546,-52.59152271227459,119.64175277955754,-9.491257853289186,-51.618163292221325,59.69183679439778
2026-06-17T17:25:44.802000,1118,-104.70200984064019,73.26280016619556,114.42745401938608,-0.8431584210092327,-9.203319167000748,-10.679019326960747,-26.082245241836826,-61.53020246750134,113.92815614500138,-11.50718525932281,-64.17028824517129,83.91214055775939
2026-06-17T17:25:44.802000,1119,-103.50464370673001,67.04080438386417,100.37235741449703,0.5933592702200374,-5.360354500787094,-10.42387552019649,-27.798824066286837,-53.72300195869924,116.6866835448481,-18.92506148705214,-55.943494242156255,76.65644688254766
2026-06-17T17:25:44.804000,1120,-103.07160795861185,62.86555418518737,100.74079765737801,-1.0955129923823326,-1.947430264471382,1.194510349222209,-15.384745077403492,-49.793135659564484,101.77959313351799,-4.829304714187019,-46.743741092257,62.510900630061975
2026-06-17T17:25:44.805000,1121,-100.71937048710419,84.02936182360598,97.58385177865756,-3.6291208468978744,-0.742224151376968,1.4228829662205775,-24.73621264693321,-65.78941073300642,100.07848624060728,-18.072782163262026,-59.41788632299127,83.07201485599386
2026-06-17T17:25:44.809000,1122,-103.00854453403703,77.81582376772288,105.18742952635597,-2.92472946499435,-1.933733604128371,-8.588004079906753,-20.98303448313831,-56.71737878717531,104.60610287905202,-19.993316097306717,-53.891612422048574,86.95823248375743
2026-06-17T17:25:44.856000,1123,-104.79349614228573,77.06027393491863,110.98594421383496,-0.516390496963032,3.111696078456556,10.564406446873335,-34.89240534803,-47.39480517866743,135.5560291135313,-12.778276228809672,-53.45169466949762,65.46397635025868
2026-06-17T17:25:44.856000,1124,-100.97149666760116,71.95186770223046,100.50161603632901,1.8435480093645593,11.81383114026286,0.5664811236668428,-33.51146523235577,-52.71881551054878,151.67255200078378,-6.611671010474723,-52.530112300213396,72.94883852117121
2026-06-17T17:25:44.858000,1125,-104.8684814775707,78.15412677144705,121.32335549075663,-0.41379497067784216,2.1064429716065254,-1.4147737374550817,-36.070092268937735,-58.66311843729947,130.58587160530382,-22.43733955526928,-53.14021713700944,87.93238752492223
2026-06-17T17:25:44.858000,1126,-111.68755987872953,76.47669686419471,133.80263756003467,-0.13498583479598447,-1.268132380403293,1.7378706551133207,-23.542354027104913,-59.06519697604833,110.02973442495211,-11.719168671092714,-56.02698107477194,77.11197184621282
2026-06-17T17:25:44.859000,1127,-107.03556918732804,77.68613963788387,124.5107774754335,3.1023852427925895,7.529870480531393,-4.200363594767235,-34.462360090967536,-50.93471606269849,135.65067401679576,-9.885232014296909,-50.866771455056664,73.88770307593522
2026-06-17T17:25:44.907000,1128,-109.88525941106994,74.31718260359766,126.18158810870969,5.825206509654619,2.177661487862928,-7.706559671958762,-40.78570109045224,-50.44979545587689,133.16096307717703,-16.86912381362008,-54.469607203828915,79.99311434818046
2026-06-17T17:25:44.907000,1129,-112.03047839283285,84.82155776821507,132.2205844870952,6.687288200364476,3.459562428478229,4.540686051292742,-29.443524861913996,-61.419076726743924,112.49419555482366,-4.711962086356001,-54.5338273138603,70.67232015507132
2026-06-17T17:25:44.908000,1130,-105.01370001604151,81.62175526289421,114.12547260129348,-9.256387668715199,12.701299438562966,-8.667705313170076,-20.32581853905376,-55.56569505783953,99.49704188239012,-13.735580067060974,-52.32460174193891,90.17558825212407
2026-06-17T17:25:44.908000,1131,-109.37111847188748,77.73688599657346,122.5066204814791,5.448370238103104,-2.4130784819520743,-1.2530710893609875,-20.574115569226237,-53.25626603734538,111.49431675672156,-21.48471377184863,-48.708922660735276,79.07477168472774
2026-06-17T17:25:44.910000,1132,-110.3891621183221,73.09364563723024,118.83561500687138,-6.012210538032505,10.904448773632115,9.94623082871047,-42.58343740927342,-55.40203505812227,145.93512558571308,-17.86473201266145,-59.392196210254035,79.86574058751316
2026-06-17T17:25:44.956000,1133,-102.60356629483701,71.55717884648341,104.1681459268245,3.1509558221138887,10.36758203989502,-3.220162644450724,-31.997923478670142,-56.73354367519966,143.91948839870162,-20.58174794732063,-46.66346423078053,90.09990794635634
2026-06-17T17:25:44.956000,1134,-104.88002918017625,77.31118446814837,118.22593967362565,-0.1381935951792348,-7.247596653581843,2.859995418193933,-35.325705221509764,-53.13705676782957,113.61106410098304,-16.73297839147631,-38.773830977241964,100.50229241288956
2026-06-17T17:25:44.957000,1135,-111.37280016088778,79.93023116296358,133.1646028542704,-1.1189616234020852,1.9585325689201463,13.61253892708207,-19.731488026620035,-55.90917994529839,123.60947881307607,-13.446872715270423,-60.29772182809317,68.01939621719995
2026-06-17T17:25:44.957000,1136,-105.52313269176041,75.05017749017213,114.75292005957044,-3.556472014184353,1.964011821275531,-1.8541600421376976,-29.73981316300145,-53.126955611120216,127.07487285957652,-19.674197951008612,-52.109461270246754,86.54577144216607
2026-06-17T17:25:44.961000,1137,-114.19133613342461,69.8853854054611,122.47246510526136,-2.982053063128859,-4.757751444239889,13.260727611082,-23.072290446741924,-53.29869697010344,122.55405700966872,-26.92290332370455,-49.73004861408028,87.08591418100802
2026-06-17T17:25:45.006000,1138,-99.95513205330687,78.82228110665363,111.40981175608295,-8.506746556887673,-0.6737467318437094,6.357763998088801,-24.287484336979553,-58.96215042506446,113.24454453055142,-2.5297048499842703,-46.72447436967268,74.66776407132173
2026-06-17T17:25:45.006000,1139,-108.4256867360762,75.4194961936776,116.26834242900244,4.969562261258751,3.174694245634427,0.938384717308891,-25.634264301797298,-59.14197531280607,118.45974357939183,-9.695602064641907,-55.96276096474057,65.44373497103801
2026-06-17T17:25:45.007000,1140,-106.00470007935044,70.54226075400116,119.24693844689826,-9.371865101402536,-3.9004116811671437,13.383832900402947,-32.39352474731281,-54.92923974443825,121.54960396369484,-18.431251777969234,-51.65669673738994,78.94239381645866
2026-06-17T17:25:45.007000,1141,-111.09677633985078,73.09364563723024,123.89811548489138,0.9233552295330467,-0.0410121989782371,10.566795325479355,-30.434414668948833,-53.99172830684375,136.46167648236474,-18.433862321645037,-44.74965599202776,87.40539865823257
2026-06-17T17:25:45.011000,1142,-105.40447451121068,69.49351478282907,106.96121710731994,4.469365940879161,-0.9367008463568718,-0.42785388425264803,-36.569001848309746,-57.81248866266448,136.76657801688927,-9.960462053579311,-53.181960553317275,90.58118406719774
2026-06-17T17:25:45.053000,1143,-105.0350598966904,78.65312960479154,124.94870645182712,-1.9266523143862702,-0.42722743330580376,-4.185878526007215,-29.083458793965864,-59.234918537588165,135.79987387229392,-17.539489514497955,-54.687961094534785,72.33025781715789
2026-06-17T17:25:45.053000,1144,-106.911493860252,77.79326882149309,123.76830374309189,-3.484525095247474,1.0957135534920153,-2.694342414509162,-33.37981421141572,-50.762972534222854,121.0374659159993,-9.851742006758414,-59.295866045206964,86.11614571941318
2026-06-17T17:25:45.054000,1145,-108.87900962723117,77.40139819886106,123.2086496508596,3.508624711417412,3.780035457813875,0.7104403753953134,-32.55743423712813,-54.32510986810084,136.8619622899044,-27.285658166859534,-41.74408174762017,91.5126941327091
2026-06-17T17:25:45.054000,1146,-109.09364675034519,81.10865823687145,119.22066884400486,-2.61452765799861,10.638753562395808,0.898605451560657,-21.134455257766056,-54.99187516010744,132.08223990186644,-14.950446631734401,-44.96158994045518,90.02486726199488
2026-06-17T17:25:45.062000,1147,-105.9275466732225,81.48079517349193,116.14329372167867,-2.1981478362619327,4.530551858138369,-2.8043408506577983,-33.635611036481755,-57.27705576381885,122.9076839994548,-6.874386436061716,-51.04338192945468,64.68150338360006
2026-06-17T17:25:45.106000,1148,-108.84987554735787,76.96724197109094,120.34908048595159,-3.3423467930504103,2.0680970283915396,-7.875447148705858,-22.834009006283978,-50.439694299167535,113.00773712380659,-11.622524235890305,-51.36448937536054,83.72095534199904
2026-06-17T17:25:45.106000,1149,-107.81029632003242,80.53072065948078,123.09893567120783,0.5815686334558792,2.196834459470426,7.624122444337514,-34.080525706486824,-56.14759848433,124.3223500915158,-24.00504257231628,-52.37919193855262,89.80013505011766
2026-06-17T17:25:45.107000,1150,-106.47069967648147,69.98405988972529,113.56745486438915,0.2877933803307614,2.911740131121265,3.1132626251807425,-26.744386000526514,-61.354419344138925,134.20595828400738,-11.411428946455318,-47.61394323606674,82.9069476946092
2026-06-17T17:25:45.108000,1151,-105.53188191302317,72.19713874212694,117.8445109703207,0.7513478433728007,-3.163591941185663,-8.115381475110283,-31.512181862225628,-54.68879923847083,131.7495007458441,-14.726768622164235,-54.376483562046594,68.9320866788613
2026-06-17T17:25:45.112000,1152,-104.4434118240646,77.47469950378044,111.63367772240909,-2.3989856033716603,-1.9912554600417576,0.5043541866321329,-21.537383743453983,-56.85477274215885,130.53339564494036,-5.497083590246822,-54.1356529776172,69.87898755017825
2026-06-17T17:25:45.156000,1153,-104.44524956934774,76.98415742398747,106.77034182960838,3.8646794753463523,-1.0873523457663998,5.834887181154011,-36.36210762297545,-56.77193284357853,124.02357797016565,-19.912346518487798,-59.89633752071084,88.6020653648712
2026-06-17T17:25:45.157000,1154,-103.30645513112829,69.23978601648432,108.19158762860746,-2.118627888424434,-2.5116844367126925,-0.4926937164169147,-25.87378888087427,-57.929678134736896,117.88653199725981,-17.250812322084215,-50.43648706379787,86.50941197076591
2026-06-17T17:25:45.157000,1155,-101.95859537723331,77.90321926532054,102.49843732579286,1.6859146751739948,1.848968109448753,3.1835260866601067,-30.044168148155126,-53.94929737408568,107.37991019336549,-13.397290907511941,-56.611399246705226,69.45165322260472
2026-06-17T17:25:45.157000,1156,-102.88627596897366,74.94868779989616,101.16035189627402,-2.5218617030902823,4.3771622030966,-8.244453600565407,-24.526756377605004,-58.347919392017694,114.86150833498871,-6.123547007057347,-58.03711947857178,67.21902144247127
2026-06-17T17:25:45.163000,1157,-105.97131335155657,74.99379466525251,113.06830766076962,0.3814627567239335,-0.4107926173305469,-0.26606908221817005,-23.06951797348259,-56.4183446299179,117.45799902850455,-14.554954463076886,-53.87876564174272,76.08636410175595
2026-06-17T17:25:45.207000,1158,-103.56798913293288,75.236247472034,105.92267334510694,-2.9102381121192593,-2.810249279899508,2.2389978601937877,-31.36774528161243,-55.20200568746953,119.36125214584033,-18.15876794567328,-51.54430982089779,88.59598474080475
2026-06-17T17:25:45.207000,1159,-103.33395141626443,74.02680469834485,107.54135926771639,5.092464785513647,2.71452528050912,-5.131861241084858,-29.36686809966173,-54.29480205898793,127.38820605219225,-14.333105776325908,-52.19937149301538,73.28919765422292
2026-06-17T17:25:45.208000,1160,-104.75246621250855,74.30308841091939,114.20038018906078,2.5613344372709914,2.5967434130501004,-6.940792194753827,-31.926180844319987,-55.25251797949356,130.41534365886744,-10.565102965158376,-58.24905342699919,75.42206766545965
2026-06-17T17:25:45.208000,1161,-106.19945687739543,80.62939514374497,115.83914824359499,-2.33744412505268,3.563647635594235,-6.202016557219731,-27.528625904756858,-58.166074706832696,135.8845228079022,-15.461606352040908,-56.733419524489534,76.29082845848816
2026-06-17T17:25:45.213000,1162,-104.7704391671854,76.29626940276935,109.32336879158844,6.640100226810684,3.626645802772106,-4.665279694478105,-31.80081458161088,-55.66268004700082,124.73524781942403,-15.317388884386554,-49.90023569832537,84.19314800903125
2026-06-17T17:25:45.253000,1163,-106.95985460118071,79.85129339181418,115.7296739704496,7.090146777527241,7.968128318416964,-3.6554693798398565,-21.58720262474329,-54.23014684587535,116.4554709976954,-15.511216143879594,-49.094253664547004,78.6235279351667
2026-06-17T17:25:45.253000,1164,-104.4371177955557,77.27453532924031,112.03807916916188,-1.1714676912225532,6.927267423984186,-7.118990795437893,-28.562035003223336,-57.10935616921482,121.725219865401,-11.3878640122059,-54.44070711995246,73.1159097632554
2026-06-17T17:25:45.253000,1165,-105.0575577624962,78.9745171556192,110.15479359383264,-3.5496937700294438,4.325119599538598,-10.939190482577402,-28.91629121565778,-55.28686755298566,119.10674318320734,-14.614362388584162,-57.22471750251497,79.23150080840088
2026-06-17T17:25:45.254000,1166,-104.11968804755108,73.35583213002324,109.87185298598162,-0.6032081933547335,6.398621039325623,-5.565063796825364,-23.466229000168426,-54.961567350994535,119.8783330867186,-14.644641541303363,-47.59788993249614,85.64104337423825
2026-06-17T17:25:45.264000,1167,-103.86624695103652,77.09974433404494,107.35253560505784,3.4139085258873054,1.4545384082244632,-1.799386349682659,-26.75479242948989,-54.93732110370422,120.2253345891844,-14.64313978984136,-56.44121216246013,80.26577793656762
2026-06-17T17:25:45.308000,1168,-104.35977854060891,72.1520318767706,110.35940539846027,3.1549886129775624,-1.1393949493244016,-4.963430002931257,-26.070471375097775,-58.016557628204,123.5805780818172,-11.850435934300702,-56.88112991501109,74.8361059282048
2026-06-17T17:25:45.308000,1169,-105.3674905461838,76.35547348790722,116.56173211241529,-4.01918980760355,0.23837379041927437,-0.8780506839211624,-30.57949656481211,-55.893015057274035,125.10265504800036,-15.483682246522209,-55.56458662849745,76.95152178242712
2026-06-17T17:25:45.309000,1170,-103.29828541546235,72.38602393000058,104.12273901499427,1.759993928680793,0.8711083232847516,2.133027547436862,-30.538437354344698,-56.29105400113612,131.41526384024607,-12.897995252479916,-49.293340832668555,81.68025772814872
2026-06-17T17:25:45.309000,1171,-103.43300127338011,74.66112812775835,108.65288839453984,0.6840215467179076,-1.2188279324775273,4.900043971464604,-26.819380020632355,-54.33319122736681,118.33777869913769,-16.67449591798464,-51.547519792037015,81.61024677918863
2026-06-17T17:25:45.315000,1172,-104.07834269332841,74.13393388195405,108.87495835860737,-2.874094949715534,-3.1005937740077942,2.9534004913203495,-22.6424356240437,-56.14355671995081,114.59917581635378,-14.672234133501973,-56.261391716922894,80.1240348150058
2026-06-17T17:25:45.355000,1173,-105.66059949938473,73.31918299111518,111.43845536331604,-3.3630740920122126,-1.073655685423384,0.2535598664419395,-27.21837404487964,-58.19436271850222,109.06738351603899,-12.083547561897564,-52.91222988501141,70.65843272661735
2026-06-17T17:25:45.356000,1174,-106.597335330907,70.65221119782862,113.1330679870467,-1.6008517179314612,-0.18618738712328314,-1.2164371902778925,-24.574769198171055,-56.086982866104194,124.63438609681171,-12.651086964477292,-54.26088667441521,79.69070624847465
2026-06-17T17:25:45.356000,1175,-105.12191153447453,74.80208821716063,113.5968513022718,0.506830886184877,0.7944134957638671,-0.7032797076975816,-28.096983465439695,-56.71737878717531,126.255964803341,-14.488081428136313,-51.216778984838996,76.76761862994256
2026-06-17T17:25:45.356000,1176,-105.27061306689754,77.7030550907804,113.15614199334732,2.5410635580094647,-2.130951395831419,-3.0929080542479017,-30.24563625146353,-52.918844881201515,127.1075609056666,-16.4627873908326,-55.82147396437194,87.22452362446572
2026-06-17T17:25:45.365000,1177,-105.13730307978625,78.84201479266517,112.94104996895783,-1.6124132675257519,0.17537562324140568,-4.286747749238902,-27.517413635477613,-54.367540800858905,126.68014646251478,-14.246538532774359,-51.216778984838996,79.52473062226073
2026-06-17T17:25:45.403000,1178,-107.11456721994725,77.31682396148163,119.27700269590105,-1.1449842229616574,7.160093003269984,-2.815893069608136,-30.356160207481324,-54.46250382308438,138.1352897007029,-15.63734908067187,-53.01498688808589,85.43544786875592
2026-06-17T17:25:45.404000,1179,-104.84656945366447,78.60238324610194,110.9345401696039,0.2801509123291217,7.7462612438419365,-3.1682899237268995,-28.938099977760054,-54.45038069943922,129.34578918358696,-15.556789054491794,-51.929640824709516,82.16790985694949
2026-06-17T17:25:45.404000,1180,-105.79986154860791,78.82509933976864,117.76314707098278,1.8501158768956862,6.486271430466374,-4.354220274598934,-27.210891509218538,-53.048155307426676,118.69563759916848,-15.700198342017924,-49.41536111045287,81.89950578986995
2026-06-17T17:25:45.405000,1181,-106.0814798500976,76.73606512387273,116.05391976857857,-0.8051886976229223,1.8051429138783772,-0.7260496758535679,-23.604300549905773,-54.62212205842245,114.76482606614937,-14.083985919881938,-54.392540313491686,79.53181243353089
2026-06-17T17:25:45.416000,1182,-106.7680490497907,73.50243171275879,117.30910844816195,-1.1160712682029321,1.7174925227376256,-2.6365783773046436,-29.462429589818388,-56.78607576466708,124.02405616520846,-13.991501464836862,-53.33609433399176,80.25994031867496
2026-06-17T17:25:45.452000,1183,-107.98582205095516,70.93977086996644,118.27174222443847,-3.7991018617451506,0.802630903751493,-0.5926132948250076,-26.889064244348006,-53.4643789367565,129.36001817625203,-15.393110120386577,-53.23012735977806,79.7098068840419
2026-06-17T17:25:45.452000,1184,-105.23496557388943,71.98005911469026,115.10696145755966,0.3879461126844591,-1.0298304898530082,0.7932773903533796,-29.682516042058772,-55.050468811397444,127.38369507476168,-15.00371377531597,-52.530112300213396,81.9707529531954
2026-06-17T17:25:45.452000,1185,-105.26964000394523,76.22578935806821,112.64978491852047,-0.18608845535959312,-0.3340977898096623,0.012995218442673567,-28.542169564225755,-56.59614972021612,124.98165848939765,-16.499600026180953,-55.538896515760214,82.69304791317369
2026-06-17T17:25:45.456000,1186,-105.42187144007154,74.05499611080465,116.78135907442922,-1.7273325687167445,-0.9449182543444977,2.1420823354706315,-30.025380764078186,-57.31746689913352,126.00686697333474,-13.824246690202235,-54.71686117841124,76.9332689447809
2026-06-17T17:25:45.466000,1187,-105.61625587576631,73.00625013963256,111.65020560809994,-2.1216066084164735,2.4132252227809716,3.5653746535356885,-27.995745467825824,-55.50912120399292,125.81487131916577,-14.06695519687453,-52.14157132526245,76.6512141468032
2026-06-17T17:25:45.507000,1188,-103.693229630761,72.96114327427621,106.84575026977572,0.7533272749688519,3.5417335672635955,2.3688401589515666,-26.560605994484483,-53.294657375216666,122.48258213686228,-16.67744209073667,-55.041178595456344,84.8308703861615
2026-06-17T17:25:45.507000,1189,-105.73619322977628,76.92777157196461,112.87788239024685,-2.4527303043482886,-0.91478677802623,4.932666666084898,-26.84097904272172,-57.27907773075466,119.18583784737051,-14.956811824486177,-52.401668632276156,77.78938497724279
2026-06-17T17:25:45.508000,1190,-104.97865439758564,76.65430911960831,112.05468939626088,-2.6284099504605147,-4.505752893346594,1.285127609938715,-27.35830876857822,-54.561508609689064,117.21432259581583,-15.005334452344387,-56.25496832676996,82.67684111677347
2026-06-17T17:25:45.508000,1191,-105.40010017998658,70.68604210362169,113.49446725790094,-2.400502735084777,-1.2736116327586777,2.2968007291349273,-27.915435949886913,-56.082943271217424,124.84031034140598,-12.684486030529621,-53.002140107780036,75.89639736117257
2026-06-17T17:25:45.517000,1192,-106.70407298676676,72.02798421316162,113.51862890304868,-0.5491713277183747,1.1888431969881568,2.1293214824523123,-26.984040417476024,-54.496851227084065,127.41214873239556,-14.69185564769647,-52.80947632981141,79.24880937434278
2026-06-17T17:25:45.556000,1193,-105.77505696262534,76.16940350604536,115.49491921429265,-0.011276624728502771,0.8793257312723776,0.23414574018996354,-28.64910891366135,-57.95190241509141,126.00017709797687,-15.505274958339893,-52.54295563264478,80.6262966919124
2026-06-17T17:25:45.556000,1194,-107.81845835544517,79.25925859464199,121.86166854659825,-0.13654130971784395,1.328539132777818,-2.3043954707151966,-28.929396521042317,-54.337232991746,127.76017918233968,-14.565813356194715,-53.32003758254668,80.28795093461298
2026-06-17T17:25:45.557000,1195,-106.96615934389868,79.14367168458452,120.9977936808641,0.8182196361248677,1.4819287878195821,1.3214091421215233,-32.34817284860366,-53.57146508262715,133.17815822327682,-15.04744589376126,-54.69759445582694,82.24973102446634
2026-06-17T17:25:45.557000,1196,-106.13904706151645,76.78117198922907,116.8109375637273,1.9459762059510974,6.237013976296225,-1.2397856455959346,-29.8920753942755,-54.53322059801955,135.40173882171976,-15.583199061121519,-50.664474315795886,82.94099879940795
2026-06-17T17:25:45.567000,1197,-107.23899126738755,78.21615211680316,120.21388451713769,-0.47931387954823834,4.486726662567993,-2.2972201215034502,-28.491043782202826,-55.23635526096163,122.65142860675749,-16.321338597845834,-51.35164604292916,84.21160567236132
2026-06-17T17:25:45.604000,1198,-108.02232744416638,79.58910689902116,121.80321002610859,-2.2966555448889756,3.577344295937248,-2.0743890837347636,-24.808367240229067,-55.94150755185468,117.15432243016696,-13.127194181324937,-50.67410767708804,76.86633401930682
2026-06-17T17:25:45.604000,1199,-107.24237518756424,79.00271159518223,117.98733489376399,0.25699750302155766,2.4050078147933407,-0.7207616863342069,-27.59177984656892,-53.785637374368434,118.68388790667044,-14.019270956714534,-55.747617045173925,80.73618219498239
2026-06-17T17:25:45.605000,1200,-107.75325516290413,73.2797156190921,118.60984051307972,0.8529679798037928,-0.5751378359921879,-0.4130506733182051,-27.76427087933353,-54.5493854860439,123.53061205700106,-13.71655118715881,-50.735117815980196,80.54629580488499
2026-06-17T17:25:45.608000,1201,-105.68916548817707,74.37920492185054,113.93630796927593,-2.236502789629834,2.6213956370129834,3.1932361333865003,-30.865261938382105,-56.43450951794225,128.63265382376701,-16.43856852309203,-51.884683989387966,83.85189287343968
2026-06-17T17:25:45.652000,1202,-105.53581589013022,76.53590094933259,114.8171371268934,-1.4461756844069897,2.0434448044286566,1.2678297961178036,-28.58311274992102,-55.99201984387871,124.72339420226457,-14.67907240158111,-54.1388663966309,79.90467553399792
2026-06-17T17:25:45.653000,1203,-106.43723758816012,75.41667493345935,116.45854397487959,0.05979360587641058,1.8708821777793947,5.772835068547966,-28.620178286550097,-55.63035027095211,127.8947145968537,-13.747781256288475,-52.49157885504477,78.41769798669488
2026-06-17T17:25:45.653000,1204,-105.16919637659439,72.22814838770176,111.85982255576575,-1.632336431484218,-1.8871702529257541,6.099979577258409,-31.358202214815933,-54.32510986810084,129.07036543477645,-16.204282878720775,-54.12280964518582,84.29952312211834
2026-06-17T17:25:45.654000,1205,-106.41468002631846,70.98487773532278,114.41132630072502,-0.641388045858623,-0.736744899021583,2.721408552706432,-28.032080172001404,-57.947860650712215,124.30807154621908,-13.822712178362108,-51.977807631170286,79.37944935772515
2026-06-17T17:25:45.659000,1206,-105.71416405587425,71.98569860802351,114.4764881910359,-1.2783089285953135,0.1425059912908969,2.4019551997380404,-26.583081041101916,-56.23852191166871,115.99757178513188,-14.808326276515096,-56.07514788123272,78.0790066861679
2026-06-17T17:25:45.706000,1207,-106.16188280589441,73.0231655925291,115.13520261593047,0.10778909779470192,-0.8243982312532374,1.3742294567008826,-25.13742606935434,-56.42844795611967,116.99116663841123,-10.9759689972459,-55.606330044805304,75.24002309300309
2026-06-17T17:25:45.707000,1208,-106.33078509512517,76.32164258211415,116.25384344653378,-2.788336537342479,-2.637683712159343,0.5580318174286413,-28.972326614104574,-54.59383621624536,124.29072780263328,-17.185573657009492,-53.23976072107021,85.707927566532
2026-06-17T17:25:45.707000,1209,-105.92646822835249,76.121478407574,113.29829446678876,-0.5144143875312734,2.0434448044286566,0.7426079041634743,-27.670855717038062,-55.99808140570129,129.4454416877064,-14.771413402273174,-51.13971209450175,83.21329868647997
2026-06-17T17:25:45.708000,1210,-106.07739266894488,76.95596298442442,115.75653937592969,0.3612141149220895,5.420761253161619,-1.4319740479920493,-28.851618183659053,-55.39597349629969,126.05104544710866,-14.927986009596502,-49.59839152712933,78.62277581740723
2026-06-17T17:25:45.709000,1211,-105.93034792694773,79.09856179212494,116.2962910655061,0.07355278884365057,7.184742286141962,-2.4864349881030514,-29.26292568691082,-53.95737873335166,124.98138406954284,-14.392927264506085,-53.422794585621155,82.7980937896704
2026-06-17T17:25:45.757000,1212,-106.19913131146461,79.8174624860211,117.54009204331908,0.19188106711512068,5.050980834809307,-0.4743493287228694,-29.996797391953436,-55.090877777219696,128.1764975058689,-16.29437541035174,-51.70165357271149,82.67778081479956
2026-06-17T17:25:45.757000,1213,-106.48441111478303,78.99143260851572,115.85695638853346,1.8476066613461477,2.5364834015044706,-1.9207241939098294,-30.380834807803286,-53.71694039687666,130.14180516178612,-16.594326975308093,-52.54937902279771,87.20656730315878
2026-06-17T17:25:45.757000,1214,-106.60074079283353,75.45896356570069,116.64236349955213,2.0806721401343005,2.503613769553964,-3.090953320628977,-28.368255541903473,-55.567714855282915,127.7204221078711,-15.1267972260369,-49.82316880798813,81.46607755367117
2026-06-17T17:25:45.758000,1215,-106.79729408450714,75.03890153060885,117.63093848411543,-1.0440503967797152,2.648786016608105,-3.921395916462135,-28.701576658305754,-54.92317818261567,125.80167047601732,-12.61315965113643,-56.19716815901703,76.43564473614985
2026-06-17T17:25:45.760000,1216,-106.756384437762,74.51452854502281,116.60225537790288,-0.2449605785717166,0.8957605472476294,-4.0998627830042045,-26.994566855177446,-56.315300248426446,120.19098022442594,-14.708558636016303,-52.41772538372124,80.48418517630863
2026-06-17T17:25:45.803000,1217,-105.82773100939067,75.84519469499946,114.62938752327743,1.091512790416248,0.638285685089857,-2.3655606301438716,-27.157299250599166,-55.066631529929374,120.39657889006773,-15.434543480393675,-51.30989917874684,83.50241996605236
2026-06-17T17:25:45.803000,1218,-105.52292437490574,75.52944361040183,111.84433935891154,0.08480859721101058,-1.76938838546673,-1.9074336573045105,-26.270213340047448,-55.16967808091324,120.93187670069824,-14.831983177059312,-52.11909463153891,81.00217353306607
2026-06-17T17:25:45.803000,1219,-104.28677181350872,76.23142582429823,109.63847835492105,0.7189725530304072,1.827056982209019,-3.133670621878855,-27.383288487770326,-56.65878513588531,123.63985699983716,-13.256999875111825,-55.49072970929945,75.8014067823783
2026-06-17T17:25:45.804000,1220,-103.61862352478305,75.98615478440173,107.74471244394323,-0.2210866633134498,2.8186104876251283,-0.09680233678896952,-27.00088159905395,-54.86458236183324,123.64631087436771,-15.67748515110118,-54.19345314537012,80.4583333177458
2026-06-17T17:25:45.810000,1221,-103.20125200966709,75.15448844066633,106.1725853055676,1.079137619583342,1.7832288455477354,-0.1971283813403097,-28.638006590630916,-55.52326412508146,124.05406273957738,-14.69085959907469,-51.06906859431744,83.0782901266687
2026-06-17T17:25:45.853000,1222,-103.4462372019824,74.47787940611474,106.8803886919591,-0.223182251372505,-0.28205518625166065,0.06506959714553215,-28.29161005791843,-55.62226891168614,124.17632152525549,-16.0811419649626,-50.735117815980196,82.28436029014136
2026-06-17T17:25:45.853000,1223,-104.20090631503764,72.54672073251764,108.5729249743647,-0.05990059457685748,0.05485560015014536,-3.354159522634041,-25.98162840436094,-56.82850669742515,116.1987041433355,-11.711080032191434,-55.481096348007284,71.7040102585344
2026-06-17T17:25:45.854000,1224,-104.9220756238768,72.63693446323032,109.42916635237013,0.6572743185152716,0.9560205587932621,-3.9038588823847946,-26.40186016714013,-55.89503702420985,115.52208199797879,-12.89662885664463,-54.48566050739952,75.712044303066
2026-06-17T17:25:45.854000,1225,-104.49677926580326,74.15648882818384,108.65545614455573,-0.16173643194153187,-0.36148816940478623,-3.317800245140772,-26.13103504745801,-56.563819944167406,116.63172290226592,-13.994866957703332,-53.57692491842116,79.8241730954978
2026-06-17T17:25:45.861000,1226,-104.72555456716128,74.66676459398836,110.03286630428549,0.029357154606052482,0.5314593812507046,-2.940914874198979,-27.102050386819553,-56.64262024786096,120.95708136212599,-15.059159256892556,-50.97273842927037,80.08225564041443
2026-06-17T17:25:45.906000,1227,-104.00609269241966,76.54435867578084,108.85948533878639,1.3236951444805332,1.5257539833899627,-5.696623178530989,-28.502123860740646,-54.75345445158341,125.26260891797014,-13.569123324211166,-54.395750284630914,79.5262791015401
2026-06-17T17:25:45.906000,1228,-103.68976923917711,76.02844341664307,108.62902252252597,2.3282825922251895,4.185423663748938,-5.075068553779313,-29.298457533442264,-55.21210901367131,126.08344688538452,-13.398703593232426,-51.64706337609779,76.68471991424205
2026-06-17T17:25:45.907000,1229,-104.3362210135518,76.74734108343601,108.71506626572078,0.06894491057696861,4.3169021915509695,-6.121974191786113,-28.262317791380188,-55.01814120484115,126.12828759025867,-15.41511827062184,-51.72734023757425,83.17200872012052
2026-06-17T17:25:45.907000,1230,-104.36789600026171,75.65348824690757,110.27113107988541,2.988283193707563,3.300693521081075,-4.7974550283246815,-28.52475334259216,-55.34950296865485,124.70572864760132,-16.173422734929453,-53.65078183761917,83.073146004744
2026-06-17T17:25:45.912000,1231,-105.20691949339633,77.70869155701043,110.58241538574025,2.1503706003986407,0.17263746760916465,-5.014918373147181,-25.284968057824894,-53.492664778933595,117.14379005944372,-14.033995029552788,-54.35722028733676,79.2991029274702
2026-06-17T17:25:45.953000,1232,-104.82790962456863,75.22496848536747,113.04785987316855,0.832980905803531,1.7092751147499947,-5.09623722795803,-28.82096681876834,-55.333338080630504,123.3422775756598,-12.996873191094782,-54.00720930967995,77.18039284911829
2026-06-17T17:25:45.953000,1233,-105.32331972318397,75.25315989782729,110.71188755518462,-0.8536878752671142,3.0843056988614346,-4.459686525076978,-27.163921083414905,-56.89316191053773,122.72810756366162,-13.006657969128858,-52.286068296770296,78.61538880756483
2026-06-17T17:25:45.953000,1234,-104.765632975736,75.44768760613742,112.0479183901119,-0.7579776684757871,4.574377053708745,-2.590905722078708,-28.185512009108233,-54.86054276694648,122.1141099595827,-13.816775942992825,-51.04338192945468,79.50467362742235
2026-06-17T17:25:45.953000,1235,-105.58428222538876,77.76507740903328,110.88584897741748,-0.08456979361498113,2.377614494107314,-1.2491109422689346,-26.08562593893962,-54.513016115108414,119.50563140078988,-14.960137690052155,-50.64199417419787,78.91001371142134
2026-06-17T17:25:45.962000,1236,-104.40855425374411,76.98979389021748,111.30893022266942,-0.2062709302587119,-0.3587500137725452,-1.9452939792982276,-30.47492885193641,-55.763704631048874,125.27596999445328,-14.51199985766388,-54.44070711995246,79.12745233905142
2026-06-17T17:25:46.002000,1237,-104.42155463748477,74.59628454928722,111.37758317102399,0.1182738224179547,0.7533264558257323,-2.8356082334022332,-27.508777003219922,-57.778139089172385,125.82837040880935,-12.5455139641337,-55.20173231840926,76.92936810356338
2026-06-17T17:25:46.002000,1238,-104.45958838419322,73.52216539877033,109.73819775862898,1.3668370341552027,1.5312332357453478,-1.3260378736769678,-28.38384612323187,-56.29711556295871,129.1148581080478,-15.261810610533605,-52.62002252298202,83.23079184625377
2026-06-17T17:25:46.003000,1239,-105.46021271856023,72.27325828016134,112.2784890833084,-0.8709639215783674,0.0247241238318776,0.1216011624014052,-27.169777565312234,-56.177906293442895,121.37912148521254,-15.777429047338334,-52.9282866364565,80.91388482188093
2026-06-17T17:25:46.003000,1240,-105.74169898319113,75.62811506756277,116.15135036433313,-0.29125684531169843,-1.8214309890247367,1.3168108454159524,-26.59141085835369,-56.6608049333287,123.26493311714661,-12.901463547590296,-53.79527880912702,77.19787275298089
2026-06-17T17:25:46.013000,1241,-105.6086922069644,75.41103846722933,112.70636385418084,-2.2217409961023136,-0.2902725942392866,0.6976962494927406,-29.027144628608994,-55.68692412479872,120.65733090028448,-13.93411174490874,-55.62238679625039,79.79713109167074
2026-06-17T17:25:46.053000,1242,-105.91839665274233,75.43922987968915,113.6398736763953,-1.066239545944877,4.188164760472084,4.512179683042571,-27.141182408618988,-55.16967808091324,121.31852132358853,-13.101786753036446,-50.36584356361356,80.09508258530002
2026-06-17T17:25:46.053000,1243,-106.41650063591858,77.38448274596452,116.1297474530617,-3.5407829045654284,3.4924320604287376,3.993591613042212,-27.942043353939834,-54.89287037350277,122.98658242905837,-15.300854904014901,-54.12280964518582,81.1197100776259
2026-06-17T17:25:46.053000,1244,-106.62188863661643,77.93141067778036,118.21501284944637,-0.8712888899911413,3.807428778499902,4.6051350716881485,-27.501598897176514,-56.78203400028789,126.64455016475445,-15.604507590913954,-55.12466887594651,79.97034810800692
2026-06-17T17:25:46.054000,1245,-106.28278066964273,77.40703769219431,117.84180477231432,-0.6416724393529943,1.9886640452384141,3.0605195745291316,-30.31383263123057,-55.53538724872662,129.43863328475723,-13.949626642748822,-52.64571263571925,81.05754880627015
2026-06-17T17:25:46.063000,1246,-108.28344143865283,73.73078729975875,121.7645223101188,-0.6523164065973643,2.0242718328211637,1.7548507152908321,-30.308882816239997,-55.38991193447711,135.60328849274572,-14.448383919234708,-50.9213582037959,82.16458144183599
2026-06-17T17:25:46.102000,1247,-107.66926743791706,73.62365811614954,122.38394288356214,-0.7492049526156308,2.0242718328211637,1.63870697340569,-31.242841264848394,-56.25670442764403,131.29927272675374,-15.250915501743966,-53.19480733362313,83.71812061839475
2026-06-17T17:25:46.102000,1248,-108.4314414218638,74.76825731136756,122.33728635947061,-1.160384529654646,1.9804466372507832,1.1502551298516273,-29.0073916447499,-55.50912120399292,125.88024741134595,-16.86988874782385,-55.22099904099358,82.05819078962381
2026-06-17T17:25:46.103000,1249,-108.97679287800977,78.0780102605159,125.33834099595578,-1.040554357319405,1.9777055405276391,0.8482726889111263,-26.73983911580595,-55.87281057436291,121.04374385004378,-14.72569246800541,-51.264945791299766,84.01695451982809
2026-06-17T17:25:46.104000,1250,-108.50807518126592,77.43804733776913,121.49202589778557,-3.327943837328592,3.684167658685495,2.700698271955443,-28.98190443173402,-54.6968805977368,128.9605675703853,-14.862278585966301,-53.68931183491332,81.77908753993427
2026-06-17T17:25:46.114000,1251,-107.03967595114452,76.75016234365425,119.99510448241242,-2.7553613785373186,4.401814427059483,4.307169009887938,-28.585123409376195,-54.88478684474438,128.53541999398777,-14.23614721007306,-52.10303788009383,81.07421120409056
2026-06-17T17:25:46.153000,1252,-108.23422943106492,78.06109480761936,122.24908420527075,-2.242660922462284,5.283806414095104,5.668438852307176,-29.227947604717276,-54.29682402592375,126.02339692408525,-16.228674679771345,-52.459468800029086,82.3902845849361
2026-06-17T17:25:46.153000,1253,-106.85614187674933,76.71069194452792,120.60412442778582,-2.9922467207561496,3.9224695492357773,5.3651371850345555,-28.487518770818127,-54.975710272083084,123.7933532302335,-15.5833445650917,-51.977807631170286,82.03677310522224
2026-06-17T17:25:46.154000,1254,-107.49964219205694,75.05017749017213,120.7498244534682,-1.5354220243480359,0.5341975368829456,5.472185360047409,-30.728945850326873,-55.412138384324045,132.0600896717923,-15.47531927774348,-53.72784528008194,80.87205213712404
2026-06-17T17:25:46.154000,1255,-107.16401338603447,71.83628079217297,117.98718518775624,-3.0160124950355796,-0.38066114101227916,4.617226464681208,-29.52768759987375,-55.862709417653555,131.20630006577733,-15.007738706584416,-54.549884065305385,81.38163413874778
2026-06-17T17:25:46.164000,1256,-106.90542875697,72.04489966605814,119.83003749809646,-0.43197745202162685,-0.5340537371449561,4.058419219572346,-28.65569058042979,-56.345608057539344,126.93281076156562,-15.217052409769117,-53.284717556391755,79.88381270178496
2026-06-17T17:25:46.201000,1257,-107.4560272323258,73.40657848871285,120.80756516683715,-2.0269551762131686,-0.7038782081619771,2.9454827405014887,-27.909051210338397,-56.76384931482015,123.38016617328078,-15.125083251167311,-54.48566050739952,81.36280899404612
2026-06-17T17:25:46.201000,1258,-107.02389516937299,76.03126467686133,119.53370094507355,-1.2159468687969766,0.12059486405115796,2.9186532567048267,-28.293906530595066,-56.396120349563375,124.96685331119069,-14.081945235133363,-53.49022466679177,79.34958406086422
2026-06-17T17:25:46.202000,1259,-107.08979128324395,75.25879939116054,116.46594015382122,-3.26594427822719,0.16167896289838982,1.8662147418475605,-28.777970481631996,-53.331024576659736,126.24415665696777,-15.022411158499125,-53.448481250483916,82.12350386127332
2026-06-17T17:25:46.205000,1260,-106.2660666410498,76.32446081522916,116.39453821329124,-1.6457078336606359,1.2627998688768003,0.7175037308788221,-27.552962558290403,-54.478668711108746,124.72065507462986,-14.916864092618596,-52.78057624593495,79.9945968550049
2026-06-17T17:25:46.215000,1261,-106.16129992703084,77.54235828826334,115.74605014002829,-1.219253291132956,3.8238635944751564,-0.6538049675044812,-28.573225243480433,-55.965753799145006,123.74010870480225,-14.715071219025042,-53.637935057313314,81.75212875397936
2026-06-17T17:25:46.254000,1262,-105.8009550075818,76.47951812441298,116.83098603350923,0.12621036048027978,3.1308690500640513,-0.6413999117896753,-28.135825474581228,-55.72127369829081,124.67965253742477,-15.215550188238897,-53.51270480838978,81.08488466849997
2026-06-17T17:25:46.254000,1263,-106.32735507849372,76.3188213218959,116.45838873577244,0.00647725339989047,2.366658930487447,-1.5279913848078481,-28.864912954632985,-54.63424518206761,129.21771333191487,-14.505413995033193,-51.12044537191744,80.66101886076385
2026-06-17T17:25:46.255000,1264,-105.8954450595597,75.7183318253787,114.31594043421188,0.40160440198934644,2.4132252227809716,-2.1814400977921884,-30.11942799328743,-53.76947248634408,130.32569930753147,-15.432070209096471,-53.22691738863883,82.58906151717402
2026-06-17T17:25:46.255000,1265,-105.12161345778196,75.90721701325234,112.98626124523113,0.330924416972866,2.9473479187040144,-5.151838211138968,-26.321750235742723,-55.92534483332275,121.70828286651903,-14.251645296984943,-52.47873552261339,79.82465740155328
2026-06-17T17:25:46.266000,1266,-105.83440498142262,77.01798530267729,113.87656845621466,0.5489856900243367,3.519822440023859,-5.496912331998825,-26.15453487373587,-54.312986744455685,116.76257766121529,-15.651436194277567,-53.242974140083916,81.65162108554019
2026-06-17T17:25:46.309000,1267,-105.25209716281974,76.7980874421256,112.5552977896046,1.0915669990770027,2.763829728434883,-5.81448900335255,-27.369916921816035,-54.642328710826,120.0718816576226,-12.930075866261223,-52.36313518710753,76.62640485181838
2026-06-17T17:25:46.309000,1268,-104.29687371584515,76.00589149751653,108.31470830794686,1.6349251756482825,2.300919666586429,-5.2653343918674995,-25.471109670456894,-54.678698081761475,120.14050160697602,-15.439421343133812,-53.66041519891134,81.55430306938655
2026-06-17T17:25:46.310000,1269,-103.7543947864691,74.8387373560687,107.61531201130408,0.6144859995115548,1.4435799035136883,-7.44488540985912,-27.07384525103204,-56.85073097777966,120.00771695022267,-13.170451655436041,-52.66497935830357,76.4043103978252
2026-06-17T17:25:46.310000,1270,-103.89281719596107,74.64984914109183,106.81566102277262,0.8242701769786064,1.317583569157946,-6.369999373784044,-26.39106079306211,-55.50912120399292,117.74394407484306,-13.770335339597938,-53.25260750137607,77.94184361416147
2026-06-17T17:25:46.316000,1271,-103.41923392288234,74.64139141464356,106.41315920323254,2.275940240841654,1.312104316802561,-5.868227663358234,-27.9432139879971,-54.54130412677794,120.15402154280382,-13.723638405392707,-54.80998137231909,78.50861351896481
2026-06-17T17:25:46.353000,1272,-103.2605065347059,73.53344438543685,105.08351704354807,1.94698104822102,-0.06566442294111496,-5.455191028634039,-27.30587351288004,-56.61837400057063,121.70702007679017,-14.77446028398694,-53.904455754479955,79.25476860004713
2026-06-17T17:25:46.353000,1273,-102.65930718939782,75.07273243640192,103.87622970054211,0.8315268411837642,-0.7750937833274767,-4.44391957842013,-27.378993140207058,-56.12739400141887,121.26753011633694,-13.429449117687048,-53.94619917078781,77.57020937739641
2026-06-17T17:25:46.353000,1274,-102.58541122560402,75.06991420328691,103.82503827878095,1.0116317482486399,0.460243806085205,-3.8934623638525405,-25.51571861317206,-55.86877097947613,117.14642309329747,-13.215626408627031,-51.87826404710951,76.0948995057657
2026-06-17T17:25:46.357000,1275,-102.72572528398581,76.00025200418327,103.72147678652374,1.5317431527182586,2.881611595893902,-3.2825609820673356,-26.356190089764794,-54.54332392422132,118.18966625553577,-13.07121902286195,-53.96867931238582,77.06025898173071
2026-06-17T17:25:46.367000,1276,-102.5061701941913,74.42431481431012,102.78925376170845,-0.3034168642110663,0.81358646737136,-2.292390913942832,-25.354990077897142,-56.25468463020064,118.35635628015399,-14.061752323469825,-52.000284324893826,76.95409716711077
2026-06-17T17:25:46.403000,1277,-102.80551904563097,74.52862576480433,102.92054453369249,0.2756836773003608,0.06854931940225337,-4.118742039977215,-26.3020546177138,-55.5757983840413,117.5802670350609,-14.402950537613645,-53.04709694310159,78.02725564119582
2026-06-17T17:25:46.403000,1278,-102.39600346932897,74.02116823211482,102.60823786321697,0.28027933540063343,-1.4626090753831966,-5.1008002206287095,-25.999030720925173,-56.6022112820387,116.80716775950009,-13.037740103803294,-53.8081221415584,75.82474910966377
2026-06-17T17:25:46.403000,1279,-102.9374537842103,72.9047604493566,104.25334738666449,2.156133443199346,-0.6874433921867252,-4.3491307264974886,-26.170671268367794,-57.08712971936788,117.90460187882427,-12.461524626202985,-55.09897876320927,73.45529866830502
2026-06-17T17:25:46.407000,1280,-104.19874802502613,73.64057356904607,108.492119154948,1.657778404811967,-1.238000904085025,-5.934317094132387,-27.666137197300586,-55.83644120342742,121.10492452490597,-15.318890461976036,-53.02462024937806,79.85955560105225
2026-06-17T17:25:46.417000,1281,-104.58845547558985,74.54554121770086,110.13098394428776,1.4693319287024595,0.7067631046231155,-6.059612246407041,-28.118725833036116,-55.87281057436291,122.94738205456255,-14.210979301666683,-51.618163292221325,79.66338833488285
2026-06-17T17:25:46.456000,1282,-104.58207271295153,76.50770953687278,110.39518102792167,1.547265765190447,0.6766316283048478,-5.432988312910112,-29.476652426918402,-54.85650100256728,126.21581206019601,-13.812630417408679,-52.587912467966326,80.06418660297831
2026-06-17T17:25:46.456000,1283,-105.1808359602748,78.32328130041239,112.07361748983621,0.8593039870009229,2.177661487862928,-6.482519795983673,-27.935318341664285,-54.71910704758374,126.21059066248093,-14.236686010494326,-51.98743754458796,80.8912431759538
2026-06-17T17:25:46.457000,1284,-104.78537088904804,80.55045737259557,111.37729997264258,-0.42141824385406135,6.606791453557634,-2.730977008817075,-27.79503376310726,-54.260454654988266,120.3513108429886,-16.020571165367883,-51.290632456162534,82.92922277183509
2026-06-17T17:25:46.458000,1285,-105.67178972650304,78.69823647014788,113.02300882167177,0.4225663024254092,5.409802748450847,-3.1046487427777176,-25.116891147699377,-55.438404429057755,119.03235244431845,-14.73938410267754,-50.48786384139787,81.38941376399016
2026-06-17T17:25:46.506000,1286,-106.64763160361241,78.509348255171,117.62861918501723,1.560075975630665,5.382412368855725,-2.7727712713458477,-28.23819297143018,-54.79992714872067,123.45204810759357,-13.89571567301237,-51.41586615296055,80.49986570610692
2026-06-17T17:25:46.506000,1287,-105.82519673609798,75.33773716230995,113.86111126241296,-0.26120840792011346,2.325571890549312,-2.516865982643682,-28.77815465550858,-55.83037964160484,126.04917344052642,-16.618307644170784,-53.647568418605466,80.49983691107064
2026-06-17T17:25:46.508000,1288,-106.79959419930051,75.4194961936776,119.20447035797278,1.825159797938229,2.128357039937167,0.05099178260526094,-30.731317610388317,-55.22221017038066,125.5636500780262,-13.230181340651848,-51.34201268163701,81.50595140456026
2026-06-17T17:25:46.508000,1289,-107.25508970851541,75.09810561574672,116.47282472584719,-0.44861693332528163,0.6492412487097239,0.9381978173147623,-29.672580030147625,-56.121332439596294,125.33404674573912,-15.134706401908682,-52.69066602316633,84.32459016878032
2026-06-17T17:25:46.508000,1290,-106.04601645889221,73.38684480270132,116.21336734742087,1.3786987638933914,0.002812996592138662,-0.034272849843756614,-26.564293780526484,-56.53351430454693,126.93625541630294,-15.42252276846207,-52.921863246303566,78.39203781695332
2026-06-17T17:25:46.551000,1291,-106.68716717577576,73.65184952860935,116.97041663876658,-2.255358829998304,-0.32861853745427744,2.341269454602124,-30.318475357281855,-56.483002012522896,124.39778005311659,-15.205774152871843,-55.10861212450142,79.33860610110337
2026-06-17T17:25:46.551000,1292,-106.20494865632406,73.94504869408043,115.87828585088695,-2.541612514534137,0.295895646332666,4.431168303342893,-27.19280903558914,-55.37980860827533,124.72645915470271,-13.959958759533524,-53.88518903189564,78.5544934582811
2026-06-17T17:25:46.553000,1293,-106.76509326982796,76.19195845227514,117.00235482361263,0.03401700982384659,0.0247241238318776,7.224831512070767,-28.798829751458698,-55.56367526039614,122.58036616696627,-14.297018447880825,-52.02918440877029,81.44214576431402
2026-06-17T17:25:46.553000,1294,-106.7639467202016,73.84637723691948,116.58199416976443,-4.462768867811591,0.2630260143821572,8.455126515552127,-27.95767573241255,-56.22437682108774,125.7799191275517,-16.169915663454667,-53.40673783417608,80.96933176333812
2026-06-17T17:25:46.559000,1295,-107.27823388314118,75.14039424798806,119.67790302346366,-3.748248039816552,0.112377456063532,7.306085043923146,-29.657284629688476,-54.92923974443825,128.2738512238546,-15.678366447521013,-53.54802483454469,81.29803394806717
2026-06-17T17:25:46.605000,1296,-107.5149645719938,73.84637723691948,119.71406102378606,-2.403980993295628,0.5670671688334544,6.4145842713865,-28.736984620999692,-55.268682867517924,130.39531003401876,-15.185456721530741,-53.515914779529005,80.35732052722703
2026-06-17T17:25:46.605000,1297,-108.07235322884,75.99461251085,122.34073578423893,-2.01282987609986,2.0571414647716675,6.364275275794885,-30.432817815006928,-56.177906293442895,128.36679436987924,-14.625076158599699,-52.19937149301538,82.77105556589981
2026-06-17T17:25:46.607000,1298,-108.09604501341538,76.22578935806821,122.97628620233431,-1.989558053804884,1.8845758970315027,5.5585933744286855,-28.635613554851695,-55.57175661966211,128.65281030390332,-16.160106223768743,-53.271874223960374,83.91197860529238
2026-06-17T17:25:46.607000,1299,-108.71341195131697,78.00470895559651,125.3957715028387,-1.210935103990375,3.936166209578791,3.7609483319684123,-29.93930497488786,-55.00399611426018,129.01283591390197,-14.781438724997919,-51.855783905511494,81.57498588144587
2026-06-17T17:25:46.609000,1300,-109.1688067462544,77.59028641383793,126.66748721890222,-1.3029894724910145,3.525298751288341,4.159256754875749,-29.405282581171782,-54.175592789472134,132.9900353773867,-15.878258472094918,-51.855783905511494,83.46411860635108
2026-06-17T17:25:46.657000,1301,-109.22082059454262,77.25761987634377,124.93362442705488,-2.4535308800776416,3.7033406302929905,2.674944314781793,-31.55293032313807,-55.02016100228454,131.85248451614245,-15.856559413539381,-52.56222235522909,85.7135108380814
2026-06-17T17:25:46.657000,1302,-109.44257320350445,77.08846534737843,126.86944556495236,-2.2850400557674675,3.218519441204803,1.6429697166107475,-29.400347366092156,-55.50912120399292,130.96761552679226,-14.444602987950649,-51.78514040532719,82.81292173841985
2026-06-17T17:25:46.658000,1303,-109.14004736272253,76.744522850321,124.49538400734966,-1.8603706563555051,3.423954640895479,3.0987138848848197,-30.217684316449734,-55.25049818205017,126.53078477775861,-15.117706182666954,-54.36685364862891,81.76513630319076
2026-06-17T17:25:46.658000,1304,-108.51743619190279,74.98251870568923,125.86813409387774,-1.2302656144421538,2.0434448044286566,2.398628994794242,-28.771736732172293,-56.26276598946661,128.14937969760112,-15.89410541085228,-53.32325100156038,81.35969387739979
2026-06-17T17:25:46.660000,1305,-109.0569743767629,76.118660174459,123.88590968258174,-1.332400821026126,2.0790525920114065,4.213530979385218,-29.30715666722206,-54.75143465414002,130.39808380226324,-14.459474614376258,-52.57827910667417,83.60414212016241
2026-06-17T17:25:46.705000,1306,-106.62635274867922,76.05663482910288,119.19986341181486,-1.697418671689002,1.9420977529448893,3.989146969831599,-29.787450562572694,-55.73743858631517,129.5494398130959,-14.906074860498638,-51.91679404440365,81.1340958903159
2026-06-17T17:25:46.705000,1307,-107.04383789194041,77.77071690236653,117.19835887138584,0.4915768089641652,2.77478529205475,4.334647785176413,-29.56585389838957,-54.26247445243165,125.85197290713026,-14.655878458485851,-52.64571263571925,83.04385222131675
2026-06-17T17:25:46.705000,1308,-106.18389521867641,75.87902560079253,116.9473561766527,-3.0835475248377406,1.3340154440422949,3.625885724311606,-28.937004631087586,-56.00010120314467,124.89137869014021,-15.629333003321776,-53.23012735977806,80.35850231875654
2026-06-17T17:25:46.705000,1309,-106.01358719297163,74.91767512721812,115.72055216900537,-1.5491050231192967,1.3394946963976848,3.3076846941170395,-25.825157526972422,-55.981918687169355,123.50759005854344,-14.05271417383456,-52.50121221633693,80.08428086563632
2026-06-17T17:25:46.710000,1310,-105.21049679440335,73.10774285701176,112.60341202038008,-1.1397430842460028,0.1425059912908969,1.1362221850715348,-28.623275231482644,-55.668741608823396,123.67989474512545,-14.803919221947643,-54.3443735070309,79.20185279951318
2026-06-17T17:25:46.753000,1311,-105.47441332955479,74.26925750512632,112.71772613631005,0.6584592916743001,-0.45735890962407155,0.5744092348551589,-25.838244371981595,-56.48906357434548,119.84602827549453,-12.514908993478805,-53.284717556391755,77.01719743327185
2026-06-17T17:25:46.753000,1312,-105.20574370751558,73.04008104542562,112.10718765780454,-0.2688987125748747,-0.6107485646658407,-1.0796382230824688,-28.294886853789595,-56.394098382627575,122.49554537271733,-14.589082291326175,-54.822824704750474,79.04605785886984
2026-06-17T17:25:46.753000,1313,-104.90314578039255,72.80608596509241,111.79135955402727,-1.1025950795723365,-1.0873523457663998,-2.364780566840002,-28.056889165501886,-56.86285410142482,122.74152059437195,-15.377240395722009,-53.92372247706426,79.61554191118478
2026-06-17T17:25:46.753000,1314,-104.13515621251167,75.864928381011,109.2929275489824,0.057527627878849796,0.42463307741155226,-2.237346516130706,-28.538815219083087,-54.610001104269706,123.86464382396382,-14.252213239160334,-52.86406652642512,79.96283949035283
2026-06-17T17:25:46.761000,1315,-104.12618212568637,77.18150033830936,108.47221474218782,1.086196888289692,3.1336072056962925,-5.873037890007411,-26.97303368877328,-55.7273352601134,122.6395130059882,-14.287809329880528,-53.57692491842116,78.26778661399673
2026-06-17T17:25:46.807000,1316,-104.50412064292213,78.5995619858837,109.87018497861519,2.282422190435336,4.19638216845971,-6.9438081783935734,-26.5627226162225,-55.543470777485005,120.73907022360737,-14.743674107423274,-52.72919946833495,78.35941242252828
2026-06-17T17:25:46.807000,1317,-103.47795071788346,78.98579614228571,107.95694307117401,2.150487345094789,4.105990680595812,-7.469052267820471,-27.426826804676043,-54.55342725042309,120.65182289475509,-14.640490510808394,-53.01498688808589,79.9355007607369
2026-06-17T17:25:46.808000,1318,-103.53207429883844,76.35547348790722,107.08647375756172,2.1116287060009866,4.670244852837125,-9.603717744846666,-27.22397209374005,-54.175592789472134,122.88861869625758,-13.89681124245695,-50.70942770324296,79.20009480182314
2026-06-17T17:25:46.809000,1319,-103.58430518385218,76.22014986473495,106.55581674543812,0.5914087671908537,2.2297040914209347,-9.364098037361744,-27.16632868658567,-54.81205027236584,120.35958989553218,-15.210670232216618,-53.409947805315305,79.9004656237507
2026-06-17T17:25:46.812000,1320,-103.61908008795497,75.89875928680407,107.47317071994803,1.2434018883984026,2.824089739980513,-8.875003635564237,-25.34854311075989,-55.551552136750985,118.72513455081693,-13.331323227709573,-52.30212504821538,78.18137202196476
2026-06-17T17:25:46.856000,1321,-104.00766774291378,74.63575494841355,108.14884071350627,1.8075099204906993,1.2189746733064246,-9.18070885759057,-26.917181892863034,-55.917261304564356,117.42681330553741,-13.729908731296447,-53.6026150311584,78.15107214915734
2026-06-17T17:25:46.856000,1322,-103.47776966394575,73.14157376280482,105.54142472306788,1.4436462162281485,-0.37244667411556104,-6.317811738461385,-26.302645765275944,-56.668886292594664,121.12323851341179,-12.998279347095854,-53.740692060387794,76.58214127997805
2026-06-17T17:25:46.856000,1323,-102.77463862790604,74.47787940611474,104.02862307485401,0.6757917639377147,0.27124342236978316,-5.32088266625512,-27.698190152529637,-55.80007400198436,122.01878574690882,-14.185833872429715,-53.61224839245055,75.7524663587011
2026-06-17T17:25:46.856000,1324,-102.34037726353188,73.64057356904607,102.13112310810456,1.989946692589291,0.22193897444402247,-3.5473748337815,-26.986868442517263,-55.92736463076613,120.59451718674855,-14.021479624602652,-55.18567901483866,77.51408576648932
2026-06-17T17:25:46.862000,1325,-101.87593178346317,73.24024521996577,101.3641118979057,0.5386188545396197,0.295895646332666,-3.5673347920550147,-26.644998520101787,-56.19811077635403,119.0012354399174,-13.779401854181295,-53.17554061103883,77.01035862817547
2026-06-17T17:25:46.902000,1326,-102.29831312533376,72.66230764257513,101.35156226258518,-1.363365158058153,-0.7257893354017111,-1.7355133769502267,-26.303439131770837,-56.39207858518419,118.84691458934147,-13.616525299097827,-54.66548440081125,76.93847983278226
2026-06-17T17:25:46.902000,1327,-102.31214894124172,72.86247181711526,102.56895082164547,0.6850214233470215,-1.1120045697292826,-1.4502863592267916,-25.841303536255104,-56.976001809118046,116.62880246263623,-13.09257558541897,-53.567291557128996,73.78819809154228
2026-06-17T17:25:46.903000,1328,-102.80423008424765,73.06263599165541,102.40975606592647,-0.9655870062388134,-1.0462653058282652,-1.9634973386769305,-26.183276821081495,-55.74955954046791,115.2292987984311,-14.185086773962727,-54.315473423154444,77.76362410611466
2026-06-17T17:25:46.903000,1329,-103.94988686803612,74.2805334646896,106.55502731739887,-0.27201666222891097,-0.9202660303816199,-3.628759810641806,-26.507454199791155,-56.976001809118046,119.23560604453587,-13.929042177513551,-52.896176581440805,76.3745407811258
2026-06-17T17:25:46.913000,1330,-104.2686339790391,75.03608329749385,110.09151028329887,1.5075576408651497,1.2627998688768003,-4.0676462478333555,-27.58127882457206,-55.549532339307596,122.51097003246858,-14.846007159386552,-53.98473261595642,79.70857914245985
2026-06-17T17:25:46.952000,1331,-104.51936943716599,76.72478916430946,109.12395107156286,0.20321694526114964,2.2570944710160536,-4.088214330229146,-28.741321889208837,-55.16967808091324,126.47826446703745,-14.357010132148115,-53.45811461177607,79.40411622887413
2026-06-17T17:25:46.952000,1332,-103.8969841437081,76.40339858637857,110.3609236998189,1.9848743471142831,3.065129786163034,-5.210593471096586,-29.26317637879479,-54.096794655271005,130.6457564534613,-15.070090067620832,-50.5970407867508,81.48233806968648
2026-06-17T17:25:46.952000,1333,-105.6747845093003,77.2237889705507,117.05715094920407,-0.38267190045533983,4.9468956276933005,-5.986389033336167,-26.626819789822502,-55.83240160854065,125.29581469289472,-16.18287875346737,-51.03374856816252,81.29665680670851
2026-06-17T17:25:46.953000,1334,-107.01802858111336,79.77799208689478,116.00249641528815,1.2263240557196569,4.7496807770811555,-2.748759329771013,-26.753167070567702,-54.478668711108746,120.65006130965011,-15.001770561773023,-52.706722774611414,81.18570908513041
2026-06-17T17:25:46.963000,1335,-106.95353041013146,77.38166451284951,119.4815018238172,-0.08112713747260902,7.453175653010509,-5.14457650708924,-30.764186176604866,-54.64030674389019,123.53612142314559,-13.559397414890837,-51.32595593019193,80.61112627677116
2026-06-17T17:25:47.006000,1336,-106.79167375531821,78.58828602632042,117.93110246056202,1.2176355571452602,2.150271108267809,-2.9792807241907706,-26.89636843666601,-54.51099631766503,124.88599923104206,-14.002991812276388,-52.719566107042795,80.54321907817824
2026-06-17T17:25:47.007000,1337,-107.33990401112425,77.7312465032402,119.75973685648708,-1.0686175649221974,0.9094542664997375,-0.8699963024024153,-33.32796828923149,-55.77178599031484,126.51037769103297,-14.562936888105524,-52.19294810286245,82.40842379378276
2026-06-17T17:25:47.007000,1338,-107.07973014466734,75.84519469499946,117.31020398220983,-1.8972001362174349,4.21007588771182,-0.3664925372017567,-26.526195001312253,-54.73729173305148,125.16987523827711,-16.657746946517427,-52.95076333018004,83.8088065194506
2026-06-17T17:25:47.007000,1339,-107.09904503804825,74.74006589890776,119.90569992228079,0.9270391606512918,2.5255278378846033,2.110811036493457,-28.210462684499355,-54.16751143020616,126.80821637719231,-14.852952666146836,-52.75809955221142,80.14138442882381
2026-06-17T17:25:47.014000,1340,-107.84656372174337,75.2644388844938,118.28905431675228,-4.030070084182984,4.333337007526224,4.511724128659421,-29.844896197233783,-55.32525672136453,127.48046395181288,-15.261866361156553,-55.08292201176418,81.05183636679611
2026-06-17T17:25:47.056000,1341,-106.12363689507904,73.44040939450592,117.70649635856235,-2.395127396732239,1.2901902484719192,6.451327806535974,-29.408914126179383,-55.98393848461274,126.1263049135161,-13.357782291912441,-53.29435091768392,80.21931343735604
2026-06-17T17:25:47.056000,1342,-106.95289978721958,73.4093997489311,116.66804255689308,-2.690256908081988,-1.6379127987556026,7.4612423687210105,-27.38687754079201,-55.54751037237178,123.2317671218646,-15.797820445907057,-53.88518903189564,80.22619133561275
2026-06-17T17:25:47.056000,1343,-107.07686554581477,72.76380035995432,118.91235838024677,-2.6101718685073654,-0.5970519043228248,6.611992982681641,-26.745232409913623,-56.460775562675956,125.30772893304889,-14.337094154719622,-54.6719043430897,78.95526281229169
2026-06-17T17:25:47.057000,1344,-106.97230912198786,73.34455617045998,118.73425572917735,-2.4658824142931763,-2.3391218100634306,8.0215443025985,-30.752439663120104,-56.072839945015645,124.66894101328334,-14.947950707395265,-54.55951742659754,81.90275007444093
2026-06-17T17:25:47.064000,1345,-107.8631956710937,73.0231655925291,118.92662911002267,-2.57488430141833,-2.2158636313399294,8.517604463743877,-27.587884549881323,-55.99201984387871,125.34129492753576,-13.919604375580304,-53.15306391731529,80.66100639847444
2026-06-17T17:25:47.106000,1346,-107.0178847690849,75.12065753487326,121.52126129173351,-3.929355564650825,-0.024580324093888075,7.0489275142843715,-28.84617281543407,-55.44446599088034,125.8462078087384,-15.828680589698337,-52.41451196470753,81.45256845298707
2026-06-17T17:25:47.106000,1347,-108.07443687254005,76.4710603979647,119.90647042887554,-1.619575718779267,1.3778435807035787,6.325966838905672,-29.25492018531142,-56.46481732705516,126.50872300821327,-15.334047765303662,-54.58841751047401,82.28612685101574
2026-06-17T17:25:47.106000,1348,-107.75113623638094,77.82991796040116,123.65872116544065,-0.5799864322134036,3.621169491507624,5.2701403083865825,-29.283696344669266,-54.84841964330131,129.10336038275426,-15.989925542603935,-52.78057624593495,83.00718538717904
2026-06-17T17:25:47.107000,1349,-109.09457044265636,78.09492571341244,124.71650802749036,-1.2254937110354636,5.119458254342563,3.8793399241442343,-30.229726673125892,-54.418053092882936,132.29496933647778,-16.692518427049087,-50.79933792601158,85.67143983987758
2026-06-17T17:25:47.115000,1350,-107.94652970390666,77.86374886619423,122.39490785797656,-1.304736789037748,4.204596635356433,2.8418859459925625,-31.96391127578108,-54.88478684474438,132.57169026977598,-16.067870718878467,-51.03374856816252,82.82178348552412
2026-06-17T17:25:47.152000,1351,-109.06254800861278,78.70669419659615,127.5393352649438,-0.005761428911302269,5.042763426821678,1.1906001757450728,-29.676552843587395,-53.84625299259424,131.8917354976252,-15.531326212783236,-52.639289245566324,86.00934553488194
2026-06-17T17:25:47.152000,1352,-107.94721017110302,76.5218067566543,124.42578395417468,-0.42953298979889004,3.906034733260523,-1.5047954992289303,-28.63107171484093,-55.26666090058211,125.57535726965138,-16.41786653796686,-50.77365126114882,83.83806702456432
2026-06-17T17:25:47.152000,1353,-109.3072841203137,78.15976626478032,125.81806416926204,-0.055433908548240346,3.3609535326267053,-0.4426513352607263,-29.177435214749156,-54.64030674389019,126.57107256698283,-15.705356594286712,-52.286068296770296,85.03055261599201
2026-06-17T17:25:47.155000,1354,-108.1048316390804,76.85729152726347,120.64866506331315,-0.47987037477718536,3.2376953539032036,1.2114226359276912,-29.043572849946987,-56.17588649599952,126.2998645295638,-12.564244281567554,-52.04523771234089,78.96953100667606
2026-06-17T17:25:47.165000,1355,-107.62204711487473,78.37120639888373,119.56122340715811,-0.5267787373554788,2.626874889368368,-0.6633193079913632,-27.808596302246478,-55.86068745071775,126.12079690798672,-14.518798117574635,-52.29891507707615,82.03074678494303
2026-06-17T17:25:47.206000,1356,-105.79181581464243,76.24552304407976,114.39088996693758,-1.1833931158567585,1.0327153863141467,2.53463567305167,-29.677756661432447,-55.2747444293405,125.49882418617078,-15.793577449117286,-51.67275348883503,81.38851980656703
2026-06-17T17:25:47.206000,1357,-105.87648353284037,76.37520717391875,116.85456290231416,-0.08550653155735966,2.9473479187040144,2.1739138249087575,-28.858225449083196,-55.862709417653555,126.15234422450605,-14.68370200177212,-52.60075580039771,82.90741268148308
2026-06-17T17:25:47.207000,1358,-105.54438790470758,74.7626178180343,111.65272065864175,-0.3285772024999754,0.12059486405115796,2.5289190199165006,-28.23575478434355,-55.87079077691952,126.81816390698107,-13.42801945770801,-52.79984296851926,79.10229738179044
2026-06-17T17:25:47.207000,1359,-105.20368194521842,73.49679524652878,111.86350476127399,-2.613785176512682,-0.736744899021583,0.374351785795875,-27.41034218628277,-55.969795563524194,121.79746362574208,-13.233273487442233,-54.86778154007203,77.24601191296178
2026-06-17T17:25:47.216000,1360,-104.80752956083927,73.96760061320697,109.43939231638682,0.1938674341372017,-3.089638210387927,0.2046084541040159,-26.290847301175386,-56.501184528498214,118.62693239938623,-13.131275550822032,-53.788855418974094,77.23079076464015
2026-06-17T17:25:47.256000,1361,-103.696905694051,72.63129496989706,108.70387404366575,0.48908063892387094,-1.3338716443043055,-0.7283212932021665,-26.529069329386942,-56.499164731054826,119.5848689712954,-14.123301172619193,-54.899891595087716,79.67864595740231
2026-06-17T17:25:47.256000,1362,-104.77745977325462,73.96478238009196,108.39855212274794,-0.39213646283286796,-0.40531336497516196,-1.0266146809387204,-26.442631717818532,-56.59614972021612,120.08551498200887,-13.719140953537352,-53.19480733362313,75.22420940577408
2026-06-17T17:25:47.257000,1363,-103.7147991294556,75.05017749017213,107.59047550904619,-0.29576968528392067,-1.6406509543878436,-1.8939965181608658,-25.661392195418156,-55.47477379999324,119.58140995664694,-13.423760674798675,-54.254463284262286,79.32091700732828
2026-06-17T17:25:47.257000,1364,-103.69361528154197,76.15248805314882,105.8278455185602,1.3922339364944976,0.45476455372982005,-4.824708378576212,-27.494878993662688,-56.12739400141887,122.0140220043121,-13.758898223095969,-51.123658790931145,78.92342143614573
2026-06-17T17:25:47.267000,1365,-103.9465636196847,77.23788619033222,108.06231774875826,0.8179628044000595,1.131324282165673,-6.927629979447006,-27.00858596574917,-55.17775944017921,120.51375268472508,-15.884320632818245,-53.02462024937806,79.92469791895323
2026-06-17T17:25:47.304000,1366,-104.15451418230066,77.44086859798739,108.97072675182304,1.883121607744248,4.251162927649955,-7.232179194361457,-27.43887608416212,-55.862709417653555,121.12422824390094,-13.152301478138213,-53.35536105657607,77.32357722017889
2026-06-17T17:25:47.304000,1367,-104.69883645088603,77.14485119940129,109.74649720321506,2.965377987592766,3.963556589173912,-10.65867950864648,-29.09519086356055,-54.26247445243165,124.74855123716146,-14.51059370166281,-52.64571263571925,79.72570390819165
2026-06-17T17:25:47.304000,1368,-104.45146919886726,76.83473658103368,110.86236435532574,2.2398301296971574,3.8348191580950233,-9.11374900403694,-27.7432980026423,-55.43638246212195,125.22793114621086,-13.965261490963904,-51.923217434556584,79.21505191849722
2026-06-17T17:25:47.307000,1369,-104.00752895208777,77.92013471821708,107.02252007801016,0.6528484693294963,2.6926112121784804,-8.998736714129256,-27.63183301168455,-54.90095173276873,123.36219508788761,-15.233813579196958,-51.862207295664426,80.50650059818982
2026-06-17T17:25:47.317000,1370,-103.82843604773406,76.48797585086123,108.48973814023623,1.5016969470363155,3.862209537690147,-9.428019709803065,-26.62601877874588,-53.86847727294875,120.05012951119528,-14.439226289292655,-51.49614301443701,81.82134233834823
2026-06-17T17:25:47.352000,1371,-103.85263562612815,77.13357523983802,107.03526662566802,0.4511067536121982,2.8405245559557675,-6.759188862306668,-25.226094480865353,-55.7879508783392,116.54721197981807,-13.317359608972856,-52.51084557762909,76.98473481358319
2026-06-17T17:25:47.352000,1372,-103.29825409288102,75.22496848536747,105.70146625023406,2.3290031053850093,2.040706648796416,-4.681509727857457,-26.722774472096834,-56.097086192305966,118.31388012627328,-13.007332125176813,-54.58841751047401,77.83947279201601
2026-06-17T17:25:47.352000,1373,-103.25049871310301,74.52862576480433,104.47570635394094,-1.1507309455950308,0.5205038176308376,-4.747238657018848,-26.146135997067628,-56.976001809118046,119.34494978354326,-14.688444641750797,-53.21407405620745,76.54217473536215
2026-06-17T17:25:47.358000,1374,-102.53836018132971,72.60874305077051,103.35451344349948,1.2330069672952466,-0.0766229276518898,-2.279382438415,-26.868154687521944,-55.260599338759526,118.97738369562222,-14.004671447218847,-54.26409664555444,78.75907074059208
2026-06-17T17:25:47.406000,1375,-103.11071246959494,72.81736495175893,105.05409390924383,0.3375667536300708,-2.5281192526879495,-0.5380384323189026,-26.99802963897342,-57.25685128090772,120.87797803973807,-13.680940848860772,-53.43884788919176,76.28757570113383
2026-06-17T17:25:47.406000,1376,-102.81681920188394,70.40975839104713,104.40555386983075,-0.6186285130068421,-1.402349063837564,-0.5072321891950755,-27.402555856395914,-56.497144933611445,122.1322261070629,-14.112403677009496,-54.9320016501034,78.59971775362122
2026-06-17T17:25:47.407000,1377,-103.99027942802579,72.91603640891988,108.20810986531228,-0.07767140379714631,-3.067724142057285,-0.32646162884510643,-26.574322156103783,-55.99201984387871,118.63737816189764,-14.173632509329686,-54.22556320038582,77.80149877848065
2026-06-17T17:25:47.407000,1378,-104.33660175646206,74.17622251419539,108.73304984799123,0.10153619580134766,-1.610519478069576,-0.6712762790778585,-25.7684560000313,-56.37187410227306,116.94208368764987,-13.627504142590649,-54.22556320038582,78.03715206326693
2026-06-17T17:25:47.408000,1379,-104.56196452361623,77.17868210519435,109.70884187303764,-0.24469708055443362,0.29041933506818396,-1.560110898077467,-26.845482439751223,-56.018285888612425,120.69812124992768,-13.927465988755749,-53.95583253207996,77.24459180798532
2026-06-17T17:25:47.456000,1380,-105.05491916790427,77.03490075557383,109.85247585031482,-0.32879515995806596,2.487178953578707,-2.0203308048209965,-28.76953663964712,-56.264787956402415,119.40681706542458,-14.815063148026747,-52.32139177079969,81.90627005932711
2026-06-17T17:25:47.456000,1381,-104.70203812926567,77.66076645853906,112.48232136520176,0.434732438617108,4.032034008707168,-3.243678148937725,-27.85713224477174,-53.46639873419989,125.88901171069111,-12.817085012442886,-52.89938655258003,79.26759633855447
2026-06-17T17:25:47.456000,1382,-105.24709092174398,79.12393497146974,116.27508418516908,0.32319884376745056,4.4429014669976175,-3.3184159016024006,-29.524962091970085,-55.412138384324045,129.90563103384318,-15.647673816801063,-49.45389455562148,83.24366943391874
2026-06-17T17:25:47.456000,1383,-106.63576032232264,77.86938835952748,115.41548787098627,-0.38653844888761646,4.152554031798428,-4.263025789611925,-27.853416922524296,-54.44229934017326,127.39218928194835,-16.84956991080628,-53.34572769528391,83.07690031357104
2026-06-17T17:25:47.459000,1384,-107.85072496223243,78.14849030521704,122.50380412470409,2.0981638550188504,3.7827765545370218,-3.470738672397834,-31.58544818922284,-55.45456714758969,126.98709995500144,-13.945434109208714,-52.60717919055064,83.48473465233374
2026-06-17T17:25:47.505000,1385,-107.81917911275798,77.44086859798739,119.20613948627809,0.9032016583860665,3.311649084700942,-2.114570215183149,-30.424591327646738,-55.16967808091324,128.5239525816077,-13.769785951230093,-51.698440153697796,78.74736957715662
2026-06-17T17:25:47.505000,1386,-107.30360272686161,76.97006020420595,121.57504081757698,-1.5959628079042039,1.6407976952167411,-0.22880691250829333,-30.596822177378165,-56.34762785498273,128.03884301273783,-14.860614049537748,-51.71449690514287,81.37441368369828
2026-06-17T17:25:47.505000,1387,-108.19816463929286,75.10656334219497,122.22323524369718,-1.732159753633209,2.6597445213188773,2.149249364266519,-28.326677871386813,-55.880891933628874,125.76584033600648,-16.260621987543107,-51.855783905511494,81.0619050394583
2026-06-17T17:25:47.505000,1388,-107.07230793999352,76.49925181042451,118.45679031393676,-2.47632264605497,0.8793257312723776,2.377671080519264,-28.854017049971716,-54.62616382280164,126.4115498042609,-15.465205226480103,-52.4980022451977,82.80189782860646
2026-06-17T17:25:47.510000,1389,-106.8702302598702,76.34419450124071,119.00780046922897,-0.1790005200108139,1.2627998688768003,3.9200315835792674,-29.08907226108029,-54.72314881196293,125.89121956091668,-13.679155643986453,-50.78970456471943,82.11834258433238
2026-06-17T17:25:47.592000,1390,-106.13889080960575,75.50970992439028,117.69307356112729,-4.063329572098266,-0.08757849127175678,5.371551145160082,-27.885252246155652,-56.396120349563375,126.76960084363103,-14.13238449813075,-54.59483745275246,81.25713248855303
2026-06-17T17:25:47.635000,1391,-107.38429351878533,74.04372015124137,119.80129150273491,-1.5061202303677221,-0.4436622492810557,6.084864279755237,-28.620633889207717,-56.01626609116904,125.01075897440805,-14.693374680154847,-54.19345314537012,80.55770892476448
2026-06-17T17:25:47.635000,1392,-106.09194050095184,72.2196906612535,114.62148058663075,-2.6162977610051508,0.6054160531393481,6.556079820080281,-27.533006816677908,-56.123352237039676,125.51183016874965,-15.913497686373454,-53.88518903189564,79.80269312829682
2026-06-17T17:25:47.635000,1393,-106.49318818593784,74.05781737102289,118.03931141131362,-1.7327382171882648,-1.4680883277385817,6.575704613384299,-28.433620392034406,-55.878872136185485,124.05533851522735,-14.843569590027945,-53.20122727590159,80.68263189499456
2026-06-17T17:25:47.635000,1394,-107.49955766583358,74.54835945081587,118.17142902824814,-3.607347556932856,0.24659119840690033,5.240067069265831,-29.440514170591676,-55.92534483332275,127.19508915402167,-14.998079721039076,-54.607684233058315,81.54251079946779
2026-06-17T17:25:47.635000,1395,-106.11816597184479,74.48915536567802,117.4276055061135,-2.945818676419959,-0.8216571345300936,6.381781021489431,-27.5209414296854,-55.26666090058211,125.5382210410771,-15.27136128892416,-53.07920699811728,80.85147734846706
2026-06-17T17:25:47.635000,1396,-107.38473284719387,75.59992365510297,118.73361020231835,-1.7375712502634864,1.3723643283481937,6.23512619310581,-27.25663728929784,-54.727188406849706,126.68039193007131,-14.574424805060028,-52.594332410244775,81.12543497938937
2026-06-17T17:25:47.635000,1397,-106.88375588460502,77.12511751338975,119.55127050444447,-2.0643619751877287,1.8845758970315027,4.080605312046685,-29.88339929081206,-55.78997067578259,125.29652647379444,-16.274135490732235,-53.50949138937607,82.14996679155371
2026-06-17T17:25:47.635000,1398,-108.20203677062446,77.12229625317151,122.71971707332985,-0.7091718670866772,4.084076612265172,1.8468608567282645,-28.25874665991315,-54.56757017151164,128.60033843104955,-14.408166633787598,-53.61224839245055,82.11188292927528
2026-06-17T17:25:47.635000,1399,-108.44078542405859,76.8234606214704,123.1126587698239,-2.4233053864550755,4.229248859319313,1.3040337686935368,-30.78003243507734,-54.494831429640676,130.428666562174,-16.123529315805964,-52.15762807670753,82.237621003285
2026-06-17T17:25:47.635000,1400,-107.34507629203378,77.14485119940129,122.23262910139216,1.1989127079489779,3.3499979690068358,-1.3200328081792922,-29.608796804244847,-55.2141288111147,132.30101888410712,-15.454269465581415,-51.81083051806442,83.2793598863829
2026-06-17T17:25:47.635000,1401,-107.03587473220382,76.3188213218959,120.24498568000004,-0.44915508388637204,3.870426945677773,-0.7408230641244036,-30.174054728154253,-55.282825788606466,129.6163133352171,-16.46932671557549,-52.01312765732521,80.98229256887524
2026-06-17T17:25:47.641000,1402,-107.10994721662755,77.93986840422862,120.5765860997272,-0.8780323750260196,3.7964702737891294,-2.7421952394054405,-26.59165973618944,-54.36147923903633,126.36654831677345,-15.025157908737715,-51.724130266435026,81.85096554170572
2026-06-17T17:25:47.651000,1403,-108.28033570101242,78.4783386095962,120.26811931154107,0.803926489673167,5.18519751824358,-1.9036063219780996,-29.168342705900514,-54.15134654218181,123.31146883376165,-13.906409483543888,-51.32916590133115,83.0957075096347
2026-06-17T17:25:47.661000,1404,-106.59852486495262,77.48315723022871,117.64722229109427,-0.6542697223601983,4.530551858138369,-1.4552257770881905,-28.770334296560613,-55.72531546267001,124.81877118050221,-15.238977162504083,-52.13193796397029,80.19374516771956
2026-06-17T17:25:47.671000,1405,-106.17648351614169,75.8113637892064,113.58396607485008,-1.2037946282720857,3.1281308944318105,0.1230760931965475,-28.75800678898517,-55.27070266496131,124.6388442981358,-14.85690363018766,-52.30212504821538,79.2212446745207
2026-06-17T17:25:47.681000,1406,-105.08116966714553,74.78235453114908,113.15165890598622,-0.7584257535923427,1.1888431969881568,0.07691014662114892,-27.416383993782674,-55.16159672164728,120.25348784457852,-16.001558963528577,-53.33288436285254,80.81997087859995
2026-06-17T17:25:47.692000,1407,-104.99253969712429,74.22415063976997,111.0871968158005,-0.3917814857950891,0.011030404579769596,1.9378710840478561,-27.28767006173771,-56.07082014757226,123.54114442772432,-13.073791814981943,-54.05858953515443,80.50332727865114
2026-06-17T17:25:47.702000,1408,-104.64163951549043,71.44441016954094,110.34643698041965,0.11726198754685088,-0.3149248182021694,0.8581779560475012,-27.834217735522525,-56.19811077635403,124.34187650861445,-15.468032636996108,-54.687961094534785,79.41657249650382
2026-06-17T17:25:47.712000,1409,-104.09946097545524,71.61356167140303,107.81944022217283,-0.03917218353305427,-2.7362926080108645,0.6308996217270173,-27.327568791619328,-56.600189315102895,122.29132152757988,-14.322569974463018,-54.72970451084262,77.30916660195867
2026-06-17T17:25:47.722000,1410,-103.69682058085255,72.51852932005782,107.52777685896858,0.2759263514339414,-2.270644390530172,-0.4873039188498516,-27.2195408948196,-55.878872136185485,119.21488636477882,-13.652390943397544,-54.562727397736765,77.501337346749
2026-06-17T17:25:47.732000,1411,-104.16697592362684,73.28817334554037,108.5012296584201,0.7322260732774065,-0.9860052942826325,-1.5279644830260346,-26.69380818482736,-56.42440619174048,118.64324719549367,-13.242657588369703,-54.47281717496814,78.27102711851124
2026-06-17T17:25:47.743000,1412,-103.14744015448917,74.56245364349415,106.31467463077357,0.20691113396969846,-0.7066163637942181,-2.043442293678303,-26.671966115435776,-56.137495158128225,119.65282476911216,-14.377566613303156,-53.6026150311584,80.32216777193521
2026-06-17T17:25:47.752000,1413,-104.03775802553898,77.04617974224034,107.54762969319357,0.019396954010637346,2.610440073393114,-3.8045806745981423,-27.106754645618096,-54.54130412677794,121.9418469759119,-13.456071214859056,-52.39845866113693,78.08137047867649
2026-06-17T17:25:47.762000,1414,-104.13688355467465,76.35547348790722,108.73603498806006,1.8362974624517328,2.648786016608105,-5.107829837215865,-26.880033300765955,-54.803968913099865,121.70872833367795,-14.340973582017883,-51.50256640458994,79.27036969202975
2026-06-17T17:25:47.772000,1415,-104.22610189840532,76.78117198922907,107.75146298013911,0.3659359967446363,2.6597445213188773,-6.307599384744859,-27.890753042661068,-55.43032306979178,122.74902210398825,-14.661795115239,-53.634725086174086,80.4086572281046
2026-06-17T17:25:47.783000,1416,-104.59372217654382,76.8234606214704,110.67230021243212,1.6985035915736137,3.2267368491924313,-6.8974671579126845,-26.47197593497257,-55.282825788606466,121.76267462116898,-14.332331248519058,-51.55394318218995,79.67799899565905
2026-06-17T17:25:47.793000,1417,-105.07294509990186,77.43522910465413,111.9371833226198,2.703583323011444,4.574377053708745,-8.818300142141254,-28.641744819693194,-55.13330870997776,124.44858288607173,-14.31542734280902,-52.9796634140565,79.95953599981814
2026-06-17T17:25:47.805000,1418,-104.66293164494516,76.71351320474618,110.60722039180119,2.8311126584340416,2.9007845675013977,-8.24871086239918,-27.959194283778547,-55.34141943989647,125.78521494551917,-14.043238576680537,-51.936060766987964,79.35079934015684
2026-06-17T17:25:47.813000,1419,-104.71162770447566,76.61202048736698,111.11346390075107,0.7894946374083456,3.3801265042342004,-7.813705257403865,-28.63857483137821,-54.76961933960777,125.69933650017668,-14.60722713758567,-52.08377115750952,81.57059329310847
2026-06-17T17:25:47.823000,1420,-104.26417652186313,76.64303316004504,108.43717231829665,-0.19199415868964564,2.350224114512195,-5.4728036752165545,-26.083972687942442,-55.0605699681068,118.19892364857074,-14.945136345775987,-51.24246909757623,79.96672786928097
2026-06-17T17:25:47.833000,1421,-103.90417615012441,76.35829172102223,108.98370491932711,1.5754162255041235,2.4351363500207057,-3.637736546671313,-26.46156132260682,-55.45860891196888,117.97025239085926,-13.45851117103768,-52.883329801134956,78.67357470206385
2026-06-17T17:25:47.843000,1422,-104.35982465097285,74.51171031190779,107.80811408017448,0.05766297195815723,1.314842472434802,-1.8610609488953351,-25.867512762930154,-55.79603223760517,118.55912247499302,-13.828214802374141,-53.85307897687996,76.9568323400961
2026-06-17T17:25:47.853000,1423,-103.61948073893066,74.22415063976997,107.25140132878978,-0.0359216309399939,0.07402857175763829,-2.500723869240856,-25.791969241974762,-56.61837400057063,119.30317482906888,-14.055768055335985,-54.12923303533875,77.38073163559535
2026-06-17T17:25:47.863000,1424,-103.60878234389826,72.93859135514967,107.35398650186208,0.22415546379516219,-2.3555566260386875,-0.17150761344884957,-27.22141350048048,-55.862709417653555,121.89176915562851,-14.022211624555727,-53.9301458672172,77.69175021289789
2026-06-17T17:25:47.874000,1425,-103.90491960179432,73.2317874935175,107.85713130486619,-0.028074283013371726,-1.427001287800447,-0.3835019386601639,-28.52548285040121,-56.0546552595479,124.25832147400767,-13.581035085047315,-54.49208389755246,79.28570297230839
2026-06-17T17:25:47.884000,1426,-104.20354524894046,71.971601388242,108.87524747770303,-0.5572530224039564,-1.106525317373893,0.8243842824883191,-28.45337920642693,-56.135475360684836,123.79167392564403,-14.75418350475492,-53.88518903189564,80.28334974053527
2026-06-17T17:25:47.894000,1427,-104.87098652886037,73.53062312521861,111.0496708775193,-1.9005404923306106,-0.6655293238560834,0.3793474467199874,-27.57216425418195,-56.40218191138596,122.4791837480407,-14.571106320149525,-54.49208389755246,79.69352933205894
2026-06-17T17:25:47.904000,1428,-105.303509362877,75.77753288341333,112.0384414576847,0.1535049635548286,0.9039779552352604,0.38400746129189955,-27.453160486528684,-55.72531546267001,118.92429802953563,-13.836133541383955,-53.08884035940943,77.62652434862659
2026-06-17T17:25:47.914000,1429,-105.34378175316633,75.48433674504548,112.32544590858093,-0.3208257681766637,1.7722732819278684,-0.04844124871621156,-26.80401559327607,-56.02636941737081,120.7100116768164,-14.637561148984535,-53.41958116660746,79.22484867090076
2026-06-17T17:25:47.924000,1430,-106.00985210544991,76.23142582429823,115.98399004401662,-0.545205299199669,2.207790023090293,-0.9564914596981837,-27.27889162408783,-54.86660432876906,124.11698415336032,-15.27827629191885,-53.567291557128996,80.9631382136929
2026-06-17T17:25:47.934000,1431,-106.57020397519,77.24070442344723,117.21203901999134,-0.5554918029812979,3.1938672172419227,-1.258727008966296,-29.42664423606056,-54.432196013971485,127.67492671818947,-16.090552000353103,-51.00805845542529,83.9418066343337
2026-06-17T17:25:47.944000,1432,-106.7440736017424,76.72760739742446,118.26140157360601,0.27630826964775296,3.752645078218754,-2.362735555582691,-30.32781338980316,-54.678698081761475,130.92526791934284,-15.26991827331061,-51.63422004366641,83.00612408134128
2026-06-17T17:25:47.954000,1433,-107.66811144711222,77.81018427438961,120.86436121305972,-0.9417570204236462,2.881611595893902,-2.1818417667744936,-29.34554796798399,-55.090877777219696,128.81043210774473,-15.287968211714883,-52.340658493384,82.68967354800768
2026-06-17T17:25:47.965000,1434,-107.29707000654565,76.8488338008152,120.64958852718246,0.3916292256690047,3.6102109867968517,-1.6056742129163444,-28.498755793479756,-55.090877777219696,127.04087952288468,-15.523671185239248,-52.6681893294428,82.89877669513538
2026-06-17T17:25:47.975000,1435,-107.62111502809434,77.44932632443565,120.34405955684899,0.7684665628604032,4.861983392184788,-0.04108252276525165,-27.986309241104877,-55.026222564107115,124.67665711488925,-15.107999164357057,-52.34708188353693,82.22742316269813
2026-06-17T17:25:47.985000,1436,-107.92101672275606,77.57337096094139,121.44323452806736,-0.7162275693099275,3.311649084700942,1.4657384677557022,-29.167279062350584,-55.32323475442872,128.27675867756315,-14.570157279483714,-52.39845866113693,81.65533721387725
2026-06-17T17:25:47.995000,1437,-106.96487271650652,76.56691362201065,119.45110790342743,-1.970119990607395,3.0897820101259166,1.9841027641416868,-28.673724425087112,-55.50912120399292,127.52389952326931,-14.866595549983654,-51.403022820529166,80.94778000883545
2026-06-17T17:25:48.005000,1438,-107.2316390627279,76.31036359544763,118.93583170436645,-2.4824732552282454,1.999619608858281,3.239569621528035,-28.37097261940174,-54.80194694616406,126.62459151226892,-16.08100384164794,-52.97324347177805,82.8773090711752
2026-06-17T17:25:48.015000,1439,-106.71136279392798,74.47223991278148,116.55183318595607,-1.691791172967622,0.7724994274332252,4.2786490492459155,-28.476925815109322,-55.65257672079904,125.15516613784331,-15.004618575713756,-53.01498688808589,81.87661714826295
2026-06-17T17:25:48.025000,1440,-106.57084997285958,73.00625013963256,117.65063596334664,-1.1766907223800236,-0.35601185814030417,4.047252527737438,-28.15985557799619,-56.89316191053773,124.89062359986322,-14.640952576314064,-54.10996631275443,79.42151258636643
2026-06-17T17:25:48.035000,1441,-106.36501181621247,72.66230764257513,116.5697278886668,-2.4014542512119315,-1.068176433067999,4.85045723754326,-28.025836269070258,-56.77193284357853,123.9830695810057,-13.929082492419749,-54.71686117841124,77.95067586300868
2026-06-17T17:25:48.045000,1442,-106.76487693306711,73.42067570849437,117.20145177250404,-1.4137556072548159,-0.6408770998932005,4.6035068759290585,-27.722292065664806,-56.12739400141887,122.79732751182235,-14.142239788098758,-54.53061734272107,79.89061914123818
2026-06-17T17:25:48.056000,1443,-106.09480183952721,74.26925750512632,115.45751697896675,-1.4576774714665925,-0.16427331879264132,5.075475484924463,-28.687242690711614,-55.9051381809192,126.76896403509444,-14.672123306661838,-53.03746358180943,81.3494090388843
2026-06-17T17:25:48.066000,1444,-106.2498076410248,75.52098588395357,116.0780284425241,-2.446754534114569,0.5889812371640912,3.7429260026815347,-28.979820993783783,-55.838463170363234,127.14372905844034,-15.186758025670716,-53.271874223960374,80.67316136663699
2026-06-17T17:25:48.076000,1445,-106.42275822156334,75.48715497816049,116.57126213193143,-1.8219242311762438,1.5942314029232165,3.5829006385864277,-28.33914938679155,-55.34950296865485,124.35188899192639,-14.41665365217564,-52.042027741201665,81.35348865908692
2026-06-17T17:25:48.087000,1446,-106.75287175491286,76.49079408397624,117.39940714191178,-1.5818022392402407,1.7037958623946097,2.7937910728097477,-27.95193421454352,-55.100981103421475,123.80359899314253,-14.733105371309737,-52.449835438736926,80.49196937522926
2026-06-17T17:25:48.096000,1447,-106.87546249129738,76.64303316004504,117.95683758453048,-1.4726574843766231,1.7366654943451185,1.0607123009878312,-28.201266150917622,-55.86068745071775,123.97863438444264,-14.780731634699274,-53.14343055602314,80.46348990195992
2026-06-17T17:25:48.106000,1448,-107.16659259574092,77.05745570180362,119.00876661138062,-0.6041094008220195,3.021304590592658,-0.5771803365301259,-28.863961798740924,-56.22437682108774,125.7321761080018,-15.039133858300396,-53.368204389007445,80.8587813498869
2026-06-17T17:25:48.116000,1449,-107.04653994464925,76.20323441183842,118.55012584217725,0.20456675448473205,2.7309600964843743,-1.764777315352375,-29.276118064248692,-54.87670548547841,128.57807938313206,-14.816997956105595,-52.857643136272195,81.43632816882375
2026-06-17T17:25:48.126000,1450,-107.08808838245417,76.53590094933259,118.91818909145503,0.5532931262227196,2.9226986358320395,-2.043880836280853,-29.655470111629548,-54.72314881196293,129.05982440582838,-15.12736896070882,-52.21863821559968,83.17052152056921
2026-06-17T17:25:48.137000,1451,-106.51806182430568,77.58464692050467,117.88290039523383,-0.5720062122142021,2.566614877822738,-2.3893594541531096,-29.08310724856071,-54.81002830543002,127.83650279948864,-15.196802589808712,-52.058084492646756,83.11108765263621
2026-06-17T17:25:48.147000,1452,-106.48434264937288,77.39576173263103,116.87929702078054,0.25792120266380963,3.314390181424088,-2.704351152130288,-28.274252892661657,-54.793865586898086,124.80048967402934,-15.27178051983831,-51.64385340495857,82.20516615315887
2026-06-17T17:25:48.157000,1453,-106.35795674061647,77.32528168792989,115.90226540466449,0.6826075331676678,3.6321250551274935,-2.5141677526473405,-27.666718191391265,-54.95146402479276,122.41767099741014,-14.146093280933963,-51.720920295295805,79.5732948823334
2026-06-17T17:25:48.167000,1454,-105.48112619143167,76.14121209358554,112.88769460309223,0.2704033700331654,2.7912201080300045,-1.7915074195859468,-27.75197338433392,-55.55761369857356,122.51935517879309,-14.785038450373204,-53.60582500229763,79.94346007763471
2026-06-17T17:25:48.177000,1455,-105.09355920914098,74.77389680470081,111.9357942972706,-0.9988045844622521,1.4490591558690782,-1.325989551484625,-27.546792005194312,-55.43032306979178,122.23419769422178,-14.36686265442819,-53.07278705583882,78.03760367518105
2026-06-17T17:25:48.187000,1456,-104.88484924703148,75.01352835126404,111.3578238203377,-0.5832105674793071,0.6738934726726067,-0.3602600885507594,-27.105524292861794,-55.21817057549389,121.31154620103156,-14.518740654537392,-53.01498688808589,79.51090855344185
2026-06-17T17:25:48.197000,1457,-104.26017316696911,73.67440447483912,109.31588462225253,-0.24189320671108508,-0.1971429507431501,0.11100846726140517,-27.84045148498223,-55.33939964245308,122.43665346798113,-14.223935011023906,-52.69708941331926,80.30199029140508
2026-06-17T17:25:48.207000,1458,-104.43477845160652,72.85119585755199,109.54175500163907,-0.18122177558288158,-1.3776968398746812,-0.042615255193990585,-27.607102353279338,-56.45269420340999,122.60102737947327,-14.170485081984534,-54.08748617115642,77.66405634515115
2026-06-17T17:25:48.217000,1459,-104.15160011372662,73.33891667712672,108.1844666369599,-0.37663830511174956,-1.1530886685765096,-0.2981770650784714,-26.89570663110966,-56.14557868688661,120.775450563943,-13.728613402135553,-54.1388663966309,77.52394949441909
2026-06-17T17:25:48.227000,1460,-104.10314541930528,73.08236967766696,107.97218431530725,0.47640832337219097,-1.1613060765641405,-0.7034520354101867,-27.070291195846348,-55.965753799145006,119.41821358728696,-14.107517746008174,-54.40538364592307,77.72658052420027
2026-06-17T17:25:48.238000,1461,-104.30089813884561,75.03608329749385,108.96494220193729,0.4912118290513849,-0.6381389442609595,-1.112511204567936,-26.47574514538552,-56.00818473190307,118.76310678956852,-13.201644484085312,-53.718211918789784,77.39836551291285
2026-06-17T17:25:48.248000,1462,-104.20291007881163,75.38566528788454,108.49997451305948,-0.3859216421238182,0.8601527596648846,-2.854768370398393,-27.866268876703355,-55.74551994558114,122.69298054632567,-14.894981397669152,-52.74846619091925,79.69453600561127
2026-06-17T17:25:48.258000,1463,-104.70462422018024,75.5153463906203,110.02981917687491,0.04842887075689983,1.6106662188984733,-3.9444757173911613,-27.686518802928163,-55.090877777219696,123.55290710614346,-14.290723930393373,-52.909019913872186,79.60099253013664
2026-06-17T17:25:48.268000,1464,-104.74003696771393,76.01998569019482,110.28655356617821,1.0420418217613618,2.1393126035570345,-4.414910805881318,-27.590201453002365,-54.89893193532534,122.9040035763662,-14.527848846038419,-51.650276795111495,80.15555295354056
2026-06-17T17:25:48.278000,1465,-104.93893718450951,77.16740614563108,111.69967183492831,0.9383072036032951,2.615916384657596,-4.806649963745591,-27.730875207191826,-55.44446599088034,122.74900397903428,-13.939809955272686,-52.54295563264478,79.30140352450907
2026-06-17T17:25:48.289000,1466,-105.48137933171049,77.03490075557383,113.244979497373,1.6463374854964765,2.8295689923359006,-5.227857157490126,-28.162164141693985,-55.193924328203565,122.7858644271386,-14.835886108335542,-53.02783022051728,80.38344397755031
2026-06-17T17:25:48.299000,1467,-105.58008731441797,77.34501537394144,113.85901936679686,1.5807974192245546,3.9032965776282817,-5.192493877881959,-27.890671924742733,-55.08077662051034,125.07674156221137,-14.322451429764492,-52.388825299844775,80.41208610650746
2026-06-17T17:25:48.309000,1468,-105.11778417653714,77.39576173263103,112.37667888768564,1.127421064269987,4.294988123220331,-4.934847054963682,-28.988519282290234,-54.75547641851922,126.33285080877414,-14.221300112434049,-51.724130266435026,80.91541705881441
2026-06-17T17:25:48.319000,1469,-105.10851446000002,77.35910956661972,112.71407968331776,1.0164859387253877,3.3801265042342004,-4.470693607230589,-28.409171406863827,-54.89084840656696,125.56445521263666,-14.846714249685192,-51.65991015640365,80.8200751219458
2026-06-17T17:25:48.329000,1470,-105.16436270981592,76.3131848556659,112.32261035863323,0.19443837403310105,2.5940052574178596,-2.6085426171018544,-27.523015102553035,-54.77770069887374,122.39581491577871,-15.179871724827027,-51.79798373775857,81.19393084643225
2026-06-17T17:25:48.339000,1471,-105.34318372586637,75.70987409893043,112.50655954693013,0.3939599714116011,2.3063989189418193,-2.579833705497645,-27.366311761287886,-55.35556453047743,120.97876775706845,-14.193732899958084,-52.92507666531727,78.92225668058386
2026-06-17T17:25:48.349000,1472,-105.63019159265531,74.51452854502281,113.07112726881141,0.191216168982899,1.3449739487530699,-2.181909540246515,-26.52839110987151,-56.082943271217424,121.09863817848763,-14.245489971285783,-53.178750582178054,78.95682865603689
2026-06-17T17:25:48.359000,1473,-105.02189640799145,73.44322762762093,111.67588366038873,-0.8997990310589666,-0.8107015709102265,-0.32847416409762015,-27.635892234755435,-56.183967855265486,122.30037948366588,-14.222411805201112,-54.090699590170125,78.99308663242869
2026-06-17T17:25:48.369000,1474,-104.97190439287992,73.69695639396569,111.32833432648602,-0.44178141306064644,-1.1503505129442686,0.6921760796591173,-27.615677726723096,-55.49497828290437,122.7189678897136,-14.219062435657099,-54.12280964518582,78.80629433350396
2026-06-17T17:25:48.379000,1475,-104.85902628711989,74.40457810119536,111.50093140968696,0.07056432790104727,-0.47379078450842055,1.0500134001846786,-27.834225503605737,-55.77178599031484,124.17561246558606,-14.62489528989377,-53.2558174725153,80.22160169115409
2026-06-17T17:25:48.389000,1476,-104.61272234544388,74.3059066440344,110.45876827851812,-1.0114838282308447,-0.16427331879264132,2.447113699856246,-27.754965998080678,-56.185987652708874,123.8600787203544,-13.838867960796573,-53.05352033325452,79.54280742925938
2026-06-17T17:25:48.400000,1477,-105.16597361619912,75.38566528788454,112.16834784825348,-1.2223907298972372,0.9560205587932621,1.8108633392925075,-27.59344938802369,-55.567714855282915,122.05455093339648,-14.473407818547715,-53.400314444023145,79.46955527256401
2026-06-17T17:25:48.410000,1478,-104.98734599488822,75.92977195948212,111.65864926554926,-1.3755288150340061,0.7752405241563691,2.499493431879463,-27.405443783087353,-55.49901787779115,121.34020771853096,-14.841647112775064,-52.90259652371926,78.96375238529751
2026-06-17T17:25:48.423000,1479,-105.60472296094338,75.98333655128673,113.77505734218492,0.06747001486438237,1.323059880422428,1.6790595516384874,-27.123481342538767,-55.86877097947613,121.5013275053269,-14.216459446509333,-53.528758111960386,79.74087042422781
2026-06-17T17:25:48.430000,1480,-106.45624987154072,75.62811506756277,116.30834050776973,-0.4650668690979921,1.4161895239185696,0.8023634667699441,-27.84980813389972,-55.878872136185485,123.17356101281096,-15.029278905535268,-52.18331474157029,80.65902632968334
2026-06-17T17:25:48.440000,1481,-106.82287776563658,75.80572732297637,117.56027539814174,-0.8333947729641972,1.9064899653621397,-1.2073000564905771,-28.80769081462242,-55.15755495726808,127.3650858202168,-14.87890060727089,-52.19294810286245,81.42846154565272
2026-06-17T17:25:48.450000,1482,-106.87983274894793,75.91003827347059,118.0686726741628,0.07777512523830621,2.144791855912424,-1.2453152948708095,-29.25864230686723,-54.75345445158341,127.40203937618094,-14.384243254089618,-52.392035270983996,81.62959370721495
2026-06-17T17:25:48.460000,1483,-106.85477559575244,77.2491621498955,118.6141573350898,0.3278929018960147,2.626874889368368,-1.5669443380568755,-28.90813641451625,-55.14139006924373,127.51974524620908,-14.925973308928214,-52.27322496433891,82.20550392682387
2026-06-17T17:25:48.473000,1484,-106.9811256486198,77.74816195613674,119.03480683630552,-0.053316352163077396,3.36643278498209,-1.5223357608818633,-28.28298856439233,-55.05855017066341,125.38850723233003,-15.142263066303801,-52.25717166076831,81.46164279533775
2026-06-17T17:25:48.480000,1485,-107.34379059092761,77.78199286192981,119.28364984325322,-0.20285831510174768,4.41276999067935,-1.3485868033969888,-27.852150909609808,-54.82619319345438,125.19671807741149,-15.0643511614828,-52.09661448994089,81.96818832450906
2026-06-17T17:25:48.491000,1486,-106.8023323342197,77.42677137820586,118.3080232343471,-0.012799055600251116,4.935940064073431,-0.2822092375046233,-28.713687196605722,-54.731230171228894,127.00791136862833,-15.400788651908567,-52.20900485430753,81.88653928853465
2026-06-17T17:25:48.501000,1487,-106.69501542042735,77.31682396148163,117.49741702086467,-0.4607928104675438,4.007381784744288,0.5556072418098952,-28.448039676983306,-54.91509465385728,125.71957173109386,-15.282960280721344,-52.43056871615262,81.78692557751862
2026-06-17T17:25:48.511000,1488,-106.15426208619823,75.98897604461999,115.87472723244734,-1.3891453849780846,1.3367565407654438,1.5036617770749743,-28.691759809859374,-55.2141288111147,125.38596216730323,-14.804004362327301,-52.29891507707615,80.78785870431525
2026-06-17T17:25:48.523000,1489,-106.17996091616764,74.85283457585022,115.40142960783871,-1.1613351632638138,0.791675340131626,1.9167321396810526,-28.438723011161912,-55.78188931651662,123.818807700289,-14.495916299577644,-52.603965771536934,80.86137867271464
2026-06-17T17:25:48.531000,1490,-106.11394043859949,73.8548319362645,114.96800771175427,-0.7566648033032397,0.3616349102336836,2.0897754697597075,-27.649517970258298,-56.28701223675693,123.67818512762253,-13.605183910922126,-53.647568418605466,78.88350562471018
2026-06-17T17:25:48.541000,1491,-106.06777561840583,73.39812076226458,114.86363504472432,-1.2590084339776757,-0.6080074679426918,2.373284720324958,-27.874399107413623,-55.98595828205613,122.79958003204037,-14.634333779432723,-54.350796897183834,79.06766711304408
2026-06-17T17:25:48.551000,1492,-105.78926386785292,73.86611092293101,113.86237089586592,-0.5464291789858193,-1.1585679209318995,2.805643541225698,-27.93850223504863,-55.59196110257324,124.62730327400774,-14.12559323800762,-53.62509172488193,79.60881889905329
2026-06-17T17:25:48.562000,1493,-105.50016350316058,74.18186200752865,113.23054927217099,-0.36961794303252127,-0.7175719274140852,2.2663165444182622,-28.32540073622602,-55.82027848489549,123.9029021078762,-14.349667740777797,-53.435637918052535,80.12759206771156
2026-06-17T17:25:48.572000,1494,-105.28855655899872,74.69495903355141,113.02885973110497,-1.138219842449672,0.12059486405115796,1.6525743347360204,-28.484393933810626,-55.99808140570129,126.27673860927695,-14.517456498528496,-53.50949138937607,80.1387708636502
2026-06-17T17:25:48.582000,1495,-105.30816686967933,74.4102175945286,112.6975426256459,-1.497658285759592,0.31506861794015895,1.4183896122866075,-28.578176566066528,-55.967773596588394,125.26373233392343,-14.589914149304928,-52.86406652642512,80.18716378580214
2026-06-17T17:25:48.592000,1496,-105.97050714173444,75.77471465029832,114.54773477657201,-0.10799033180719636,1.2518443052569335,0.4458441206994215,-27.22186919412028,-55.36970745156598,121.73684533916409,-14.599857786943662,-52.6681893294428,80.09537532158282
2026-06-17T17:25:48.602000,1497,-105.76081617484606,75.97487882483846,114.13289013935369,0.4898798082863982,1.840750701461127,-0.6055259295059423,-27.776833666128024,-55.38587017009792,122.01916626054457,-14.699596973294039,-52.706722774611414,80.50157775374443
2026-06-17T17:25:48.612000,1498,-105.96738731627612,76.8206423883554,115.42619858965548,-0.11842304711893242,2.021530736098015,-0.754303421605646,-27.774801607453565,-55.347481001719046,123.9977215881794,-14.177836903627545,-53.94619917078781,79.76182893660231
2026-06-17T17:25:48.622000,1499,-105.9068157675498,77.34783360705644,115.14501482877581,-0.05936439938273641,2.8131341763606463,-1.8490095576787586,-28.062579578028455,-55.373747046452756,126.21423019116268,-15.225292908487422,-51.98743754458796,82.51000901040561
2026-06-17T17:25:48.632000,1500,-106.02860996161195,77.14485119940129,115.47649719453366,0.8534207686367186,3.8019495261445146,-2.906994837457671,-28.547186559545892,-54.92923974443825,127.23912255233374,-14.529980646145642,-51.51861970816055,81.612505415681
2026-06-17T17:25:48.642000,1501,-106.30753542524998,77.71433105034367,116.31932014730972,0.2915354056924314,3.615690239152239,-2.560745646737269,-28.43442237188583,-54.85245923818809,126.73826571467352,-15.055836846620227,-51.85257393437227,82.09415715185273
2026-06-17T17:25:48.652000,1502,-106.00205625148608,77.84119694706767,115.40720862462508,-0.08627291158507866,3.322607589411714,-2.4410534914325006,-28.739478327348916,-54.95954538405873,125.53280966259949,-14.714892780804213,-52.41130199356831,80.7689424531303
2026-06-17T17:25:48.663000,1503,-106.06596524937137,76.37802540703376,114.61083611162225,0.48714095690338755,3.30617277343646,-3.24290327132582,-28.534501164141396,-55.193924328203565,124.55386545587871,-14.208688641954758,-52.247538299476155,79.73322029540827
2026-06-17T17:25:48.673000,1504,-105.79963728392964,75.06145647683864,114.05843128199486,0.26132603223717943,2.210531119813437,-2.455393041410039,-27.76544217571298,-55.78390911396001,123.26081484131124,-13.90334271647612,-53.3071942501153,79.84547806377019
2026-06-17T17:25:48.683000,1505,-105.5383454818735,74.62729722196528,113.81670551192632,-0.3257302673132799,0.5013279049324368,-1.9054369572250685,-27.863091120305167,-55.84452473218581,124.10999820345901,-14.085952637402848,-53.08884035940943,79.3830198663421
2026-06-17T17:25:48.693000,1506,-105.31168258648432,74.70341675999967,112.26679628058156,-0.2924423674708714,0.36711416258906854,-1.200401200701,-27.49950032049472,-55.74955954046791,122.7637498920295,-14.759969037980994,-53.503071447097625,79.4960843847489
2026-06-17T17:25:48.708000,1507,-104.55649905997569,74.71751095267796,110.1627668900267,-0.3186695994492032,0.13155042767102992,0.6106103794007912,-27.67815147895063,-55.78390911396001,122.57492311496009,-14.20773440311591,-52.79341957836633,80.12876139695169
2026-06-17T17:25:48.713000,1508,-104.84645872514261,74.02398646522983,110.66768308924095,-0.9040191501621965,0.002812996592138662,0.5653303022469263,-27.530262235493577,-55.91119974274178,122.14720666027033,-14.452023271910456,-53.27829416623883,78.97665968066914
2026-06-17T17:25:48.725000,1509,-104.62877280229296,75.09528435552846,110.67129355794395,-0.6139394921124715,0.5150245652754477,0.8964910972459676,-27.380652528190403,-56.230438382910314,122.40796813721624,-14.174712980260397,-54.47281717496814,78.69055006801901
2026-06-17T17:25:48.733000,1510,-104.29354534721085,74.90921740076985,109.08918762968894,-0.49199231239222974,0.3287652782831748,1.475880301807324,-26.82975897283989,-56.0546552595479,120.56503049979094,-13.854495428356142,-54.1356529776172,78.01158745463833
2026-06-17T17:25:48.743000,1511,-104.6359213716474,74.81336417672391,110.80947354588784,0.05538891409216027,-0.019101071738498166,-0.23985242685303068,-27.010618115405762,-55.646515158976456,121.26422916307148,-14.27870493087607,-53.29435091768392,79.1894040919965
2026-06-17T17:25:48.754000,1512,-105.099811335192,74.48915536567802,111.64449310670244,-0.3868461526906711,0.26850526673754216,-0.8711760765722156,-28.261565376756298,-55.7576430692263,124.67799704610073,-14.157801693894807,-53.104897110854516,79.28336398532998
2026-06-17T17:25:48.763000,1513,-105.2898582218377,74.54554121770086,112.2006784251522,-0.8261395151258644,0.5971986451517222,-1.416147248733546,-28.37559990026879,-55.450527552702916,124.64529817266632,-13.952658425948727,-53.098473720701584,79.28784091365947
2026-06-17T17:25:48.774000,1514,-106.15606396168309,75.77471465029832,115.028304877167,0.15813871014852365,0.969717219136273,-2.7814211518072565,-27.725939023337318,-55.10502286780066,123.28934211069311,-14.48341804275855,-52.69066602316633,80.02006466135205
2026-06-17T17:25:48.784000,1515,-105.92838361865086,76.39775909304531,114.48743761115932,0.6593557238318313,1.9010107130067546,-2.8001692594516627,-28.438692998586085,-55.43436266467856,124.65013769613054,-14.783382319408748,-52.88654322014865,80.79377197996706
2026-06-17T17:25:48.794000,1516,-106.11774772545192,77.4690600104472,115.4509373520557,0.5035466940994434,2.5583974698351124,-3.2324971805006264,-27.95960539745093,-55.33939964245308,124.23139122869982,-14.946389617151368,-52.436992106305546,80.58397890747831
2026-06-17T17:25:48.804000,1517,-106.15527159201469,77.72560700990695,115.53516818165167,0.07576571704109702,3.8019495261445146,-2.967511001073857,-27.931098157984312,-55.27070266496131,124.23956554807759,-14.750896548418597,-52.23148154803107,80.7388511860632
2026-06-17T17:25:48.814000,1518,-105.94993226165113,78.36274867243547,115.47191609558668,0.5818944200023337,4.5962911220393865,-2.9164441506654066,-28.20490035524676,-54.74739288976083,124.80317627140852,-15.125157218394927,-51.5282530694527,81.69382993390158
2026-06-17T17:25:48.824000,1519,-105.88864953146513,77.70587332389542,114.73857844219991,-0.47268180769047297,3.5691268879496225,-2.127146810534058,-28.969570124850208,-54.90499349714793,126.384146748794,-15.022636604675965,-51.75945374046442,81.2390172916148
2026-06-17T17:25:48.834000,1520,-105.92778653897975,76.8206423883554,114.66855097778028,-0.33835838428830506,3.1336072056962925,-1.7551394397134643,-28.881051858154635,-55.311111630783564,125.0679534496008,-15.104201084941918,-52.80626635867219,81.93206030966365
2026-06-17T17:25:48.844000,1521,-105.70105423055153,76.33291854167743,114.14098265041078,0.25418529459447103,2.4269189420330797,-0.7785740457310705,-27.466462056810993,-55.12320538377599,124.48745985356673,-14.53718388939271,-52.79984296851926,79.9157156861572
2026-06-17T17:25:48.854000,1522,-105.83277321934509,74.64984914109183,114.27058421175133,0.20667012812738092,1.470973224199715,-1.578900184105884,-27.403507981062823,-55.93746578747548,123.0550053487227,-14.23817210870202,-53.80491217041918,80.31273073134075
2026-06-17T17:25:48.865000,1523,-105.48792683980906,74.09446650993097,113.19786770472149,-0.6088798978618656,0.16442005962153872,0.07703572172677006,-27.440676880102806,-55.838463170363234,123.23354033227558,-14.608622120434665,-53.975099254664265,79.71735675902164
2026-06-17T17:25:48.875000,1524,-105.25364531105069,73.90839955517234,112.75388878056638,-0.8975580244522168,-0.5094015131820733,0.5814360234122126,-27.84321534488498,-55.95767243987904,122.57346032562882,-14.585367946614221,-53.53518150211331,80.33669600846102
2026-06-17T17:25:48.885000,1525,-105.33955728053951,74.77389680470081,112.67044881163154,-0.8154001760692111,0.23837379041927437,0.48813002315508597,-27.78004823441038,-55.67278120371017,122.16731254679458,-14.192515330521337,-53.68931183491332,80.19241684379953
2026-06-17T17:25:48.895000,1526,-104.87237330489782,74.1254761555058,111.39758675626375,-0.8304563659661045,0.7642820194455993,0.840107704113771,-28.23791474334078,-56.01020452934645,123.74452657437301,-14.428923007524247,-53.45811461177607,79.94675899449115
2026-06-17T17:25:48.905000,1527,-105.05125231947143,74.7626178180343,111.8981693023965,-0.6686923898837359,0.2739845190929271,1.1743811979599854,-27.90904622507824,-56.034450776636774,123.54642941834751,-14.780129015393875,-53.43242794691331,80.00415928346754
2026-06-17T17:25:48.915000,1528,-105.32220749484266,74.42149355409188,112.25020752848782,-1.042397594678584,0.10689820370814708,0.8933495385006021,-27.373589569126445,-55.70915057464565,122.46159317628327,-14.29681407519693,-53.2044406949153,79.82652832482208
2026-06-17T17:25:48.925000,1529,-105.36017138977866,75.5153463906203,112.66905978628238,-0.363817011738393,1.2463650529015435,0.7487337586202936,-27.64447096236233,-55.80007400198436,122.25205106052799,-14.050916083393943,-53.80170219927995,79.96126907292938
2026-06-17T17:25:48.935000,1530,-105.90922207755726,75.61965734111452,114.85029443285593,-0.11599303677226494,1.4819287878195821,-0.955979968946121,-27.594475524847862,-55.27676422678389,123.3786384304263,-14.558039783952161,-53.09205033054866,80.28030159941521
2026-06-17T17:25:48.946000,1531,-105.90143263081606,76.23424708451648,115.0063286111741,-0.21204210764315612,2.8925671595137716,-0.9977746200059118,-27.545478332082638,-54.975710272083084,124.09787882466956,-14.25649334356516,-52.28285832563107,80.687927122988
2026-06-17T17:25:48.956000,1532,-105.88271026988929,76.24270481096475,114.66790560676277,-0.31628794239539665,3.1418246136839185,-1.8514222033426981,-28.477986949769488,-54.93125954188164,125.48166039396487,-14.807221583535654,-51.99065096360167,81.25631796894552
2026-06-17T17:25:48.966000,1533,-106.25911146643487,77.7030550907804,115.93060883094012,0.24759326659711522,3.30617277343646,-2.958146872664233,-28.138672266450484,-54.818111834188414,125.05149712114097,-14.48565469472691,-52.73240943947417,80.56292471494228
2026-06-17T17:25:48.976000,1534,-106.2448622980956,76.65430911960831,116.27395943675683,0.5685535754510644,3.2596064811429377,-2.811956393894674,-28.503650180189894,-55.25049818205017,125.10164069290923,-14.544151157251648,-52.15441465769383,80.98094800260934
2026-06-17T17:25:48.987000,1535,-106.37191469956213,76.93622929841287,116.04753678227661,0.22111617034383368,3.3253457450439554,-2.99139266323382,-28.100191234413714,-55.064611732485986,124.00761715036609,-14.10353415445452,-52.23469151917029,81.45809709225101
2026-06-17T17:25:48.996000,1536,-106.35431818080909,76.50207004353952,116.00282620256178,0.4603336646721232,2.6405686086204763,-2.8885933433548443,-28.55789581396014,-55.16361651909067,125.11474844157273,-14.714015276880957,-52.23469151917029,81.49550370090742
2026-06-17T17:25:49.006000,1537,-106.06996673035053,75.3433766556432,115.13441756009685,0.1100225879514316,2.144791855912424,-2.159586035563444,-28.14759988014095,-55.5111410014363,125.27826741997188,-14.93264892490609,-52.9796634140565,81.9466671903834
2026-06-17T17:25:49.016000,1538,-105.86360716605229,75.12629702820652,114.311499020081,-0.426453652487152,1.1094102138350312,-0.6944099654077304,-28.14603454637043,-55.452547350146304,124.0403341487545,-14.938207987146782,-52.59112243910555,80.4776257325353
2026-06-17T17:25:49.026000,1539,-105.42829215883509,74.90357790743658,112.86665414394771,-0.5042690759877281,1.2792346848520522,0.3208124371218357,-27.772521242283396,-55.66268004700082,122.7083935807709,-14.547858121308089,-52.75488958107219,80.00158676617004
2026-06-17T17:25:49.037000,1540,-105.21279142826009,74.93459058011464,112.04183481582548,-0.14458573404370317,1.6435358508489821,0.2643295825893241,-27.132989950319946,-55.43032306979178,123.04084427666197,-14.213476076941875,-53.14985049830159,79.64291034850734
2026-06-17T17:25:49.047000,1541,-105.06702669402034,75.00507062481579,111.62675724202569,-0.7434298824393992,0.643761996354339,0.8650621467038686,-27.01440926385871,-55.84856432707259,122.72511703147586,-15.16455876918577,-53.962255922232885,79.98286299742809
2026-06-17T17:25:49.057000,1542,-104.85190974031144,74.48069763922975,111.18632691511849,-1.0214862720359077,0.4355915821223271,1.6318905562213522,-27.353869106733,-55.93342619258871,121.56139559158014,-13.896357919618254,-53.57692491842116,79.40280036724353
2026-06-17T17:25:49.067000,1543,-104.92426709647529,74.22696887288498,111.10224683653729,-0.27824929654782393,0.34793824989066774,1.2521341461878983,-27.172155338858307,-55.93342619258871,122.40468530890479,-14.894772074814805,-53.41958116660746,79.95646305316787
2026-06-17T17:25:49.077000,1544,-104.99047526152502,73.74488451954028,111.87940646911998,0.09451360922159446,0.011030404579769596,0.6863358095346987,-27.97340352226185,-55.527305889460656,123.18398296205697,-14.050336968066512,-53.34572769528391,78.56810201918324
2026-06-17T17:25:49.089000,1545,-105.36181701335283,74.02680469834485,112.70477342840204,-0.3740373486172776,0.6875871919247147,-0.34588602261483653,-27.751548365592175,-56.086982866104194,124.40571266998072,-14.414041232755192,-54.126019616325046,79.46681631952221
2026-06-17T17:25:49.097000,1546,-105.75387311471167,74.70059549978143,113.73228922380665,-0.22969536124271445,0.18633118686127267,-0.42421344892036583,-28.197144037935736,-55.7576430692263,124.3066087568878,-14.434899895002614,-53.702158615219176,79.83140143915844
2026-06-17T17:25:49.107000,1547,-106.12833201869574,75.38566528788454,114.71508491985536,-0.15106519721244122,0.7314123874950905,-0.6211423573917325,-27.695679493400576,-55.72531546267001,122.2545671732565,-14.82235507614745,-53.04067355294866,79.9179368453804
2026-06-17T17:25:49.118000,1548,-105.82231618942181,75.96923933150521,114.66713057212085,0.4213977041490522,1.5421887993652148,-0.8303916999997105,-27.20403744489418,-55.452547350146304,123.01473432383735,-14.679301640254469,-52.671399300582024,80.58645084243786
2026-06-17T17:25:49.127000,1549,-106.31185642559115,77.69741559744715,115.81144016714521,-0.6126046514046988,3.2513890731553117,-1.3976700602883256,-28.008609389524523,-55.04238745213147,125.90864477368144,-15.181620376826615,-52.47873552261339,81.61834793575011
2026-06-17T17:25:49.138000,1550,-106.15855443726011,77.81582376772288,115.90968193767252,-0.12079080129683245,4.642854473242004,-1.6927529391999632,-28.598868614796444,-54.53322059801955,126.42164400543487,-15.212257256923575,-52.33744852224477,81.85166792935618
2026-06-17T17:25:49.148000,1551,-106.02025625713284,77.99625122914824,116.00362143542861,-0.05385424079974832,3.8950791696406535,-1.2403033992281356,-28.57657623446005,-54.77163913705115,125.0233923036143,-15.451023542222053,-51.842940573080114,82.17847027673153
2026-06-17T17:25:49.158000,1552,-106.44408412058016,76.52462498976931,117.02202196754054,-0.3087819377641834,3.5965172675447437,-2.0031915234932103,-28.47063579209585,-55.27878402422728,126.16029038994478,-14.73619738523482,-53.0663636656859,81.24209892049801
2026-06-17T17:25:49.168000,1553,-106.50051082894147,75.86211014789599,116.68919673775608,0.34766397380517455,2.4597885739835883,-1.2591366916706608,-28.50141161216406,-55.549532339307596,125.21121338381735,-15.030995648092789,-52.870486468703575,80.76229409568663
2026-06-17T17:25:49.178000,1554,-106.35027897002601,75.69577687914891,116.32515639161736,0.39763582266140984,1.6928402987747428,-1.4044278877625658,-28.72856036114621,-55.44648578832373,125.95446358373879,-14.540401110601074,-53.368204389007445,80.3841749507875
2026-06-17T17:25:49.189000,1555,-106.32482687311276,75.03608329749385,116.42292331279708,0.04464513324355666,1.2627998688768003,-0.35694816020916115,-28.717775280526446,-55.71723193391162,125.11477225483816,-14.561235244061905,-53.09205033054866,80.11633383395731
2026-06-17T17:25:49.198000,1556,-105.8771506125256,74.6808618137699,114.24881039119506,-0.44636873657718085,0.9971075987313969,0.06092725436860244,-28.608221247228656,-55.87079077691952,124.76205681307815,-14.963816199960181,-53.56087161485055,80.74203339728439
2026-06-17T17:25:49.208000,1557,-105.74928955425617,74.75698135180428,114.18595650201033,-0.782399418070574,0.7177186682429825,1.532276013425343,-28.18642913593911,-55.68894609173452,124.03448244215079,-14.660460495980486,-53.24618411122314,79.77166216320366
2026-06-17T17:25:49.219000,1558,-105.64467736647472,74.64139141464356,113.69122470946925,-1.0550034814030815,1.0217598226942797,2.0868878074184627,-27.88363897825465,-56.01626609116904,124.29903660543685,-14.264377742647813,-53.14343055602314,79.47020223430728
2026-06-17T17:25:49.229000,1559,-105.4625604430694,74.51452854502281,113.06943357007557,-1.4515666190780032,1.0025839099958789,2.300967145663571,-27.672854715426208,-56.42642815867629,123.33896363647325,-14.849993825365965,-53.29435091768392,80.67585058956976
2026-06-17T17:25:49.239000,1560,-105.41799873567402,74.60192404262048,113.11387983289868,-0.9449450369813311,0.47941677769270286,1.9445762027287652,-27.314960853517377,-55.86877097947613,122.57013555909793,-14.911790599861545,-53.68610186377409,80.01581370322873
2026-06-17T17:25:49.249000,1561,-105.4527584913404,75.13193652153979,113.6014999216599,-0.6477004556713635,0.638285685089857,1.8160296699389895,-27.951321005439908,-55.838463170363234,123.48844496358495,-14.733975494577484,-53.71179197651133,80.07668504060402
2026-06-17T17:25:49.259000,1562,-105.54976569483719,74.86975002874675,113.86319197594366,-0.39671184604960114,1.2901902484719192,0.8248133346351427,-28.20188051174723,-55.61620734986356,124.29378192772711,-15.243577035735502,-53.47738133436038,80.99778929846339
2026-06-17T17:25:49.269000,1563,-105.96861107252644,75.40539897389608,114.52113689929566,-0.6658198627126808,0.9231509268427533,0.09206387631544985,-28.177356362693363,-55.52528609201727,125.40159685603952,-14.67391999142602,-52.41451196470753,81.47241592941478
2026-06-17T17:25:49.279000,1564,-106.13652281637734,76.67122457250484,115.7395840789942,0.010271255712672955,2.1119222239619155,-0.6717924741391748,-28.34134518889814,-55.13330870997776,125.40617358495493,-15.151362852340727,-52.552588993936936,80.85130143686813
2026-06-17T17:25:49.289000,1565,-106.22209769242988,76.86010976037848,115.8914612024565,0.44190736475233366,2.4022667180701966,-1.2207122519687752,-28.07154554371801,-54.85650100256728,125.27713831570715,-14.67511405688477,-52.62965588427417,81.1360922014529
2026-06-17T17:25:49.299000,1566,-106.22681587105745,77.40703769219431,115.83130317840342,0.11511415340312808,2.87065309118313,-1.4141806780115087,-28.26934672138299,-55.40203505812227,124.50949780984664,-15.099012972848207,-52.67782269073495,81.6123895036675
2026-06-17T17:25:49.310000,1567,-106.58021621711103,77.0687316613669,117.15035809060059,-0.09877119912176657,3.314390181424088,-2.0883392832158245,-27.788361670222393,-55.25251797949356,124.64168679832116,-14.770947881473823,-52.122304602678135,80.59475661523359
2026-06-17T17:25:49.321000,1568,-106.44475702051292,76.64303316004504,116.55138329465396,0.1053988514418367,2.604960821037729,-2.5685140553925927,-29.00935649057543,-55.55963349601695,125.89687776756597,-15.249635271096967,-52.36313518710753,80.90217576983433
2026-06-17T17:25:49.330000,1569,-106.437696237659,76.39775909304531,116.55340794155717,-0.11483196215504543,2.2927022585988035,-1.6169328338122138,-29.072144131050543,-55.20200568746953,127.0255249556895,-14.986541340834956,-52.33744852224477,81.56064223875191
2026-06-17T17:25:49.340000,1570,-106.08925509603128,76.03408290997633,115.46815143278359,0.30666387257528227,1.9420977529448893,-1.3963088674956894,-28.840352962469762,-55.38183057521115,126.19760633459067,-14.957635964606547,-52.594332410244775,80.80803618484538
2026-06-17T17:25:49.350000,1571,-105.44857478247337,75.85083418833271,113.4669966061249,0.28702814474543026,2.481702642314225,-1.3278309466465343,-28.389615656677407,-55.44648578832373,125.13433956634364,-14.215971446540609,-53.098473720701584,79.62242745995543
2026-06-17T17:25:49.360000,1572,-105.64854517691069,75.44768760613742,113.821296632065,-0.6647452298817633,1.6873610464193578,-0.6458745915060005,-27.89286869562421,-55.58994130512985,123.56826817298663,-14.370629849209815,-53.45169466949762,79.5780798766212
2026-06-17T17:25:49.370000,1573,-105.14996600943684,75.19677707290766,111.84272204091482,-0.06877086030772198,1.2929313451950681,-0.16428904589950022,-27.121300679163802,-55.80815536125033,122.51100467307833,-14.331680596449107,-53.43242794691331,79.52007857595406
2026-06-17T17:25:49.380000,1574,-105.07507707462528,75.36592857476977,111.52492651775552,-0.6061952479305106,1.1888431969881568,0.10631157906924793,-27.515594917982252,-55.61620734986356,122.50687341132186,-14.316085375534481,-53.08884035940943,79.80617950637127
2026-06-17T17:25:49.390000,1575,-104.60783068014223,73.98733732632175,110.60492272354978,-0.5578158896405551,0.37259047385355054,0.06317510465927972,-27.049555412422382,-55.462650676348076,121.98691718196544,-14.183301262350582,-53.07920699811728,78.89560218053079
2026-06-17T17:25:49.400000,1576,-104.9063712140899,73.69131992773568,110.44694171168946,-0.586647106329348,0.07402857175763829,-0.21302568924924722,-27.43204523310523,-55.92130306894355,122.2155010335034,-14.036457127697943,-53.316827611407454,78.95747641140191
2026-06-17T17:25:49.411000,1577,-104.74548589655575,73.53626261855186,110.43879170138297,-0.321930416841703,-0.35053260578491924,-0.7014925974820084,-27.10712299337125,-56.19406901197484,121.55188054302921,-14.132033596668094,-54.22235322924659,78.97947807152657
2026-06-17T17:25:49.422000,1578,-104.83300401279874,73.77025769888508,110.87057608124576,-0.3683323381355772,-0.5532267087524491,-0.5010211499401358,-27.286101945144136,-56.01424629372565,122.30321195446861,-14.484369513909463,-53.397104472883925,79.62452435343039
2026-06-17T17:25:49.431000,1579,-104.89141841021163,75.08400839596518,111.43735998510971,0.1997000747080016,0.5122864096432117,-1.709166841715715,-27.664732252799155,-55.68692412479872,123.06610010773016,-14.22456851496278,-52.80947632981141,79.51620756149177
2026-06-17T17:25:49.441000,1580,-105.152593776488,75.85083418833271,112.08171580572082,0.27547464265915295,1.1121483694672722,-2.08933919733366,-27.66714722661833,-55.43638246212195,122.9278082434091,-14.46543089842986,-52.75809955221142,79.41255116959454
2026-06-17T17:25:49.451000,1581,-105.00399576597704,76.45978443840141,111.69006539471823,0.11949547770358049,2.144791855912424,-2.675637536216825,-27.517003307628965,-55.335357878073886,123.10846070110073,-14.253401329640083,-52.709932745750635,79.93779757771925
2026-06-17T17:25:49.461000,1582,-105.08402518547342,76.9136743521831,111.8525814600897,0.2992987982577328,3.218519441204803,-2.48156177412832,-28.031188734808417,-55.29292911480824,124.28539598344092,-14.602129116042065,-52.388825299844775,80.95938390486587
2026-06-17T17:25:49.471000,1583,-105.36843543384236,77.44932632443565,113.40402466297087,0.4706440742046601,2.9363923550841475,-3.5041666696667644,-27.50889810423437,-54.70698392393858,122.33679446461124,-14.837356083220744,-52.09661448994089,80.4274910550392
2026-06-17T17:25:49.481000,1584,-105.32869831270077,77.00670934311401,113.28876007506699,0.6814058908411811,3.593779111912503,-3.765821858003269,-27.478938557475843,-54.80194694616406,122.90724526441991,-14.624276547265886,-52.042027741201665,80.38483059476367
2026-06-17T17:25:49.492000,1585,-105.70041126683779,76.1468515869188,114.06879112600005,0.32729691901591884,2.906263819856785,-4.066887993471034,-27.655964937395584,-55.30303027151759,123.3094068569596,-14.281185582828737,-52.32139177079969,79.79148562772292
2026-06-17T17:25:49.502000,1586,-105.62968135185585,75.50407043105703,113.39244554200768,0.7800923311995857,2.311878171297204,-3.9940569699412136,-28.568794889833356,-54.76961933960777,125.19189153986838,-14.606178576097056,-52.745256219780025,81.00269132688464
2026-06-17T17:25:49.512000,1587,-105.58466402891747,75.72678955182697,113.70843325709778,0.03868522125274987,1.7174925227376256,-2.3938186806597104,-28.085156140489254,-55.43032306979178,124.59098219888385,-14.97330374707228,-52.34708188353693,80.85295129210724
2026-06-17T17:25:49.522000,1588,-105.63302695525353,75.34901312187321,113.41410579668701,0.024510749712880364,0.81358646737136,-2.015934565639945,-28.235939926994973,-55.49295848546098,124.06042270828644,-14.724146476275415,-53.127373804578056,80.50936115904331
2026-06-17T17:25:49.532000,1589,-105.11610444408998,75.59992365510297,112.15098406151782,0.29827696051162744,1.7394036499773595,-1.2704488094363589,-27.807165005784917,-55.531347653839845,123.62151190045624,-14.36080544387531,-52.99893013664081,79.69947987553036
2026-06-17T17:25:49.542000,1590,-104.89883922852314,74.96278199257446,111.32667069132522,0.11844421956559653,1.5695791789603386,-0.7205845724751286,-27.406190060725052,-55.733396821935976,122.95676799402877,-13.989818374600755,-53.31040422125453,78.91155841064425
2026-06-17T17:25:49.552000,1591,-105.00778453112629,75.25879939116054,111.37685097050591,-0.7476280332165206,0.41093935815944427,0.8410541213617769,-27.314693747674323,-56.00212317008048,122.53008104947078,-14.645033945811164,-53.32325100156038,79.78596933169977
2026-06-17T17:25:49.562000,1592,-104.88815979392729,74.86975002874675,111.18950316269706,-0.7676757130364761,0.23837379041927437,1.2201065619792464,-27.632935281166887,-55.531347653839845,122.52482637176105,-14.496979959580116,-53.62509172488193,79.24045844511629
2026-06-17T17:25:49.573000,1593,-105.05413798643043,74.40175986808033,111.82496110230589,-0.6156509446663256,0.22193897444402247,1.3178555540244048,-27.53033404521377,-56.06475858574968,122.7147773627454,-14.310474488032675,-53.53839147325254,80.01036928490826
2026-06-17T17:25:49.583000,1594,-105.36714647245901,74.24670255889653,112.89323619520485,-0.3934059475624787,-0.2930107498715276,0.47516507265865604,-27.40798348601736,-55.913221709677586,122.83585427859501,-14.148043875132423,-53.085630388270204,80.0470618372465
2026-06-17T17:25:49.593000,1595,-105.72873482990254,74.26925750512632,113.46808184725286,-0.45721703474638864,0.7533264558257323,0.958532942334251,-27.875239439264178,-55.90917994529839,124.31864505720007,-14.268167079395967,-53.085630388270204,80.0768476962918
2026-06-17T17:25:49.604000,1596,-105.7768021265268,75.22496848536747,114.33186798926883,-0.3828687149301384,0.7095012602553565,0.6606111936419445,-27.94423081662317,-55.74350014813775,124.37339920053182,-14.50150265829286,-53.130583775717284,80.02476265771122
2026-06-17T17:25:49.613000,1597,-106.02676548370454,76.09046573489596,115.03371707738341,0.005543812807056165,1.1943224493435418,-0.06602190067664558,-28.125184584741902,-55.61216775497679,124.8088344780578,-14.561925186229468,-52.93471002660944,80.28412666382496
2026-06-17T17:25:49.623000,1598,-106.40214411232421,76.48233635752798,116.57265115728057,-0.4877021335944687,2.2379214994085608,-0.03643386391374455,-28.909810095957837,-55.428301102855976,125.59862986132346,-15.11583693635162,-52.671399300582024,81.31111337498123
2026-06-17T17:25:49.633000,1599,-106.72715743719615,76.22014986473495,117.44296612095123,-0.5694778018392243,2.5994815686823416,0.14249374270343987,-28.801549305327313,-55.02016100228454,126.61005642622042,-14.790343612288643,-52.870486468703575,82.1702861117475
2026-06-17T17:25:49.643000,1600,-106.65797091081612,75.91003827347059,117.63469838709798,-0.4405330857325612,2.9007845675013977,0.10820598971827528,-28.869804558520038,-54.90095173276873,127.27847529990112,-15.475538368073392,-52.48515546489185,81.8651051523376
2026-06-17T17:25:49.653000,1601,-106.80111219890034,76.75016234365425,118.17719210312865,-0.5261399622655725,2.610440073393114,-0.1728743804644671,-28.38447142335664,-55.311111630783564,126.53472117894553,-14.858319216461382,-52.69708941331926,81.44424153566904
2026-06-17T17:25:49.664000,1602,-107.514603737149,76.19195845227514,119.45632446808693,-0.4187583821915822,2.300919666586429,0.0032872226843462804,-29.19958340430511,-55.31919515954195,127.00045099926977,-15.194426789717102,-52.86406652642512,81.59491370835958
2026-06-17T17:25:49.674000,1603,-106.97946677186698,76.47669686419471,118.56935876498078,-0.562007399276489,2.856959371931022,0.21304239998419272,-28.818185882584277,-55.19594412564695,126.26702492173867,-14.688483798983073,-52.857643136272195,81.56211618239206
2026-06-17T17:25:49.684000,1604,-106.71609155243212,76.31036359544763,117.95730214095815,-0.6541020735619757,2.618657481380742,0.6597970957623996,-28.74703158045382,-55.426281305412594,126.72315741299653,-14.959798649347286,-52.69708941331926,81.01987529858013
2026-06-17T17:25:49.694000,1605,-106.70599594432873,76.2765357167578,117.20928681650395,-0.5358010627752265,2.120139631949541,1.2808937266318425,-28.981979412666167,-55.18786276638098,126.79911784350206,-15.119356338652372,-53.10168369184081,81.22610621618671
2026-06-17T17:25:49.704000,1606,-106.06415429336182,76.05099836287286,115.76033541904306,-1.1126061270947112,1.4381035922492063,2.5292799100602794,-28.309528755596318,-55.34141943989647,125.52996500383729,-14.971701623851455,-52.67782269073495,81.09057118032389
2026-06-17T17:25:49.714000,1607,-106.23477101088784,75.10938157530998,115.89235401933948,-1.1659483478982444,1.131324282165673,2.0294212734866828,-28.366749081558673,-55.53538724872662,124.81983533124378,-14.478377865120105,-53.38426114045253,80.36243573506682
2026-06-17T17:25:49.724000,1608,-106.22589077847476,74.58500858972396,115.94465668528109,-1.0829029329994402,0.9888901907437709,2.3097671563650204,-28.155914284727814,-55.759662866669686,125.18988368924522,-14.939477381844618,-52.963610110485895,80.47231724863073
2026-06-17T17:25:49.734000,1609,-106.127723163855,73.53626261855186,114.8328745794928,-0.7777670850528037,0.5835019848087063,2.288950270405385,-28.391700634742495,-55.953630675499845,124.22215196061883,-14.373036533934894,-53.72463530894271,79.84914047249214
2026-06-17T17:25:49.744000,1610,-106.09851398502761,74.60756353595373,115.0674266584397,-0.5137455966072451,0.021985968199636573,2.6240426482776176,-28.146730687440556,-55.814216923072905,124.59052590438058,-14.976310620617738,-53.949412589801504,80.01707493257388
2026-06-17T17:25:49.755000,1611,-105.99466536939363,74.42149355409188,114.97506772111223,-0.7598909011452291,0.09868079572052113,2.3425340140245523,-27.586783249173862,-55.93342619258871,123.61590566140904,-14.8400155105972,-53.464538001929,80.44649052409629
2026-06-17T17:25:49.765000,1612,-105.96063731157038,75.03890153060885,114.69984351988062,-1.1439682405834266,-0.09853405489162374,1.682278374311601,-28.424936008597303,-55.55963349601695,124.53368299052528,-14.498658436848652,-53.42600455676038,80.90011647267715
2026-06-17T17:25:49.775000,1613,-105.892027956796,76.31036359544763,114.95021539283506,-0.6444629413784114,1.9914022008706551,0.12384148035273329,-28.383519298689723,-55.4222395410334,125.6119419372857,-15.023106050837107,-52.941129968887886,80.41375220409245
2026-06-17T17:25:49.785000,1614,-105.91908316650753,76.86010976037848,115.0012674015084,-0.6581593119676029,2.648786016608105,-0.7751004567401127,-27.975851953802106,-55.331318283187116,124.77712397449743,-14.634206829270102,-52.909019913872186,80.91560085902454
2026-06-17T17:25:49.795000,1615,-106.04183622271447,77.06027393491863,115.40937268461619,-0.12821115712417486,2.698090464533868,-1.2901278876867197,-27.887519012709106,-55.14543183362292,123.26594097258973,-14.186262533616517,-52.109461270246754,79.9274035936815
2026-06-17T17:25:49.805000,1616,-106.14674056751844,76.79245097589559,115.41548222200022,-0.044428297973616915,3.303431676713316,-1.8817839476776408,-27.54344618242601,-55.268682867517924,123.34740234632318,-14.578115645793979,-52.587912467966326,80.768633265052
2026-06-17T17:25:49.815000,1617,-106.02354272330923,76.24552304407976,115.34224236987116,0.28496950073741,3.0760882908738063,-3.5232031896736777,-28.69692033363772,-55.32323475442872,126.0495358292082,-14.607706732090302,-52.75809955221142,80.43405049881251
2026-06-17T17:25:49.825000,1618,-105.97699189168083,76.00870973063154,114.8534764852621,0.595741443913584,2.520048585529216,-2.906771759068111,-28.456633940756586,-55.31919515954195,125.33871522189922,-14.77871271104939,-52.11909463153891,80.91368855938141
2026-06-17T17:25:49.835000,1619,-106.04511394767707,75.98333655128673,115.05107533101975,0.9860096983099224,1.9749673848953981,-3.156860933234796,-28.396838914028233,-55.165636316534055,125.55079157533697,-14.589489968220365,-52.436992106305546,80.71101946815885
2026-06-17T17:25:49.846000,1620,-105.67848908753709,75.71551056516046,114.16554585959229,0.6217968651683499,2.2817466949789362,-2.910704130017811,-27.854429460731765,-55.026222564107115,123.92328890052839,-14.623294572349378,-52.992506746487884,80.45922648154719
2026-06-17T17:25:49.856000,1621,-105.4218195233693,75.54354083018335,112.62424090206176,0.5195076435285065,1.9201836846142526,-2.5153305040220606,-27.678842634760592,-55.25453777693695,123.2913781156529,-14.513364980687983,-53.01498688808589,80.08559182509046
2026-06-17T17:25:49.866000,1622,-104.72046171353517,75.3433766556432,110.8078515839572,0.7039288524334594,1.7804906899154944,-2.260072171178793,-27.794232628529123,-55.32727651880792,122.79389881008733,-13.986775418248817,-52.921863246303566,79.42628133830836
2026-06-17T17:25:49.876000,1623,-104.78580113693188,74.97123971902272,110.61269562436644,0.7392720345500934,1.2710172768644263,-1.6684620757183466,-27.434804107747862,-55.5414488105492,122.51857113621783,-14.279004344280484,-53.191593914609435,78.63593846219344
2026-06-17T17:25:49.887000,1624,-104.59928545483848,74.27771523157459,110.05550260642147,0.2736345051093489,0.5095453129200628,-1.6965176867463119,-27.19479757405319,-55.72935505755678,121.51527775044084,-14.217948312404964,-53.51270480838978,79.16235718599299
2026-06-17T17:25:49.896000,1625,-104.34779257055544,74.82464013628719,108.91530506582407,-0.11604891372428233,0.3835489785643204,-1.6030318264372259,-26.963193933512095,-55.763704631048874,120.32610697952248,-14.287145322176027,-53.37462777916038,78.73242492277193
2026-06-17T17:25:49.906000,1626,-104.05816091830008,74.11138196282751,108.47814872635313,0.24178648714419293,0.03294153181950355,-1.7883095359406525,-27.33029028303767,-55.943527349298066,121.19549582232746,-13.6199657840005,-53.40673783417608,78.3999962211808
2026-06-17T17:25:49.916000,1627,-104.30642160100935,73.86611092293101,108.82765054278407,0.307448263753053,-0.09853405489162374,-2.1428817625688232,-27.23029874568658,-56.25670442764403,120.88590689155932,-13.74352985403465,-53.233340778791764,78.32504069908082
2026-06-17T17:25:49.926000,1628,-104.3326395046387,75.0868266290802,109.1322606931821,-0.14013824284052567,0.30137489868805095,-1.7895115075830141,-27.26059164236225,-55.91928327150016,120.92308289977619,-14.224135928414114,-53.38747111159176,78.78507748528013
2026-06-17T17:25:49.937000,1629,-104.21933348498601,75.67322496002237,109.03356481498852,0.6780760866031508,0.7834579321440001,-2.4983647204467503,-27.319297152951673,-55.49295848546098,121.21584797436988,-14.655841731738633,-53.361784446729,79.5901783481835
2026-06-17T17:25:49.947000,1630,-104.37007990559658,75.37156806810302,109.44269679496786,0.48517682013185265,1.317583569157946,-2.8786203027464423,-27.377885885464593,-55.45860891196888,122.2711620775302,-13.682301021714427,-53.02462024937806,79.12325967422143
2026-06-17T17:25:49.957000,1631,-104.6368612520127,75.54917729641338,109.72355595596416,0.6109685799582815,1.8078810695106182,-3.1047818502226847,-27.60176542370761,-55.43436266467856,121.96617289098127,-14.649375438615097,-53.20122727590159,79.58708803706737
2026-06-17T17:25:49.967000,1632,-105.17668507334098,76.14403032670056,112.12909087025704,0.47357718204412136,1.9859229485152652,-3.765560429259798,-27.53644487961082,-55.25049818205017,121.73837308201857,-14.244131848049271,-52.29891507707615,79.25367002638977
2026-06-17T17:25:49.977000,1633,-105.13349067265099,76.21169213828668,111.72530921903905,0.9643089472552815,2.2927022585988035,-3.496577332986893,-27.529881134397062,-55.10502286780066,122.86970038124814,-14.58648804484536,-52.51084557762909,79.66935134064369
2026-06-17T17:25:49.987000,1634,-105.16431985972916,76.40339858637857,112.43571088654605,0.45397624535814685,2.8350453036003826,-3.9193976578118135,-27.347753287075797,-55.2141288111147,122.7040631173737,-14.35668444707776,-52.43056871615262,80.89141908755275
2026-06-17T17:25:49.997000,1635,-105.23807307245511,76.65994558583833,112.39646973456887,0.8938110557039753,2.6597445213188773,-3.656460887257809,-27.725939023337318,-55.361626092300014,123.28934211069311,-14.512080824679089,-53.15306391731529,80.71345413529882
2026-06-17T17:25:50.007000,1636,-105.38772984609191,76.26807799030955,113.06827616457261,0.6267077435217162,2.5885260050624748,-2.840886343934851,-28.243817528271588,-55.052488608840825,123.6281657745892,-14.275332057354088,-52.03239437990951,79.93644822832553
2026-06-17T17:25:50.018000,1637,-105.40748465485645,76.4682421648497,113.19379256370415,-0.15030189184281062,2.802175671649874,-2.2370822593571407,-27.84667314342078,-55.17169787835663,123.42672138600764,-14.38711097951179,-52.552588993936936,79.82040345699522
2026-06-17T17:25:50.028000,1638,-105.67678432674163,76.12429664068901,113.44679289723584,0.238691840589723,2.5118311775415902,-1.3331399570309288,-28.205535237502954,-55.38183057521115,124.61953248356949,-14.73163262873656,-52.652132577997705,80.44792309136216
2026-06-17T17:25:50.039000,1639,-105.27126477182509,75.55481678974662,112.92525180579705,-0.5835602453584535,1.7750114375601094,-1.0159443333399572,-27.860945454766153,-55.55963349601695,124.12208213030219,-14.534931114101902,-53.15627388845452,79.99541515466889
2026-06-17T17:25:50.048000,1640,-105.51257331387527,74.52580450458608,113.17722965882133,-0.8477954721616086,1.2682791212321853,0.5044944268709686,-27.668665777984327,-55.85260609145178,122.9331040613766,-14.360773534433209,-53.599401612144696,79.37833055221581
2026-06-17T17:25:50.058000,1641,-105.64820728408722,74.27207573824133,113.69021252188176,-0.8751762550980219,0.23563563478703337,1.3631546939269377,-27.91752255904906,-55.828359844161454,123.92812842399262,-14.763336961332563,-53.53518150211331,80.6265847354684
2026-06-17T17:25:50.068000,1642,-105.83007057966115,74.04653838435638,114.32111548148276,-1.059457082689473,-0.31766297383441044,1.8319302054235196,-28.74157605875741,-55.387892137033724,124.28809476877954,-14.695271603812596,-53.67325853134271,80.0778995262749
2026-06-17T17:25:50.078000,1643,-105.91771933249142,74.85283457585022,114.78000396827977,-0.8289664373534404,-0.6710085762114684,1.9265253202375003,-28.153350706208116,-55.79603223760517,124.35929739368285,-14.44620268068645,-52.95397674919374,81.00903427630651
2026-06-17T17:25:50.088000,1644,-105.98861632692481,74.72596867912624,114.63753753358392,-0.9569421823922133,0.17263746760916465,2.063702282208994,-28.002139515572438,-56.06475858574968,124.37972532659279,-13.925922734248644,-53.409947805315305,80.00205482987963
2026-06-17T17:25:50.099000,1645,-105.84568870229938,75.32646120274667,114.93183941851193,-0.7343878131940672,1.2710172768644263,1.9251423185033136,-28.400218765857645,-55.75158150740371,126.00275166458057,-14.360864649791905,-53.34572769528391,80.65305464168958
2026-06-17T17:25:50.109000,1646,-106.17122984204505,76.47951812441298,116.27698044522828,-1.0981840085713364,1.2107572653187937,1.8607290061350985,-28.509458910907853,-55.6929856866213,125.08277514346351,-14.668365879355747,-53.24618411122314,81.06391290021433
2026-06-17T17:25:50.119000,1647,-106.60134299278747,76.5471799359991,117.19406124254846,-1.0381877475839114,1.7311862419897337,1.6128484619914565,-28.100508476824388,-55.38183057521115,125.11404017986496,-14.950627663770682,-52.74204280076633,81.29919492357254
2026-06-17T17:25:50.129000,1648,-106.574456510121,76.45696317818317,117.72649967207393,-0.3247501489279648,2.60769897666997,0.8539992210330325,-28.666080471932524,-55.44244402394453,126.26477808983215,-14.825340876199974,-52.21221482544676,81.58216449499753
2026-06-17T17:25:50.139000,1649,-107.00382808310837,76.2145103714017,118.36786033142451,-0.774572958411923,2.626874889368368,0.47133099306939974,-28.766779272600047,-55.644495361533075,126.7920257998198,-14.841862658610998,-52.65855596815063,81.83435478973605
2026-06-17T17:25:50.149000,1650,-107.35714178135947,75.70705283871219,119.91311657117554,-0.988434936243885,2.522786741161457,1.0142868837853327,-29.209603316957605,-55.036325890308895,126.72237907210759,-15.041143658415448,-52.568645745382014,82.28612307095922
2026-06-17T17:25:50.159000,1651,-107.46809611626115,76.871388747045,120.2567560243597,-0.1870844319878024,2.5583974698351124,0.4801702240384897,-28.90689330841656,-55.450527552702916,127.22197175942382,-15.044387151289747,-52.54937902279771,81.82074510671397
2026-06-17T17:25:50.169000,1652,-107.33889321836804,76.14403032670056,120.09929141919044,-0.8867614485188011,2.5556563731119657,1.1717062536388534,-29.050058831405547,-55.34344140683228,127.32998775517916,-14.702981019968057,-52.50442218747615,81.00951858236198
2026-06-17T17:25:50.179000,1653,-107.29304126264954,76.54154044266583,119.63294472615515,-0.5257468967343532,2.71452528050912,0.6082409520744547,-29.14937311801607,-55.064611732485986,126.59058791088623,-14.731773182536285,-52.7709428846428,81.42124188422498
2026-06-17T17:25:50.189000,1654,-107.20866149356807,76.0961052282292,119.11884059772267,-0.905429016205327,2.4022667180701966,1.3430762115044454,-28.910014974212125,-54.95348382223615,127.46760680973875,-15.19573547451255,-52.62965588427417,81.59947763461767
2026-06-17T17:25:50.200000,1655,-106.74230399646777,76.00870973063154,117.52909642191835,-1.5062544943889105,2.144791855912424,1.612599269896587,-28.469841763278737,-55.58994130512985,125.87385064345037,-14.580814363268008,-52.14799471541538,80.79750514427178
2026-06-17T17:25:50.210000,1656,-106.50305556912116,75.28699080362036,116.11849900853768,-1.1300789734625285,2.0790525920114065,1.6435081091446277,-28.33451433784129,-56.086982866104194,126.49744637455737,-14.738474689312222,-52.47552555147417,81.79482568845273
2026-06-17T17:25:50.222000,1657,-106.35666381899131,75.35465261520648,116.42736499865622,-0.8478557909055764,1.1340624377979092,1.6446241079123654,-28.451097301141886,-55.51922453019469,125.23137203590531,-14.952771794703834,-52.75488958107219,80.56732598551258
2026-06-17T17:25:50.230000,1658,-106.05079004082052,74.39894163496533,115.06754049604483,-0.7874726460635503,1.161452817393033,1.65623687468917,-27.914896752940557,-55.88897546238726,124.9264645672184,-14.482541944511764,-53.127373804578056,80.7466308113056
2026-06-17T17:25:50.240000,1659,-106.033389611452,74.24388432578152,115.06348118104674,-0.792208685477324,-0.03553588771375505,1.9142612110008117,-28.057759509928275,-56.01626609116904,123.42925562369012,-14.591182181991298,-53.92372247706426,80.18186099769574
2026-06-17T17:25:50.250000,1660,-105.95797752197323,74.31718260359766,114.63727426169919,-0.8352652134238292,0.21646266317954044,1.7166409517254229,-28.11314307333908,-55.8465445296292,124.17016508588353,-14.692017962594846,-53.191593914609435,80.85455519729379
2026-06-17T17:25:50.260000,1661,-105.64379417634993,74.64984914109183,113.69147796016229,-0.6592539577576407,0.31506861794015895,1.054521419251864,-28.15256664791133,-55.36970745156598,123.74033115705498,-14.20663042820727,-53.743902031527014,80.1735465426671
2026-06-17T17:25:50.272000,1662,-105.51701749652969,75.43359038635589,112.99953998564443,-0.9061972872157653,1.498363603794839,0.824091165816561,-28.388210621193792,-55.282825788606466,124.3664833431866,-14.49274570545737,-53.3938945017447,80.09150430712053
2026-06-17T17:25:50.280000,1663,-105.34642372102502,75.79726959652811,112.99417383086382,-0.18597225966360723,1.7750114375601094,-0.4800826051076209,-28.084008719699487,-55.72127369829081,124.19571915007198,-14.34091078794231,-53.271874223960374,80.1943337171209
2026-06-17T17:25:50.291000,1664,-105.60937534746287,76.07355028199942,113.70134740052887,-0.025661799200843383,1.468232127476571,-1.454547532846498,-27.93266004660956,-55.49295848546098,122.91473594669192,-15.067170854140414,-52.14799471541538,80.4604082730767
2026-06-17T17:25:50.301000,1665,-105.52267671556358,76.10738118779248,113.62216354304276,-0.20610664319428396,1.328539132777818,-2.1390690105384036,-27.9901942608195,-55.50103984472695,123.47729823697543,-14.262875521117632,-52.94755335904082,80.67127420102229
2026-06-17T17:25:50.311000,1666,-105.60760559394652,76.19195845227514,113.33544372314981,0.55003976089599,2.3584415224998208,-3.1821113205267513,-27.762821354864673,-55.567714855282915,124.0928877394703,-14.394477899668704,-52.69066602316633,79.72935385462424
2026-06-17T17:25:50.323000,1667,-105.36141750107521,76.53590094933259,113.29294878196126,0.6698726815806127,2.999393463352922,-3.4840929733907466,-27.601618633055267,-55.18584079944518,123.56005191538944,-14.178927522901706,-52.639289245566324,80.33960251936705
2026-06-17T17:25:50.331000,1668,-105.44050891412115,76.1468515869188,113.13908868482591,0.3996427516427741,2.6515271133312486,-3.778209584229201,-28.403333632344882,-55.38991193447711,123.85189277567063,-14.859342224354814,-52.86085310741142,79.81345459370621
2026-06-17T17:25:50.341000,1669,-105.22096897276305,76.70505547829791,112.63659954575922,0.6010545333064898,2.618657481380742,-3.6691484744183387,-27.26338895998611,-54.963587148437924,122.7913226341854,-14.360230121044415,-52.76773291350357,79.87257469988269
2026-06-17T17:25:50.351000,1670,-104.93425976964173,75.92131423303385,111.28032364039575,0.4108140556486506,2.4597885739835883,-3.2761902402794085,-27.410139122076657,-55.27676422678389,122.4912438616184,-14.556339164717127,-52.73562285848787,79.55447431130996
2026-06-17T17:25:50.361000,1671,-104.6403513534943,75.73806551139023,110.20204971523407,0.5761354699934342,2.0954874079866586,-3.4083572647246023,-27.056074189279826,-55.331318283187116,122.18570961377755,-14.624804174535075,-53.02462024937806,78.94687760168034
2026-06-17T17:25:50.371000,1672,-104.65219724578198,75.38566528788454,110.51982492428176,0.6449063378237162,1.6216217825183403,-3.522607384037225,-27.744030110323294,-55.517202563258884,122.21777167867538,-14.736819716021653,-52.68103266187418,79.2013312256381
2026-06-17T17:25:50.382000,1673,-104.62843966909851,74.60474227573549,109.87072258858333,0.5131204703048464,0.8382386913342428,-2.9760713919733783,-27.521854928419895,-55.57175661966211,122.33307915506195,-14.458234011029713,-53.59298166986625,79.23180131424624
2026-06-17T17:25:50.392000,1674,-104.4777612751647,74.0324441916781,109.47514674257113,0.1995596933945003,0.29041933506818396,-2.433200686055567,-26.9857611877748,-55.646515158976456,121.59814914794183,-14.524634832121125,-53.21407405620745,79.37581266720373
2026-06-17T17:25:50.402000,1675,-104.3445589826194,73.99015555943676,109.16050637960005,0.12239412791696958,-0.11496887086688064,-2.5408395738646052,-27.2490481930836,-55.994041810814515,121.36212225403762,-13.95292592991107,-53.87876564174272,78.41322596054184
2026-06-17T17:25:50.412000,1676,-104.30503819823866,74.55117768393087,108.84614484280472,0.09008527361085605,0.5259801288953196,-2.447489567193372,-27.20314419365299,-55.61620734986356,120.42930157676757,-14.15279837586888,-53.77922205768194,78.06933989531079
2026-06-17T17:25:50.422000,1677,-104.32373633020433,74.81900367005716,109.05791091360784,0.32914626645829337,0.6519794043419649,-1.803166150893235,-27.166832885696024,-55.68086473246856,121.27102891062799,-14.351495310175462,-53.52233816968193,79.00548560983638
2026-06-17T17:25:50.432000,1678,-104.38172504829323,75.87902560079253,109.3534060724414,0.18207072685935105,1.1861050413559158,-2.053414546210201,-27.220933176959846,-55.438404429057755,120.31526987603101,-14.228910007766714,-52.88975319128788,79.31732626685937
2026-06-17T17:25:50.442000,1679,-104.11371526407737,75.99743377106826,108.20890072597344,0.36677988853267585,1.1970606049757828,-2.137269275143217,-26.923930657226713,-55.517202563258884,121.22601795641138,-14.501273419619496,-53.22691738863883,79.34298734927127
2026-06-17T17:25:50.452000,1680,-104.65308043590677,75.79726959652811,110.51957167358873,0.35763055361734003,0.7642820194455993,-2.1826488136973956,-27.375463143562207,-55.426281305412594,122.57571798487969,-14.357212074346954,-52.9796634140565,79.45346609446942
2026-06-17T17:25:50.462000,1681,-105.06053191592042,75.94386917926364,111.62409275720431,0.041536924540102826,2.216007431077919,-2.38444976610362,-28.011647461031366,-55.39395369885631,123.35647842736316,-14.403244619979759,-52.95076333018004,80.91759226798509
2026-06-17T17:25:50.473000,1682,-105.12487569499729,75.91003827347059,112.19822524606548,0.30546304117337736,1.4435799035136883,-2.647965800881718,-27.601477796437926,-55.46062870941227,122.42490971247763,-15.145433997626947,-53.09205033054866,80.66524879341344
2026-06-17T17:25:50.483000,1683,-105.5613472799944,76.18914021916014,113.76035355217834,0.5182417896662455,2.15300926390005,-2.80072946092709,-27.827376730994203,-54.834274552720345,123.2029242923702,-15.006234054569134,-52.472312132460466,81.01643853156612
2026-06-17T17:25:50.493000,1684,-105.79653399327002,76.32164258211415,114.33073194288453,0.33215332678407405,2.199572615102667,-2.5091950772723,-28.126634109210748,-55.50103984472695,124.24655879558854,-14.551249548637617,-52.54937902279771,80.1982506816357
2026-06-17T17:25:50.505000,1685,-105.9840067904921,76.33291854167743,114.5981469473272,0.15847979151951286,2.6597445213188773,-2.4734831441689455,-28.13661787230127,-54.9433826655268,124.96608659560773,-14.595215518723844,-52.29570165806245,80.84772794181646
2026-06-17T17:25:50.513000,1686,-106.0422499357996,76.65712735272332,115.25093148853384,0.21790840996058364,2.952827171059402,-1.869267900153209,-28.33902647172889,-55.09896130597809,125.28070775183288,-14.732489396369788,-52.76130952335065,80.65519748521706
2026-06-17T17:25:50.523000,1687,-106.1654957503784,76.88830419994153,115.9438819223674,-0.13772824545295956,2.87065309118313,-0.8995046467529586,-27.97890516404056,-54.92923974443825,124.2889193889591,-15.20528120273269,-52.25717166076831,81.09770762387949
2026-06-17T17:25:50.533000,1688,-106.12524292884363,76.3131848556659,115.41711973822187,-0.326843250562057,1.9064899653621397,-0.945181300048858,-28.126320883285356,-55.31717319260614,125.53663050327624,-14.478238336128975,-52.50121221633693,80.95537961392424
2026-06-17T17:25:50.543000,1689,-106.05316770154872,75.24752343159726,115.31565478551465,-0.4841177613651366,1.6325802872291102,0.7142380737614992,-28.113740174936222,-55.63035027095211,124.98411533691443,-14.350472302282023,-52.80947632981141,80.6362725517992
2026-06-17T17:25:50.554000,1690,-106.15433567189123,75.25315989782729,115.58519770981756,-0.7473147683304339,1.7421447467005036,1.7190591716123382,-27.732254735988686,-55.7273352601134,124.18191477838154,-14.438176702995456,-52.992506746487884,79.68717770040419
2026-06-17T17:25:50.564000,1691,-106.16863851785806,74.88384422142505,115.19207055479978,-0.4937393670145435,0.15620265163390779,2.1195627360170315,-28.41270140350869,-55.9051381809192,124.25626734409391,-14.152629367920705,-53.17554061103883,79.90740202475033
2026-06-17T17:25:50.574000,1692,-105.92752943845912,74.42713304742513,115.34715414525729,-0.8822825351146579,0.5424149448705716,2.6437819676606518,-27.954699226172263,-56.04859369772532,123.94039936451709,-15.031058442168371,-53.04709694310159,79.83833007059552
2026-06-17T17:25:50.584000,1693,-106.21434900944845,74.64703090797683,115.56798916218904,-1.0481938222563425,0.9121953632228863,2.584804028858963,-28.34476119028959,-55.93342619258871,124.86053394701716,-14.615477536644876,-53.17554061103883,80.44170062763204
2026-06-17T17:25:50.594000,1694,-106.39903570138173,75.2644388844938,116.11214070855291,-1.3130486041726959,0.8519353516772536,2.6969845817798452,-28.452180680294667,-55.543470777485005,124.89280033921374,-14.515774433101008,-53.25260750137607,80.35665162733967
2026-06-17T17:25:50.604000,1695,-106.51634623596944,75.17140389356287,117.10082345416562,-1.3513604961972319,1.4874080401749719,2.5890862233437084,-28.593535039387817,-55.55963349601695,125.62052058356468,-14.485004042656923,-53.61545836358978,80.4050042952373
2026-06-17T17:25:50.614000,1696,-106.59450252827914,75.69013738581566,117.36339408777658,-1.237398828425706,1.5449269549974558,2.4621438125613033,-28.881547717841705,-55.4868969236384,126.31192464314155,-14.59197338786101,-52.71635613590357,81.31310021026354
2026-06-17T17:25:50.624000,1697,-106.68121407404618,75.57737173597641,117.87230761464716,-1.0589586889130678,1.2901902484719192,1.598341288610564,-28.402375553642976,-55.37172724900937,125.65813476133083,-14.726372979900287,-53.23012735977806,81.36349891940718
2026-06-17T17:25:50.634000,1698,-106.98670104139498,75.76343869073504,118.48133769709902,-0.9856669263934333,1.512057323046947,0.9466709834625737,-28.866701783053998,-55.70106921537968,126.53404323015121,-14.873199966421847,-53.07599702697805,80.35792153891776
2026-06-17T17:25:50.645000,1699,-106.93919309463786,76.27935394987281,118.28234982599217,-0.7931951830793894,1.503839915059321,0.9420029551686088,-28.491338963072035,-55.14947359800212,126.98566908504966,-15.113569399749782,-53.104897110854516,82.01336666979665
2026-06-17T17:25:50.655000,1700,-107.1168112101323,76.45696317818317,119.13160745949207,-0.8373360848073941,3.045956814555541,0.9607011820497902,-29.357868676251062,-55.33939964245308,126.59386505088625,-14.721219544936613,-52.33744852224477,81.36497664310382
2026-06-17T17:25:50.665000,1701,-107.0125048926283,77.32809992104491,118.94438428375884,-0.9309492971728227,2.5748322858103667,1.0649754327239087,-28.47618355395686,-55.02420276666373,125.93510059953208,-15.127026464710259,-52.16083804784675,82.14785286211111
2026-06-17T17:25:50.675000,1702,-106.95680172787146,76.88266470660827,118.39038887251114,-0.6529766010132158,3.018566434960417,0.22116220832757708,-28.670456937414087,-55.373747046452756,126.30938551510924,-14.94991144993718,-52.73562285848787,82.06523932258045
2026-06-17T17:25:50.685000,1703,-106.87118096777627,76.38930136659704,117.98520685801708,-1.1483184689916193,3.3554742802713178,0.23874560648088944,-28.40451009693564,-55.26666090058211,125.97858381089424,-14.601834315605185,-52.17047140913891,81.2015734151388
2026-06-17T17:25:50.695000,1704,-106.64431802276074,75.65067001379256,117.4305344237133,-0.6229667831730459,2.514569333173831,0.7057791842158769,-28.938384159884453,-55.38587017009792,126.3242894894875,-14.79048173560331,-52.472312132460466,81.57733733071369
2026-06-17T17:25:50.705000,1705,-106.89770056902913,75.50970992439028,117.86451424387748,-0.46171013089304563,1.3394946963976848,0.7520187851800796,-28.36743745454558,-55.697027451000494,125.53629112989823,-14.638580231516102,-52.523688910060464,81.0378688877067
2026-06-17T17:25:50.715000,1706,-106.33652826731651,75.18267985312615,116.28386501725424,-0.7798985371047745,1.2052780129634086,0.7120869386782502,-27.959053447161207,-55.503059642170335,124.65007274260738,-14.899748096366245,-53.02462024937806,80.5380617003424
2026-06-17T17:25:50.725000,1707,-106.08688080856982,74.51734677813782,115.58644732207888,-0.34016072042039325,0.6958045999123407,0.37642095264212233,-27.9593912109985,-55.62024911424275,125.2577044409827,-14.543808661253092,-53.54802483454469,79.95827934415124
2026-06-17T17:25:50.736000,1708,-105.67638272813704,75.3151852431834,113.66856256012233,-0.3275701429386275,0.7533264558257323,0.4484377964551851,-28.402943611439127,-56.00010120314467,124.74065702594997,-14.52597542635868,-53.15627388845452,79.70152591677639
2026-06-17T17:25:50.746000,1709,-105.43114837712764,75.3151852431834,112.96987942666638,-1.2608480404694862,0.3232860259277849,0.6311828594120308,-28.12014199076605,-55.660658080065005,123.38270530131302,-14.110663430473968,-53.20122727590159,79.43028642287173
2026-06-17T17:25:50.756000,1710,-105.5088668756328,74.64139141464356,112.89783284844287,-0.6569921272671888,0.805369059383734,0.8727453705610716,-27.940239958127208,-55.838463170363234,123.44002263462559,-14.331394538679207,-53.111317053132964,79.45098547727694
2026-06-17T17:25:50.766000,1711,-105.13326654230522,75.5660927493099,112.22748760816327,-0.685333546687753,1.0217598226942797,0.015209422688698349,-27.471284633800927,-55.549532339307596,121.9806503211162,-14.319240183535147,-52.9603966914722,79.63234502654889
2026-06-17T17:25:50.776000,1712,-104.91292782405608,75.5660927493099,111.4990461758716,-0.407442255080254,1.6216217825183403,-0.5578411275585107,-27.74104928114503,-55.42021974359001,123.10727883127225,-14.094702209582822,-53.0663636656859,79.62755513008464
2026-06-17T17:25:50.787000,1713,-104.88645107288998,74.97406097924097,111.50663826209836,0.26205709727216353,1.1970606049757828,-1.5402170618534046,-27.980466481325763,-55.636411832774684,123.13035792298993,-14.090076064685457,-52.84800977498004,79.75734822821634
2026-06-17T17:25:50.796000,1714,-105.28100221838572,74.97406097924097,112.37963802470202,-0.0629432569710976,1.1861050413559158,-2.4258126188237057,-27.59473649370481,-55.88695349545145,123.58496267139331,-14.615981659936063,-52.92507666531727,79.93758406980253
2026-06-17T17:25:50.806000,1715,-105.04486618356636,75.33210069607992,111.79595620726529,0.6056477049817999,1.3394946963976848,-2.6901542000534424,-27.704243744598067,-55.22221017038066,122.7050406599034,-14.074080166664269,-52.671399300582024,79.63346840573647
2026-06-17T17:25:50.816000,1716,-105.24886020161694,75.84237646188446,112.43408892461544,0.6757478272855169,2.185878895850559,-3.4852576828818402,-27.296429609058098,-55.21210901367131,123.46410172152328,-14.646409217178718,-52.75809955221142,80.4328311109652
2026-06-17T17:25:50.827000,1717,-105.12424181180822,76.24270481096475,111.82295676951428,0.5119630265549954,2.010575172478148,-4.102297237609687,-28.18070553962477,-55.07673485613115,124.12212327055994,-14.456827855028642,-52.09019454766244,79.83005288338649
2026-06-17T17:25:50.839000,1718,-104.84020055252279,76.23706531763149,111.6284666508941,0.5433913069464541,2.2680500346359254,-4.047679933828023,-27.65893186150445,-55.125227350711796,122.75243347873096,-14.160240288061997,-52.78699963608788,79.87557390451549
2026-06-17T17:25:50.847000,1719,-104.95821168869361,76.79245097589559,111.60367630995873,0.4601095899217018,2.6843938041908544,-3.6896120025735493,-27.924092441249005,-55.03228412592969,122.63053139342317,-14.564438084827154,-52.581489077813394,79.64108915534753
2026-06-17T17:25:50.857000,1720,-104.85622503339468,76.61483872048198,111.34793406585952,0.8815526295672174,2.7912201080300045,-3.9421625331275347,-27.53500983155137,-55.53336745128323,121.80184685470304,-14.391323091668044,-52.32460174193891,79.90318833444661
2026-06-17T17:25:50.867000,1721,-104.88244864428195,75.87338610745927,110.98305708535199,1.0973704095869758,2.035227396441031,-3.2360943864808354,-27.677063114537685,-55.53336745128323,123.07975805671839,-14.251921206411396,-52.462678771168314,80.20502820700402
2026-06-17T17:25:50.877000,1722,-104.44075694233817,75.28417257050535,110.53522013074173,0.22653712084898692,1.9886640452384141,-2.633540196192332,-27.63042797620093,-55.606106193154204,122.59433886473055,-14.135220314110855,-53.32003758254668,79.12679291501873
2026-06-17T17:25:50.887000,1723,-104.75205938063154,75.49279447149375,110.88473777319192,0.3837763094501958,1.2326713336494355,-1.9357210491012455,-27.459400066521876,-55.80815536125033,121.97832691038047,-13.873622630400028,-53.018196859225114,78.89546923254964
2026-06-17T17:25:50.897000,1724,-104.7014784187447,74.6554886344251,110.41522512549795,0.27281699828808126,0.7149805126107415,-2.688679269258299,-27.113929968838413,-55.697027451000494,121.12566801792846,-13.968040150644553,-53.01177346907219,79.26366292224418
2026-06-17T17:25:50.908000,1725,-104.70692734758654,74.81336417672391,110.5674632607027,-0.1830160390556509,0.05485560015014536,-1.4854151118733072,-27.729115148638442,-55.450527552702916,121.87231876524831,-14.56801430622441,-53.14021713700944,78.94339978679022
2026-06-17T17:25:50.918000,1726,-104.5987272436694,74.76825731136756,109.75711029791329,-0.298662487338534,0.6766316283048478,-1.681049031438704,-27.42688307822982,-55.838463170363234,121.55192168328696,-13.999597954461791,-53.64114847632702,78.7802875888159
2026-06-17T17:25:50.928000,1727,-104.72120249190301,74.29180942425288,110.71717051934641,-0.08218202647796136,0.7396297954827165,-1.4023448328451413,-26.99882817367961,-55.55559390113017,120.99814236658116,-14.398129450305074,-53.769592144264266,79.36267973012417
2026-06-17T17:25:50.939000,1728,-104.87116001553446,74.98533693880424,110.96367445654072,-0.08548207680628953,0.643761996354339,-0.7049511217942679,-27.469505113577988,-55.583879743307264,121.76903026218172,-14.246660532766565,-53.23012735977806,79.5543413633288
2026-06-17T17:25:50.948000,1729,-104.98562132602731,74.70059549978143,111.1796492766215,0.2033622922154591,0.7834579321440001,-1.2292555382360033,-27.69979048413615,-56.03849254101597,122.25912577721795,-14.441276097576047,-53.15627388845452,80.12603033252105
2026-06-17T17:25:50.958000,1730,-105.29968952281062,74.95714552634443,112.52808011679338,-0.3994887143326478,1.0409327943017725,-1.4163702452858848,-27.071530550348097,-55.70510881026646,122.27874585428717,-14.306799770621218,-53.397104472883925,79.7446114771437
2026-06-17T17:25:50.968000,1731,-105.49705241891601,75.45332407236744,113.80593137329342,-0.14226472925166994,1.6271010348737251,-1.2314498916568515,-28.16942421092905,-55.632372237887914,124.76748037951525,-14.375647928546798,-52.99893013664081,80.16955014033664
2026-06-17T17:25:50.978000,1732,-105.70291524325768,75.80854555609139,113.97759961536724,0.007363675473302356,1.5202747310345728,-1.3282132461863687,-28.00690321913666,-55.47881339488001,123.53556929955224,-14.837665264100764,-52.75809955221142,81.1290054880063
2026-06-17T17:25:50.988000,1733,-105.92985609486183,76.64866962627507,114.60915243407808,-0.0018999177132192901,2.5310041491490853,-0.8805113450836495,-28.185078650943236,-55.763704631048874,124.33299962921524,-14.127682980329299,-52.37276854839969,81.05589974465282
2026-06-17T17:25:50.999000,1734,-106.25208236681607,76.64866962627507,115.75620421139816,-0.40472818475702077,2.7720471364225117,-1.2725052692657672,-28.259873773760063,-55.1211855863326,124.53515146816802,-15.130236686130985,-52.375981967413395,81.36133127034948
2026-06-17T17:25:51.009000,1735,-106.30422055745854,76.65430911960831,116.12123089791345,-0.3517653957423179,2.9418716074395324,-0.8582674509757161,-28.192330769143897,-55.02016100228454,123.91812812864015,-14.752206638890518,-52.64249921670555,80.74342001449772
2026-06-17T17:25:51.019000,1736,-105.96002925611684,76.4485054517349,115.18403438209846,-0.7740890093024699,2.7857408556746197,-0.457749609968828,-28.055758035169696,-55.39799329374308,124.41021282006695,-14.799164721211179,-52.626445913134944,81.17957474144889
2026-06-17T17:25:51.029000,1737,-106.4832510643138,76.40903807971183,116.40916430582357,-0.2704834175575602,1.8790995857670207,-0.6297344362195418,-28.441072403229228,-55.13128891253437,125.67570720813426,-14.76237951520265,-52.50121221633693,81.33340685871835
2026-06-17T17:25:51.039000,1738,-106.56743345707099,75.69859511226392,116.88261268144699,-0.07203449764300839,1.2847139372074372,0.31078385969000194,-28.044107206994813,-55.41819994614662,125.44554284817809,-14.839030767992748,-52.79984296851926,80.52088720450156
2026-06-17T17:25:51.049000,1739,-106.6284407132749,75.236247472034,117.13200796348835,-0.3148939345951599,1.3449739487530699,0.5974430712536983,-28.36922809701479,-56.02636941737081,125.41537821242615,-14.436029804374323,-53.165907249746674,80.41904743208589
2026-06-17T17:25:51.059000,1740,-106.24708638021518,75.47587901859723,116.36831717377652,-1.037358824311681,0.9094542664997375,1.165580399182032,-28.571364605339195,-55.816236720516294,125.85620810409087,-14.914051780616457,-53.54802483454469,81.19109999328539
2026-06-17T17:25:51.073000,1741,-106.13871487595091,75.1629461671146,116.01036632263848,-0.8636975164226457,0.5835019848087063,2.5693009394301938,-28.566666483526838,-55.39799329374308,124.7051727589651,-15.10945335312265,-53.19480733362313,81.32776139477055
2026-06-17T17:25:51.080000,1742,-106.45857048137464,75.239065705149,116.23982116767553,-1.1861611257072093,1.476449535464197,2.6022515733744265,-28.534762132998342,-55.450527552702916,124.76018969684569,-14.865053013547307,-53.284717556391755,80.57271689366756
2026-06-17T17:25:51.090000,1743,-106.1414789868473,75.59992365510297,115.6069770634732,-1.5553212501951896,1.512057323046947,3.000911395969821,-28.223044361623373,-55.71319233902484,124.79797356130085,-14.772518095252618,-52.992506746487884,80.03598740370235
2026-06-17T17:25:51.100000,1744,-106.14748005894651,75.04171976372386,115.32479666929706,-1.1405853793361644,1.6051869665430833,2.849048976718485,-28.52597592726522,-55.14947359800212,125.50229346551009,-14.568602164218815,-52.883329801134956,80.02528423158631
2026-06-17T17:25:51.110000,1745,-106.23028873777568,75.10938157530998,115.51365736125192,-1.1263369553099758,1.1970606049757828,2.0265296949126905,-28.517523468884075,-55.84048296780662,124.45553419536327,-14.694109447795912,-52.93471002660944,80.73537257755133
2026-06-17T17:25:51.123000,1746,-106.52882089116335,75.34055539542496,117.06105603014723,-1.0105331946216582,1.355929512372937,1.680636690026826,-28.44826163151894,-55.331318283187116,124.52699447578254,-14.808011764596742,-52.80947632981141,80.82129450979312
2026-06-17T17:25:51.130000,1747,-106.32511108830869,75.00507062481579,116.60378397218143,-0.8338909494491762,1.0874961455043894,1.1612130198991661,-28.183802178104624,-55.583879743307264,125.03282507164971,-14.70260627732452,-53.599401612144696,81.23196896810775
2026-06-17T17:25:51.140000,1748,-106.46866480253826,75.16012793399959,116.98783200403739,-0.35924996310541646,1.4134513682863283,0.5106127489884335,-28.89369939096381,-55.46062870941227,126.3543025635044,-14.395439138295144,-53.3071942501153,80.58879360947276
2026-06-17T17:25:51.151000,1749,-106.65651962961036,76.38084666725202,117.27323507884284,-0.6725689411910145,1.649015103204367,0.41507121692645443,-28.797451067935153,-55.43638246212195,126.27297053416387,-14.58858196053148,-52.449835438736926,81.11643629479788
2026-06-17T17:25:51.161000,1750,-106.3197630080768,76.53308271621758,116.65507866689964,-0.5208891469836228,2.2735292869913106,0.03100766874281502,-28.076718820839737,-55.14947359800212,125.60818468951702,-15.16676313084415,-52.50121221633693,81.77083149724758
2026-06-17T17:25:51.171000,1751,-106.57754559997308,76.81218466190712,117.02446485370741,-0.6717834055708563,2.958306423414787,-0.15762793363269673,-28.96402236298916,-55.15755495726808,126.60933653920671,-14.848772463432685,-52.883329801134956,80.37974887468697
2026-06-17T17:25:51.181000,1752,-106.28587546675277,76.47669686419471,116.47028282304224,-0.5138392929191482,2.7090460281537347,0.06438460864099582,-28.436399971054723,-55.26262130569534,126.42236878279839,-14.972840275890142,-52.53653569036632,81.36693456430127
2026-06-17T17:25:51.191000,1753,-106.44488765710022,76.48797585086123,116.5784874015882,0.01875012420358202,2.8186104876251283,-0.5467980527128569,-28.503581153292753,-55.52326412508146,124.5340691924725,-15.155826345136838,-52.91222988501141,80.68203088330384
2026-06-17T17:25:51.201000,1754,-106.04437316930921,75.92413246614888,115.14175639563058,-0.08187069901667421,2.210531119813437,-0.524343398701185,-28.2940807339513,-55.377788810831944,125.1043965848828,-14.413067663302785,-53.03104019165651,80.79619796487408
2026-06-17T17:25:51.211000,1755,-106.17715092122863,75.4730607854822,115.55151397597227,-0.07591185987486862,1.7174925227376256,-0.44852329331343044,-28.67659164740082,-55.62024911424275,124.66792096988073,-14.02835923239654,-53.19480733362313,80.43712423908455
2026-06-17T17:25:51.221000,1756,-105.81032754606626,75.66476723357408,114.25892278933478,-0.49359676120049945,0.9779346271239039,-1.0785091177523998,-28.373361332242986,-55.94958891112064,124.75487086357442,-14.700645534782655,-52.976453442917276,81.06947971996824
2026-06-17T17:25:51.232000,1757,-105.53071964189449,75.14321248110306,113.82341901882592,-0.31009172827864206,0.8409768469664839,-0.4529654970249609,-28.063992290613097,-55.735416619379365,124.08679056531008,-14.302789600663795,-53.53518150211331,79.71117646528756
2026-06-17T17:25:51.241000,1758,-105.34834843951228,74.93740881322965,112.47793702275055,-0.09118238357160134,0.980672782756145,-0.3759442899085712,-27.616920832822785,-55.95161087805646,123.01674137649886,-14.514155161749072,-53.42600455676038,79.65056836593804
2026-06-17T17:25:51.252000,1759,-105.26499332468367,74.77389680470081,112.05400772927102,-0.3452906362899685,0.8491942549541098,-0.14666721555505682,-27.81996153168358,-55.68894609173452,123.1477195428466,-14.369376577834464,-53.37141780802115,78.96082883842384
2026-06-17T17:25:51.262000,1760,-105.17165065697148,75.12911526132154,112.18481274155033,-0.8748268391432943,1.1231068741780421,0.05778569562323935,-27.459033921205847,-55.73743858631517,122.20203089615813,-14.531824338865796,-53.12416383343883,79.8678394357039
2026-06-17T17:25:51.272000,1761,-104.77726916480674,75.18267985312615,110.49300993644316,-0.27016456643711734,0.7067631046231155,-1.365037179987493,-27.32748864247588,-55.94150755185468,122.05628300354972,-13.435566558965137,-53.37141780802115,78.42817061492651
2026-06-17T17:25:51.282000,1762,-104.57362039443113,74.78517276426409,110.71877665525774,-0.23885639247560198,0.8382386913342428,-1.1650838856233063,-27.383590591449412,-55.7576430692263,122.68231826855603,-13.973726411050453,-53.55444822469762,79.39049898573909
2026-06-17T17:25:51.292000,1763,-105.26722728671515,74.60192404262048,112.21168971673072,-0.12280384036139153,0.8382386913342428,-1.6277699349006038,-27.678228273930994,-55.68894609173452,122.97623057236845,-14.595117022709633,-53.21728402734668,79.88428076549457
2026-06-17T17:25:51.302000,1764,-104.73302206890263,75.55199855663162,110.54188310411314,0.05963684968027466,1.0738024262522814,-1.7037239358098348,-27.44122883039249,-55.78997067578259,122.81485881836802,-14.561771276795191,-53.303984278976074,79.93336659944232
2026-06-17T17:25:51.312000,1765,-105.09046291267904,75.82264277587291,111.53861231534708,0.44729829942336496,2.2899641029665623,-2.253849601514535,-27.839448254972854,-55.50103984472695,123.01026368870289,-14.607542674312576,-52.37276854839969,80.3945681412035
2026-06-17T17:25:51.322000,1766,-105.19966681515474,76.04254063642459,112.67889335824636,-0.2513118878024794,2.218748527801068,-2.8218684052938934,-27.8538562347243,-55.234333294025824,122.4442783849958,-14.156036918572728,-52.62965588427417,79.48150641811405
2026-06-17T17:25:51.332000,1767,-105.28806205361076,76.18631895894188,112.37761364952702,0.4827804564866565,2.2516181597515716,-3.073132649321126,-27.443918678137972,-55.14543183362292,122.55035742064571,-14.17970614994287,-53.470961392081925,80.21585186481181
2026-06-17T17:25:51.342000,1768,-105.32479241180705,76.68250053206812,112.60230182120668,0.6567019722525471,2.4460919136405725,-3.225634798785808,-27.880908964461863,-55.19594412564695,123.164642993154,-14.449155546488276,-52.82231966224279,80.78584993088883
2026-06-17T17:25:51.353000,1769,-105.2748267119836,76.05381659598787,112.74781511158497,0.4135034092963756,2.040706648796416,-3.073042678376539,-27.28723824368763,-55.17775944017921,123.03100797968705,-14.651434677171178,-53.01498688808589,80.71302446152878
2026-06-17T17:25:51.363000,1770,-105.23695060354812,76.02844341664307,112.46916748863745,-0.08314266296213069,1.7311862419897337,-3.118541047773489,-28.186545914015625,-55.361626092300014,123.27193341358415,-14.75264417560964,-52.15441465769383,79.59700560366085
2026-06-17T17:25:51.373000,1771,-105.32505463261052,75.74088374450525,112.65650976334696,0.3270629057747646,2.040706648796416,-3.080726690310251,-27.91135382000119,-55.60812599059759,124.00442822787615,-14.049527456391832,-52.75488958107219,79.93696602214413
2026-06-17T17:25:51.383000,1772,-104.9737377039357,75.27007535072381,111.70778570510394,0.019521215156806215,1.7366654943451185,-1.814988889497272,-27.72647486612057,-55.4828551592592,123.36945681825884,-14.78477094641085,-53.567291557128996,80.81807503075231
2026-06-17T17:25:51.393000,1773,-104.91581686428185,75.19395883979266,111.79224815454613,0.17910672066781855,1.5367095470098298,-1.3958311046254985,-28.029001272125075,-55.8768523387421,122.89857921196746,-14.348048469425851,-52.83195302353494,79.42150880630993
2026-06-17T17:25:51.403000,1774,-105.23689355265384,75.1911375795744,112.15253385907343,0.22262832920704395,1.7804906899154944,-0.8617342957038285,-27.52469673502899,-55.63035027095211,122.87118698384486,-14.452762271651164,-52.84800977498004,80.40930498346964
2026-06-17T17:25:51.413000,1775,-104.845677183015,75.77189641718331,111.23787037243741,-0.3251181642658516,1.4874080401749719,-0.6710512425719278,-27.928006504764614,-55.45860891196888,123.16260050192106,-14.771777352632522,-53.37462777916038,80.16960556624383
2026-06-17T17:25:51.424000,1776,-105.00144461857474,74.88102598831004,111.52794752622698,-0.004196205829743491,1.6928402987747428,-0.30254357444760305,-27.367148738975345,-55.76572442849226,122.66410171560635,-14.04084170309602,-53.018196859225114,80.33472940503067
2026-06-17T17:25:51.434000,1777,-105.1805417169253,74.62447898885027,112.19583405432051,-0.07058628118201776,0.7588057081811173,-0.6892792389222786,-27.898808109488044,-55.99000004643532,122.45431982060605,-14.6102575151091,-53.34251772414469,79.80088049832133
2026-06-17T17:25:51.444000,1778,-105.39730463351927,74.70059549978143,112.67198278316795,-0.23188323924684748,0.7368916398504755,-0.6870725670156028,-27.830031580903658,-56.04253213590274,123.93601613555613,-15.00583512034192,-52.78378621707418,79.04019431332705
2026-06-17T17:25:51.454000,1779,-105.26671019995968,75.44204811280416,112.83608915843152,-0.27732478598099053,0.5835019848087063,-0.7314581476382813,-27.520488335917545,-55.83644120342742,123.13039256359968,-14.471765043217772,-53.29435091768392,79.6973084464162
2026-06-17T17:25:51.464000,1780,-105.6761893333975,74.91767512721812,113.99431195452958,0.20584234929755665,1.1094102138350312,-0.9577583767824712,-28.216896715342124,-55.660658080065005,124.20921389864432,-14.869076539139236,-52.69708941331926,79.98359317704349
2026-06-17T17:25:51.474000,1781,-105.68035010024323,75.23060797870073,114.00216282454872,-0.0147334384621024,1.492884351439454,-0.4879896954308969,-28.212326676803695,-55.335357878073886,124.5258480445255,-14.096777571461397,-52.989296775348656,80.13093203244412
2026-06-17T17:25:51.484000,1782,-105.88018206450835,75.55199855663162,114.63244018378738,-0.117916867758952,2.4488330103637166,-0.6401432732376158,-28.171667764215005,-55.31717319260614,124.49164444354041,-14.641743782183775,-52.78378621707418,80.55275179893422
2026-06-17T17:25:51.494000,1783,-106.0426505867753,76.40058035326356,115.02916209737558,-0.024175763379966714,2.0954874079866586,-0.5420044493132631,-27.87790704251701,-55.012079643018566,124.71920961229091,-14.911841063111195,-52.443412048584,81.280671078338
2026-06-17T17:25:51.506000,1784,-106.42236327784556,76.73324689075773,116.1235443921841,-0.4576245449445413,2.8295689923359006,-0.5180740764299373,-27.935103492889684,-54.82821299089777,124.67414020419906,-14.584173881155436,-52.87369988771727,80.67301973642292
2026-06-17T17:25:51.514000,1785,-106.38410071924194,76.93904753152789,116.49640031787173,-0.1067677940036027,2.8268278956127544,-1.1813646806940812,-28.286761791290598,-55.46062870941227,124.78543413791608,-14.626139818602171,-52.401668632276156,81.15013533830148
2026-06-17T17:25:51.525000,1786,-106.38116788130051,76.18631895894188,116.31629913883827,-0.43798296895591315,1.8845758970315027,-0.23880654820471206,-28.555929337037593,-55.59196110257324,125.09811239704125,-14.684285042461378,-52.09019454766244,80.8567725764605
2026-06-17T17:25:51.535000,1787,-106.15949164432334,75.99743377106826,115.85965689759897,-0.31428323791457596,2.046182960060898,-0.3030982017000479,-28.059585812555703,-55.01814120484115,124.87351313587452,-14.663706419339842,-52.69387599430556,80.87255177285506
2026-06-17T17:25:51.545000,1788,-106.3143110452791,75.63375456089604,116.13643511275036,-0.5084683712072552,1.6407976952167411,0.12293066726575483,-28.47415581822038,-55.901098586032425,125.18462901153546,-14.754369323631261,-52.388825299844775,80.95525912823248
2026-06-17T17:25:51.555000,1789,-106.33907812777903,75.92413246614888,116.44597839765314,-0.8051320097463225,1.3833198919680607,-0.07900064639256418,-28.469406591065567,-55.3636458897434,125.52998312879129,-14.571399377707055,-53.14985049830159,81.01760328712798
2026-06-17T17:25:51.565000,1790,-106.11446488020647,75.38848352099954,115.07642359603486,-0.55600046876626,1.5531443629850816,0.5881652976820604,-28.517685398268043,-55.60408422621839,124.92561693173506,-14.31672728493749,-52.844799803840814,80.2753825350263
2026-06-17T17:25:51.575000,1791,-105.85849137040488,75.54354083018335,114.95983185423682,-0.9855304378717198,1.355929512372937,1.4968302952119326,-27.77569802990675,-55.25453777693695,123.85413390589086,-14.566455265597682,-53.15306391731529,80.75715396326802
2026-06-17T17:25:51.585000,1792,-105.67984080707265,75.63375456089604,114.32348082601678,-0.4076129393036016,1.0984546502151642,1.2492445257302836,-28.321723765977673,-55.43436266467856,124.24221750484699,-14.81646687354276,-52.652132577997705,79.7417509162902
2026-06-17T17:25:51.595000,1793,-105.92786012467278,75.32646120274667,114.37902145515052,-0.5249352380718614,1.0546294546447885,1.25265708551206,-28.140387745036435,-55.86068745071775,124.52928243457198,-14.93750051598025,-52.93791999774866,80.93238752259315
2026-06-17T17:25:51.605000,1794,-105.85117536094518,74.97123971902272,114.23816591618659,-0.8956542064246316,1.1888431969881568,1.357282735874239,-27.77318737077769,-55.48487495670259,124.08991533223855,-14.31117317286721,-53.788855418974094,79.86687950582584
2026-06-17T17:25:51.616000,1795,-106.05573538374972,74.66958585420662,114.87160950181209,-0.1311095454131261,1.161452817393033,0.5361273930539607,-27.694566101671963,-55.695007653557106,123.42446886578965,-14.47727112252349,-53.098473720701584,80.40722167440401
2026-06-17T17:25:51.626000,1796,-105.73984331708911,75.24752343159726,114.24294829967651,-0.6178946996224761,0.9012368585121115,0.407944578438063,-27.93791011871164,-55.87079077691952,123.64708977791011,-14.824703579764535,-53.54802483454469,80.80168534681235
2026-06-17T17:25:51.637000,1797,-106.22784960583502,75.34055539542496,115.61840106121593,-0.6999277558013195,1.479190632187346,0.3559189922957856,-28.33949050479194,-55.50710140654953,124.79325175692354,-14.24876042343169,-53.09205033054866,80.69014450215471
2026-06-17T17:25:51.646000,1798,-105.91320935772889,75.83110050232118,114.94414172385365,-0.2995083417026787,2.4323981943884645,0.031779800161838484,-28.219647250561454,-55.57175661966211,124.84481617980366,-14.414473819303858,-52.66497935830357,80.19794639573385
2026-06-17T17:25:51.656000,1799,-105.93030775016302,76.00870973063154,115.37349904356886,0.1206223566191468,2.3885729988180886,-0.9793454360447691,-28.429946204609106,-55.49901787779115,124.39465311423648,-14.373873004881224,-52.24432488046245,80.67897027989433
2026-06-17T17:25:51.666000,1800,-106.10386206525948,76.40058035326356,115.01613196372148,-0.09794979950869268,2.317354482561686,-0.9223031681133393,-27.9869330011148,-55.066631529929374,124.82554630345676,-15.045190687985382,-52.27322496433891,80.76316291908138
2026-06-17T17:25:51.676000,1801,-106.01892539329164,76.15530931336707,115.60593322384722,-0.1941267623931212,1.9859229485152652,-1.1665108937715984,-28.34557746359931,-55.35354256354163,124.4819077406984,-14.651507238722328,-52.308548438368305,81.04404049920782
2026-06-17T17:25:51.687000,1802,-106.07149288418907,76.32446081522916,115.20635583381454,0.11092653655900084,2.0571414647716675,-1.0904388500960989,-28.36182401995048,-55.43436266467856,125.02764048649603,-14.433459061871506,-52.989296775348656,80.1085044786059
2026-06-17T17:25:51.696000,1803,-105.70797131470871,76.03408290997633,114.04852570149743,-0.33297967699281805,2.0845318443667917,-1.348844315907714,-28.29392877508769,-55.32323475442872,124.30178735837754,-14.685847875584663,-53.127373804578056,80.60928027808116
2026-06-17T17:25:51.707000,1804,-105.80681182926128,75.7211500584937,114.68966913439914,-0.24884795088771394,1.7804906899154944,-1.284813303079344,-27.89522920993779,-55.47477379999324,125.09263470442531,-14.58951590268343,-53.162697278607446,81.34345060680172
2026-06-17T17:25:51.717000,1805,-105.73613991280251,75.5632745161949,114.3299569082426,-0.4856248829941532,1.2682791212321853,-1.0676720166640112,-28.09106889594038,-55.38991193447711,124.14209490896661,-14.68761265090674,-52.56543577424279,80.41113784529708
2026-06-17T17:25:51.727000,1806,-105.60499297533178,75.65630950712583,113.52618384409244,0.35019212225569585,1.6873610464193578,-0.6883367379070169,-27.80787226910139,-55.61216775497679,123.83917067967573,-14.736098889220608,-52.93471002660944,80.2786517441761
2026-06-17T17:25:51.737000,1807,-105.41144819361955,75.29826979028687,112.79458620660557,-0.0997476938488305,1.6216217825183403,-0.577924314290254,-27.889578392118484,-55.70106921537968,123.18508825305628,-14.523984180051173,-52.85121974611926,79.21789224749874
2026-06-17T17:25:51.747000,1808,-105.08520341833491,75.32927943586168,112.0965128474928,-0.16146708576547372,1.512057323046947,-0.43030291113965147,-27.153642984728556,-55.733396821935976,122.79985445189517,-14.407439584004933,-53.38426114045253,80.05667399581817
2026-06-17T17:25:51.757000,1809,-105.01523246411307,75.06427470995365,112.1256255035828,-0.3010730337262438,1.1094102138350312,-0.6099998211457608,-27.615557594483533,-55.814216923072905,123.64778585165841,-14.227486322766717,-52.88654322014865,80.53813245592511
2026-06-17T17:25:51.767000,1810,-105.22903831380452,74.9148568941031,112.29501611978858,0.04653142473696591,0.8711083232847516,-0.45047049459300603,-27.69859531216698,-55.60004463133162,123.19398325740944,-14.288934626284696,-53.83381225429564,79.16670872645427
2026-06-17T17:25:51.777000,1811,-105.32968407710871,74.64703090797683,112.45614737617502,-0.375513643487572,0.3232860259277849,-0.736809124483193,-27.938284603450967,-55.8768523387421,123.09085361368754,-14.990279189524912,-53.782435476695646,79.33616765390693
2026-06-17T17:25:51.787000,1812,-105.30747802192295,75.01352835126404,112.37204621020346,-0.027166703538433923,0.5889812371640912,-1.1015334636952203,-28.000670438451838,-55.88695349545145,122.87803435793226,-14.149978683211268,-53.098473720701584,79.57711994674315
2026-06-17T17:25:51.798000,1813,-105.27117603769564,74.90357790743658,112.78504744267813,-0.4535597828797576,1.0546294546447885,-0.6964807018393347,-27.977765511334006,-55.72531546267001,123.72739229711884,-14.414212290320547,-53.43884788919176,80.76127953352315
2026-06-17T17:25:51.808000,1814,-105.38404634987077,75.77753288341333,112.91553179971001,-0.1323287142737703,1.7804906899154944,-1.5848957591478343,-27.837115632734243,-55.596002866952425,123.21733162994907,-14.541971324379869,-52.963610110485895,79.82540573925627
2026-06-17T17:25:51.818000,1815,-105.40869396263506,76.00025200418327,113.26129971621084,-0.07677745806457853,1.6928402987747428,-1.7399876681355346,-28.278386127889814,-55.36970745156598,124.13998232517764,-14.80679914533044,-52.64249921670555,80.21391018596027
2026-06-17T17:25:51.828000,1816,-105.63719170368398,76.88266470660827,113.78836181392246,0.08909903793321011,2.752874164815016,-1.4586945799326816,-27.74037882971281,-55.44446599088034,124.45478399543609,-14.606502518288066,-52.639289245566324,81.08165193354803
2026-06-17T17:25:51.838000,1817,-105.6775639949544,76.41467454594185,114.27889936646993,0.14577576669116177,2.2570944710160536,-2.0524213763552046,-28.399830865452763,-55.27070266496131,124.3287514463335,-14.422408681636156,-52.53653569036632,80.2450788821624
2026-06-17T17:25:51.848000,1818,-105.71697101685743,76.43722949217164,113.9599984039578,0.04951155109584926,2.4214426307685977,-2.373611876938721,-28.060246293467614,-55.35758432792082,123.85853446184414,-14.610363391778778,-52.29891507707615,80.45305076149137
2026-06-17T17:25:51.858000,1819,-105.77504752144685,75.61965734111452,114.39569819763845,0.04301986055158524,1.829795137841255,-1.8196513435682613,-27.89339341616111,-55.31717319260614,123.98091585695896,-14.925231541499526,-52.50121221633693,80.77285941764511
2026-06-17T17:25:51.868000,1820,-105.50975423841156,75.54917729641338,113.63039097909538,0.3712729846793328,1.5339713913775888,-1.9307551179890452,-28.163927554410456,-55.697027451000494,123.49628070754638,-14.315459252251081,-53.316827611407454,80.28068532313269
2026-06-17T17:25:51.878000,1821,-105.73125732802555,75.48715497816049,114.17303440113378,0.16248309039794095,2.377614494107314,-1.6856338330509275,-28.03923603355217,-55.234333294025824,124.1569577430871,-15.073985618241544,-52.70350935559771,81.17488542732261
2026-06-17T17:25:51.889000,1822,-105.61710982963676,75.84519469499946,113.59508528331943,-0.025359068247732763,1.659970666824234,-0.9242923358534312,-27.981973910445454,-55.606106193154204,123.468186717364,-14.947705682602331,-53.271874223960374,80.27726592058453
2026-06-17T17:25:51.899000,1823,-105.45755025566098,75.88466509412578,113.25181237497708,-0.09677509114910351,1.3833198919680607,-0.8877615187240594,-27.777854817692035,-55.733396821935976,123.5095170026411,-15.038857948873943,-52.87369988771727,80.47841054443614
2026-06-17T17:25:51.909000,1824,-105.463270485831,75.59428718887295,113.15518150018167,-0.5380592623983289,1.3066250644471762,-0.3245089351797711,-27.781509543447758,-55.8768523387421,123.83526755848348,-14.996094449710613,-52.91544330402512,80.74759531486187
2026-06-17T17:25:51.919000,1825,-105.20019905034664,75.08119016285018,112.48422780229413,-0.26545049534945137,1.3504502600175519,-0.7052490246124988,-27.862591906454973,-55.49901787779115,123.03229594329648,-14.520251281531674,-53.050306914240814,79.5648223452952
2026-06-17T17:25:51.929000,1826,-105.32374576316175,75.28417257050535,112.38547426900965,-0.674135570639398,0.8190657197267449,-0.22671202048775496,-28.460350894101126,-55.52528609201727,123.83554333895343,-14.56621024080475,-53.37462777916038,79.1316698094116
2026-06-17T17:25:51.939000,1827,-105.3441698509281,74.63575494841355,113.07624481683285,-0.274673782751107,0.9916283463760119,-0.3059933963806449,-27.900384565504872,-55.77380578775823,123.35972011541686,-14.937793954405663,-53.23012735977806,80.69020370811839
2026-06-17T17:25:51.949000,1828,-105.51607458220855,75.04171976372386,113.71905215662355,-0.15701899912003403,0.5862401404409473,-0.3492141856750017,-27.85697013243665,-55.76774422593565,122.85617747833913,-13.994866957703332,-53.162697278607446,79.8241730954978
2026-06-17T17:25:51.960000,1829,-105.62986090644168,75.22778974558572,114.03925995891818,-0.2743827481155476,1.5339713913775888,-0.4712290975363418,-27.978024849093856,-55.660658080065005,123.93371084977437,-14.19813223666715,-53.13700716587021,79.67695584790887
2026-06-17T17:25:51.970000,1830,-105.60923164876613,75.78317237674659,113.6109150985187,-0.6396137881358572,1.829795137841255,-0.8011380401297967,-28.11440228694519,-55.8121949561371,123.9691423511955,-14.7037929621278,-52.61681255184279,81.20692215329774
2026-06-17T17:25:51.980000,1831,-105.54896820488594,75.76062045762004,113.63724417081103,-0.43790041996141815,2.216007431077919,-0.3356954778398508,-27.628430915362514,-55.646515158976456,123.57530095145715,-15.032597771313657,-52.575069135534946,80.52467420746999
2026-06-17T17:25:51.990000,1832,-105.64418878075679,75.98897604461999,114.13919094008904,-0.26586438476435403,2.3830937464627038,-0.3946781209507904,-27.960515724973465,-55.309091833340176,123.755269772043,-14.483290067787335,-52.80626635867219,80.30173573561225
2026-06-17T17:25:52,1833,-105.81186486675648,75.85365242144773,114.3941898015848,-0.1929520540335506,1.7366654943451185,-1.1319692443823242,-28.018218005553493,-55.17169787835663,124.62164506735846,-14.714258252056712,-53.14021713700944,79.98846251132338
2026-06-17T17:25:52.010000,1834,-105.96875590992127,76.22014986473495,114.97797516370676,-0.13946111733275923,1.7257099307252515,-1.5213837694108794,-28.165573037324396,-55.30303027151759,124.96925250279394,-15.15324685996708,-52.61681255184279,80.6827705387739
2026-06-17T17:25:52.020000,1835,-105.80631241600258,75.67604319313737,115.07431138630717,-0.3265196957252255,1.5860139949355905,-1.506612339256412,-27.72556290750097,-55.32727651880792,123.8455725866042,-14.877225922498884,-52.719566107042795,81.33506539619036
2026-06-17T17:25:52.030000,1836,-106.10378847956648,76.40058035326356,115.30566148635126,-0.06002318743176277,1.5558854597082257,-1.2477710770351294,-27.913301406594208,-55.361626092300014,124.51986129184257,-15.0293367494404,-52.722776078182015,81.61260679164074
2026-06-17T17:25:52.040000,1837,-105.79132946349318,76.10738118779248,114.83886041392148,-0.4249487481495611,1.999619608858281,-1.0474240345590096,-27.85602480707812,-55.44244402394453,124.32989217590423,-14.234788062027995,-52.78699963608788,79.80478990272319
2026-06-17T17:25:52.051000,1838,-105.93340895449569,75.93541145281539,114.73479269200647,-0.3649485943703482,2.1091840683296743,-1.1214300461121587,-27.815270209179552,-55.14543183362292,124.39317813694574,-14.177489457458572,-53.05352033325452,80.61670476519274
2026-06-17T17:25:52.061000,1839,-105.65455707655065,75.84519469499946,113.60244021660063,-0.22702434505372915,2.350224114512195,-1.090432105833261,-28.28900812739961,-55.258579541316145,124.50959740397958,-14.559843849371859,-52.587912467966326,80.09203157679381
2026-06-17T17:25:52.071000,1840,-105.66180649451506,75.33210069607992,113.9441530344675,-0.27576090488198834,1.6216217825183403,-0.08967569830057816,-28.177911667146144,-55.596002866952425,124.81664640875378,-14.935281393010854,-52.79663299738003,79.7669728490774
2026-06-17T17:25:52.081000,1841,-105.8557926909628,75.59710542198796,113.97447506221049,-0.13019336943003,1.651753258836608,0.165842105169787,-27.61431113422075,-55.35354256354163,123.51628129825134,-14.331991183005561,-53.26545083380745,80.22159791109762
2026-06-17T17:25:52.091000,1842,-105.25453058750247,75.12911526132154,113.12004122054607,-0.4965557301578567,0.48763418568032885,-0.07317739906322153,-28.106014441541078,-55.74147818120194,123.48994969113565,-14.148858584980099,-53.33288436285254,80.24446461456051
2026-06-17T17:25:52.101000,1843,-105.45491166106906,74.95714552634443,112.94949463145929,-0.19821234834162552,0.23563563478703337,0.1035819678384183,-27.786779077219414,-55.878872136185485,123.90255623485022,-14.315710632890944,-52.96682008162512,80.02862989211704
2026-06-17T17:25:52.111000,1844,-105.47507656198778,74.96278199257446,113.95246265608674,-0.8817902514214855,0.7697612718009842,0.1013943586804105,-28.56981537907518,-55.92938442820952,124.11947861140018,-14.48992222030323,-53.503071447097625,80.0330224804544
2026-06-17T17:25:52.121000,1845,-105.4882349446552,74.98251870568923,113.5053805378935,0.037556117836639744,0.8820638869046186,-0.1680050827224797,-27.811084054560688,-55.61620734986356,123.9873177638874,-14.57731705926879,-53.19480733362313,79.94867096563607
2026-06-17T17:25:52.132000,1846,-105.6818883685623,75.30672751673514,114.13742956507053,-0.6277211600455599,1.1833668857236748,0.09443730171175602,-28.00413322224776,-55.56367526039614,123.56503217324438,-14.4606999016714,-53.679678473621166,80.45643667627644
2026-06-17T17:25:52.142000,1847,-105.55047141670315,75.4730607854822,113.58252999901289,-0.5976001837435976,1.5202747310345728,-0.26177182305472096,-27.90098166710202,-55.88695349545145,124.17367036644775,-14.634424894791426,-52.91544330402512,80.34239120251787
2026-06-17T17:25:52.152000,1848,-105.80629646817897,76.0171674570798,114.27817629797809,-0.12332613988870432,2.6761793372941316,-0.47637214250761595,-27.96117073122141,-55.49497828290437,125.4693244999172,-14.396479294319658,-52.459468800029086,79.90170981712822
2026-06-17T17:25:52.162000,1849,-105.72681219774223,76.25398077052802,114.35072434603893,-0.23741844802316775,2.1091840683296743,-0.5518435944001884,-28.144771978601224,-55.31515339516275,124.40762581682073,-14.240302884000657,-53.284717556391755,80.20342052176098
2026-06-17T17:25:52.172000,1850,-106.16792196845131,76.19195845227514,115.4094085530188,0.18137748118427055,2.361179678132062,-1.0559843436213112,-27.71117266635306,-55.32323475442872,123.91276735714943,-14.599525102085675,-52.870486468703575,80.32769732386951
2026-06-17T17:25:52.182000,1851,-106.05400500763088,75.81982151565465,115.06209664378991,-0.2177040639906079,1.7503592135972266,-0.8910849774749764,-28.560590646965785,-55.38587017009792,124.68398379878369,-14.523911237632145,-53.14985049830159,80.4531339793635
2026-06-17T17:25:52.192000,1852,-106.07417561580755,76.09892346134421,115.39557753751183,-0.05360544937383688,1.7476210579649856,-1.357096443619563,-28.17855153466253,-55.36970745156598,124.46673937584801,-14.915792027151982,-52.78378621707418,80.36053132403488
2026-06-17T17:25:52.202000,1853,-106.23388444749628,76.02280695041306,115.52619709126745,0.021939809052548886,2.0900081556312737,-0.5772357915163274,-28.349400255725147,-55.428301102855976,125.1114713015727,-14.713133980461137,-53.05352033325452,80.65580307058606
2026-06-17T17:25:52.213000,1854,-105.9615424960876,75.76062045762004,114.82624298643162,0.05014199160201756,2.2297040914209347,-0.26985994346981673,-27.96672127590552,-55.606106193154204,125.24413391154283,-14.130285969477095,-52.706722774611414,80.12132365392894
2026-06-17T17:25:52.223000,1855,-105.85171063009292,75.93259019259713,114.4099057791789,-0.21387949684355967,1.9749673848953981,-0.6049523213420547,-28.23091084065368,-54.89690996838954,124.6982496040102,-14.787552373779446,-53.03746358180943,80.86668524087753
2026-06-17T17:25:52.233000,1856,-105.70092359396423,75.61683910799951,114.11387854347653,-0.04720853519961293,1.8681410810562458,-0.3747355740033719,-27.876231547027242,-55.47073203561404,124.07756781288488,-14.463360734724322,-52.3599252159683,80.47544104750996
2026-06-17T17:25:52.243000,1857,-105.71777967366033,74.90639916765484,114.24927494762275,-1.019880743169501,1.6298391905059662,0.09030053315780323,-27.92959408302772,-55.517202563258884,123.73546782032533,-14.387298160399597,-53.12416383343883,80.49230714889424
2026-06-17T17:25:52.253000,1858,-105.69059511430129,75.32646120274667,114.17112332010754,-0.19220460690681423,1.0957135534920153,0.47870203750618506,-28.333071919133427,-55.63035027095211,124.33069434343349,-14.627562097925699,-53.464538001929,79.92932424705934
2026-06-17T17:25:52.263000,1859,-105.69292048376424,75.40539897389608,113.43311712083599,-0.41711195209808494,0.5588497608458285,0.5481807423869107,-28.13459349072785,-55.49497828290437,124.04934607423294,-14.920464842802433,-53.2558174725153,79.92933372291398
2026-06-17T17:25:52.273000,1860,-105.75738615821462,75.09246612241346,114.3374354285924,-0.6703994006456213,0.8601527596648846,-0.19143588379407353,-27.64977117103199,-55.61418755242018,124.05077341161793,-14.605249246912681,-53.368204389007445,80.46440089535069
2026-06-17T17:25:52.283000,1861,-105.81708022407406,74.86975002874675,113.94938530925954,-0.44480210712879675,0.9998457543636379,0.7027104917828094,-27.80080931003744,-55.48487495670259,123.89279571874279,-13.997493113626213,-53.37462777916038,79.52202893703853
2026-06-17T17:25:52.293000,1862,-105.61757835904751,74.96278199257446,113.75327350043699,-0.5643998701298787,1.0436709499340135,0.1924045860000074,-27.23841410255265,-55.365665687186784,123.88779813389553,-14.341934820644326,-53.25902744365452,80.12980944687827
2026-06-17T17:25:52.303000,1863,-105.50982003051966,75.91849599991885,113.64394289669838,-0.24014225929698357,1.4874080401749719,-0.3587994343578093,-27.716250258164898,-55.53942901310582,124.34130329298593,-14.582653105817707,-52.462678771168314,80.93038365134319
2026-06-17T17:25:52.314000,1864,-105.72023395403741,75.73806551139023,114.57426513340734,0.10531267157997247,2.1174014763173004,-0.6844464152550499,-28.009282623779796,-55.462650676348076,124.56113881155594,-14.835984604349754,-52.75488958107219,81.34689115387224
2026-06-17T17:25:52.324000,1865,-105.68581988477939,75.91003827347059,113.91464771459657,-0.5361373688364415,1.813360321866003,-0.640349246994881,-27.99926549395036,-55.377788810831944,124.83920994075648,-14.268957260457093,-52.93791999774866,79.64182423713937
2026-06-17T17:25:52.334000,1866,-105.90340531967291,76.23424708451648,115.10980238476525,-0.2712516885679986,2.4159633784132124,-1.1487194819074262,-28.237087347784772,-55.179781407115016,124.45568575709828,-14.614081528987256,-53.422794585621155,80.72867448999865
2026-06-17T17:25:52.344000,1867,-106.15194813125115,75.75498096428679,115.27375916990778,-0.11474941316053106,1.7202306783698667,-1.7138217634473498,-27.76986542359907,-55.38587017009792,124.53805971983827,-15.139484406623147,-53.19480733362313,81.4130317915908
2026-06-17T17:25:52.354000,1868,-105.94579790951605,75.66476723357408,114.92122632381373,-0.12230040935081127,1.8818377413992617,-1.5136105746090835,-28.231902948416703,-55.26262130569534,124.45717235969501,-14.243392130237797,-52.81910969110357,80.95355086065146
2026-06-17T17:25:52.364000,1869,-105.88000986477402,75.95232387860868,114.71844109285831,0.0797787568701071,1.9475770053002792,-1.6580417082909593,-27.981514862642598,-55.01611923790534,123.7893794672066,-14.442080659080268,-52.88975319128788,80.63471081660867
2026-06-17T17:25:52.374000,1870,-105.90582279653205,75.85647368166597,114.87841072737771,-0.3066246245943164,2.0900081556312737,-1.1702661508622203,-28.040551520712057,-55.44244402394453,124.85603379693092,-14.378436736570897,-52.69708941331926,79.90688343730996
2026-06-17T17:25:52.384000,1871,-105.84934508384524,75.69577687914891,114.22511995651317,-0.25302971957306586,2.0845318443667917,-0.6133260260895512,-27.59028937022904,-55.44648578832373,122.97277805736799,-14.4348343332391,-52.93471002660944,80.75536625787133
2026-06-17T17:25:52.394000,1872,-105.71612079690752,75.85647368166597,113.78382687629804,-0.3920500210465658,2.1174014763173004,-0.9496290779833632,-27.897785989149153,-55.38587017009792,123.52672706076278,-14.38534756620118,-52.73562285848787,80.01854019398112
2026-06-17T17:25:52.405000,1873,-105.26725663595907,75.55199855663162,113.07115775995621,-0.357261109658373,2.210531119813437,-0.7714819232010711,-27.839899534692545,-55.49295848546098,122.85533498188866,-14.15296345845516,-52.80947632981141,79.67508492464005
2026-06-17T17:25:52.415000,1874,-105.17020240972158,74.59346631617221,112.18975485223974,-0.548261261818474,1.470973224199715,-0.5497624975991364,-28.201027426553296,-55.44446599088034,123.10724419066248,-14.600035200355943,-53.284717556391755,79.51229895071168
2026-06-17T17:25:52.425000,1875,-105.43991962803497,74.78235453114908,113.01712061121407,-0.6947461176959521,0.6492412487097239,-0.6088687576993248,-28.009861803822307,-55.71925390084743,123.31112809976851,-14.668640763973604,-53.14021713700944,79.87802103394485
2026-06-17T17:25:52.435000,1876,-105.24520649337315,74.86975002874675,112.10491583676409,0.048203715948359926,0.3561556578782937,-0.6495149339865888,-27.704775173461172,-55.854625888895164,122.78515047711936,-14.516657912003309,-53.448481250483916,79.31880856423426
2026-06-17T17:25:52.445000,1877,-105.35541130869318,75.09246612241346,112.84231806652011,0.25116460052632,0.43285048539917825,-0.768039633607376,-27.732305841331147,-55.53538724872662,122.68552531599998,-14.668152764004876,-53.02783022051728,79.75957806967247
2026-06-17T17:25:52.455000,1878,-105.14207666171455,75.04171976372386,111.79522311758178,-0.2038128415027224,1.5969695585554575,-0.7559843261580591,-27.46723931579941,-55.55963349601695,122.7099321509697,-14.169501364188674,-53.050306914240814,79.30471569727663
2026-06-17T17:25:52.465000,1879,-104.86388384354856,75.3828440276663,111.16479578060712,-0.4779459947903356,1.301148753182694,-1.0654701309038088,-27.55606965669438,-55.56367526039614,122.73606022874831,-14.279760873020154,-52.9282866364565,79.44602914506842
2026-06-17T17:25:52.475000,1880,-105.39498402368537,75.71551056516046,112.74050212326213,0.38907910889237524,1.4435799035136883,-1.2586616749933517,-27.55923130558611,-55.57175661966211,121.8178387930883,-14.382730196610279,-53.329670943838835,80.00941234146495
2026-06-17T17:25:52.485000,1881,-105.21299392486719,75.94386917926364,112.81530167825184,0.31673912442429614,1.8790995857670207,-1.1995946351608044,-27.963928943541816,-55.365665687186784,123.20963093206687,-14.505778589333278,-52.909019913872186,80.74984618179171
2026-06-17T17:25:52.496000,1882,-105.46900025660202,76.20323441183842,113.12187011600567,0.07209597587450195,1.6544914144688492,-1.834118126641655,-27.88580851938331,-55.60004463133162,123.621892414092,-14.906634397209931,-52.3599252159683,80.01729222054712
2026-06-17T17:25:52.506000,1883,-105.62356384397688,76.05381659598787,114.07725598672644,0.35096402413350236,1.5257539833899627,-1.9565304027215333,-27.891971121445042,-55.52528609201727,123.71186234154834,-14.234039938752424,-53.297560888823135,80.24968497841654
2026-06-17T17:25:52.516000,1884,-105.7413573564471,76.05099836287286,114.25155810659011,0.0002524298158395055,1.4107102715631796,-2.1825109201059507,-28.401191320969005,-55.30303027151759,123.69770776913562,-14.266980394592734,-52.896176581440805,80.10189451110182
2026-06-17T17:25:52.526000,1885,-105.43091992588626,75.67322496002237,113.10564790875375,0.2713206904586669,2.325571890549312,-1.9879189629561302,-27.63756773024524,-55.551552136750985,122.94202128307188,-14.506112679867737,-53.05352033325452,80.51752908168145
2026-06-17T17:25:52.536000,1886,-105.63029661391923,76.30754536233262,114.0074714800799,0.23469243450308258,2.0763144363791657,-1.9471147355584533,-27.840856644619567,-55.24241682278421,123.61185097848175,-14.171113254885102,-52.53974566150555,80.32207587183014
2026-06-17T17:25:52.546000,1887,-105.59571114431412,75.87338610745927,113.80025617292047,0.04847722404977994,1.7531003103203704,-1.6841196819881437,-27.27479837195579,-55.531347653839845,123.61363501623704,-14.491060872341912,-52.459468800029086,80.30938586443177
2026-06-17T17:25:52.556000,1888,-105.4228803728221,76.39775909304531,113.27080261173568,-0.21012135852367453,1.5312332357453478,-1.487488676335011,-27.891085821238175,-55.579837978928076,123.52291704743034,-14.16685170428783,-52.67782269073495,80.54069629098973
2026-06-17T17:25:52.566000,1889,-105.40123823606336,75.74934147095351,112.81560662336675,-0.09871840403695503,1.7914462535353612,-1.6151647863453127,-27.272495762293005,-55.220190372937275,122.98937296164169,-14.458836630335107,-52.989296775348656,79.69113193273861
2026-06-17T17:25:52.576000,1890,-105.48278601581337,75.23060797870073,113.35314240268876,0.006079746076739695,0.8711083232847516,-0.5219251788142641,-27.663844169769227,-55.61216775497679,122.87715561157383,-14.405594866476191,-52.989296775348656,80.23507730407506
2026-06-17T17:25:52.587000,1891,-105.52450490633652,75.15167020755132,113.26880381204339,-0.5750696984921442,0.7067631046231155,-0.36932631414214934,-27.59618601817366,-55.84856432707259,123.02268698892405,-14.471099629836797,-52.86085310741142,80.16194185301495
2026-06-17T17:25:52.597000,1892,-105.26792824895207,75.10938157530998,112.60051459897726,-0.00226571575969918,0.9423238984502462,-0.2706376491118254,-28.13729609181671,-55.67278120371017,123.45231738841551,-14.266767279241861,-53.17554061103883,78.79755968055994
2026-06-17T17:25:52.607000,1893,-105.60206108501924,74.81336417672391,113.34608239333075,-0.5784561906067743,0.8190657197267449,0.2510817939533668,-28.37928022468023,-55.7879508783392,124.13971384231736,-14.275948032293996,-52.92507666531727,79.77322011833773
2026-06-17T17:25:52.617000,1894,-105.48379110131167,74.85847104208024,113.68307497089094,-0.3643798789749738,1.14227984578554,-0.012475419208737931,-27.641490133184075,-55.648534956419844,123.14155821312488,-14.408261674508122,-53.04709694310159,79.9427998599803
2026-06-17T17:25:52.627000,1895,-105.59032021399548,75.75498096428679,113.96465139555156,-0.31141319716848315,1.2737554324966673,0.5756369316718063,-27.90797895343193,-55.74147818120194,123.3862048935658,-14.611634192153124,-53.33288436285254,80.4477471797632
2026-06-17T17:25:52.637000,1896,-105.54092831251091,75.92413246614888,113.80239411397243,-0.33122846765429703,1.0628468626324143,0.14240102556596512,-27.887309811516847,-55.39799329374308,124.12599093980592,-14.510960726447957,-53.18838394347021,81.38079880311616
2026-06-17T17:25:52.647000,1897,-105.79800646948098,75.73242601805698,114.45244676580329,-0.19705127372440603,1.9804466372507832,-0.5573708970276747,-27.984003277278998,-55.41819994614662,124.21866399367207,-14.251068612142609,-52.88654322014865,79.99775792170377
2026-06-17T17:25:52.657000,1898,-106.06437937133647,75.7183318253787,115.25815675819064,-0.6989415201236737,1.8790995857670207,-0.632875994964905,-27.780927580582244,-55.5757983840413,125.08527906823257,-14.456268318317354,-52.581489077813394,80.94685655315529
2026-06-17T17:25:52.667000,1899,-106.32399656122831,75.4730607854822,116.00699881170864,-0.34625604808389376,1.0025839099958789,-0.24955846449498575,-28.536472626324148,-55.165636316534055,124.40423825534344,-14.414126373134849,-52.941129968887886,81.0528222243243
2026-06-17T17:25:52.678000,1900,-106.26499272948755,76.06227432243614,115.6846483085415,-0.10856098462737115,1.651753258836608,-0.6631141223106016,-28.228489729848352,-55.51922453019469,125.00281119967111,-14.85146380025121,-52.81268630095064,80.71989766705863
2026-06-17T17:25:52.689000,1901,-106.14135951711165,75.75216273117177,115.64320169507123,-0.3560680638400435,2.5474389651243396,0.13242594500397142,-28.424374567158367,-54.99389495755083,125.28490316915087,-14.50799348020299,-52.93791999774866,80.66027920529378
2026-06-17T17:25:52.698000,1902,-106.434009707482,75.73806551139023,116.03425815775003,-0.2334679442295516,2.2927022585988035,-0.23716878015268128,-28.18691607581697,-55.22221017038066,125.44472416499305,-15.0424439377468,-52.95397674919374,81.03570123864898
2026-06-17T17:25:52.708000,1903,-106.29901299372585,76.09892346134421,116.2629539500059,-0.3674792292458508,2.172182235507543,0.26882245514058306,-28.634446581410185,-55.29899067663082,126.19358060396169,-15.125163193373933,-52.9282866364565,81.3825481185733
2026-06-17T17:25:52.718000,1904,-106.41886618216625,76.17786123249363,116.31453327572743,-0.40944084947786136,2.303660763309578,0.20263356296612173,-28.646385036854753,-55.066631529929374,124.69951375435419,-14.505413995033193,-52.36634860612124,80.66101886076385
2026-06-17T17:25:52.728000,1905,-106.27071599361341,75.74934147095351,115.95442285269063,-0.5858823945928925,1.358667668005178,0.3059613963922289,-28.373708587229494,-55.527305889460656,125.02996389723175,-15.001764586793986,-52.50121221633693,81.49699090045873
2026-06-17T17:25:52.738000,1906,-106.37879022057231,75.91849599991885,116.06818484936844,-1.286783355294291,1.0409327943017725,0.48977923977921567,-28.24300624022202,-55.45456714758969,123.84052873584122,-15.146524616901077,-53.29113749867021,81.24302237617819
2026-06-17T17:25:52.748000,1907,-105.98413266745037,75.2644388844938,115.29473791343878,-1.0423236421922466,1.2518443052569335,0.44871437171457823,-28.410144624297327,-56.01020452934645,125.82217498775644,-14.55037345039084,-52.844799803840814,80.92481683158927
2026-06-17T17:25:52.759000,1908,-105.9427266414024,74.99097340503427,115.01710247807878,-0.7105792467048453,0.9916283463760119,0.6635543109693939,-28.24759755447819,-55.70915057464565,125.42158661940017,-15.003834750499557,-53.361784446729,80.43410102254329
2026-06-17T17:25:52.769000,1909,-105.86089673278344,74.77389680470081,114.66511173004518,-0.55918351247402,0.9888901907437709,0.7924783571525386,-28.52830739777785,-55.53336745128323,125.29523201053705,-14.177428845865466,-52.76130952335065,79.66312509685707
2026-06-17T17:25:52.779000,1910,-105.84654591644698,74.85847104208024,114.4385283033585,-1.0319026052558922,0.986149094020622,1.127238316248161,-28.014315064284226,-55.74551994558114,123.75704298245397,-14.704833118152312,-53.297560888823135,80.5198383609532
2026-06-17T17:25:52.789000,1911,-105.876716991375,75.25034166471227,114.6470045607061,-0.3565183662480066,1.492884351439454,0.6653176541270458,-28.23181503119004,-55.68086473246856,124.38839787869324,-14.838542768024016,-53.09205033054866,80.40244424022916
2026-06-17T17:25:52.799000,1912,-105.93492428079344,75.69013738581566,114.7434069870124,-0.3198912547348287,1.1751494777360487,0.45063968221538214,-27.7275182621772,-55.47477379999324,124.19474160754226,-14.606404022273857,-53.01498688808589,80.11820475722614
2026-06-17T17:25:52.809000,1913,-105.81452033545798,75.82827924210292,114.09034915272935,-0.441759444734538,1.7311862419897337,-0.22563641202752058,-27.879001543916146,-55.43638246212195,124.04810493919275,-14.164683044568088,-53.05352033325452,80.64013899258325
2026-06-17T17:25:52.819000,1914,-106.10290623707058,75.75216273117177,115.30591446531608,-0.1215541066664627,2.174920391139784,-0.07681303723455636,-28.1421015925253,-55.78188931651662,124.00706205969158,-14.271388473968772,-52.89938655258003,80.54531106947675
2026-06-17T17:25:52.829000,1915,-105.79414853895689,76.20887390517167,114.38569909364745,-0.5227918205688024,2.0242718328211637,-0.570965299205222,-28.376482998038558,-55.46062870941227,125.0005059138894,-14.725779103261871,-53.233340778791764,80.59288569196477
2026-06-17T17:25:52.839000,1916,-105.80941362033523,75.82264277587291,114.43560503474475,-0.21910640637458262,1.5421887993652148,-1.7266432461293646,-28.17855153466253,-55.450527552702916,124.46673937584801,-14.528448697655872,-52.745256219780025,80.61488436565467
2026-06-17T17:25:52.849000,1917,-105.97997969418955,75.65348824690757,114.98380560318684,-0.02923287120561019,1.82431588548587,-1.6836015288104553,-28.14333693054177,-55.452547350146304,124.47109958950522,-14.78403297147873,-53.08884035940943,80.95169239967203
2026-06-17T17:25:52.860000,1918,-105.82014578492976,75.80572732297637,114.52299628590005,0.1895450222138924,2.350224114512195,-1.80899135633895,-27.776480457106473,-55.35354256354163,124.47309445420724,-14.58439194667676,-52.65855596815063,80.09981007991624
2026-06-17T17:25:52.870000,1919,-105.60270613505998,76.43441125905662,113.78467960841425,-0.3761602041610725,2.4378745056529465,-1.5750031171910794,-27.891622235361424,-55.13735047435695,123.43676361957955,-14.397559765250332,-52.60075580039771,80.79076110666658
2026-06-17T17:25:52.880000,1920,-105.41555831679358,76.15530931336707,113.21861904477036,-0.007172963245696606,1.9777055405276391,-2.1276341456971886,-27.509036158028657,-55.57175661966211,123.47193746548473,-14.749447309823427,-52.74204280076633,79.76096846694229
2026-06-17T17:25:52.890000,1921,-105.44745022723941,76.3921226268153,113.17328866952073,0.46569040364148345,1.9585325689201463,-1.564485727862462,-27.768288967582272,-55.35758432792082,123.63265942502743,-14.401552787076714,-52.722776078182015,79.8804929689044
2026-06-17T17:25:52.900000,1922,-105.46481863406197,75.95514513882692,113.35377249114343,-0.28392985227845396,1.816098477498244,-1.4715956731898288,-27.61603274979286,-55.452547350146304,122.82779688034252,-14.429337040265363,-53.58976825085254,79.73418101890807
2026-06-17T17:25:52.910000,1923,-105.31808829114395,74.8359191229537,112.12925164246349,0.17415278818020405,1.2929313451950681,-1.417203405914096,-27.74773334154958,-55.70106921537968,123.60988506607801,-14.50659965502788,-53.178750582178054,79.0697093742336
2026-06-17T17:25:52.920000,1924,-105.0571984270033,75.80854555609139,111.66576096932911,-0.27129977993644105,0.8245420309912269,-1.4480222742175435,-27.661952856729975,-55.4222395410334,123.26182133613923,-14.306879712827875,-53.361784446729,79.76435060167088
2026-06-17T17:25:52.930000,1925,-104.95583194163844,75.20241656624093,110.98915632981614,-0.35228991256103864,1.0409327943017725,-1.841793818159509,-27.212207658700645,-55.34950296865485,121.95747732357705,-14.597783830741562,-53.67646850248194,79.5920033213998
2026-06-17T17:25:52.941000,1926,-105.21082748061701,74.90357790743658,111.6352793302733,-0.06649290964991911,1.1888431969881568,-1.611623035351305,-27.593083242707614,-55.4222395410334,122.27825491917412,-14.22636519972696,-53.29435091768392,79.63921445202224
2026-06-17T17:25:52.951000,1927,-104.89936143556147,74.92613285366637,111.43508235924168,-0.1393304769698217,1.1724083810129,-1.3189699067359006,-27.774492704466148,-55.74955954046791,122.55876638023565,-14.186846599114393,-52.83195302353494,79.4430261603791
2026-06-17T17:25:52.961000,1928,-105.10800575380456,75.10374208197673,111.63309944426297,0.1579997352018477,1.479190632187346,-1.3705280085402258,-27.605690609469526,-55.878872136185485,122.1657090230726,-14.273086662718747,-52.92507666531727,79.70487078368534
2026-06-17T17:25:52.971000,1929,-104.98554436706758,75.21933201913745,111.10276862048619,0.10419553361496953,1.2819728404842932,-1.8591185337622314,-27.27705918447422,-55.13128891253437,122.83899637251578,-14.491792872295026,-53.29435091768392,80.48705031084036
2026-06-17T17:25:52.981000,1930,-105.05538026438393,75.3180034762984,111.71604347645983,0.31466046745713694,1.509319167414706,-2.303283470017427,-27.931832651053515,-55.450527552702916,123.6258951294172,-14.324476328393416,-52.27001499319969,79.65060563375766
2026-06-17T17:25:52.991000,1931,-105.40844956357006,74.9148568941031,112.6009331099691,0.5624346755544615,1.5230158277577217,-2.346250362907666,-27.25364727542302,-55.61216775497679,122.7769160945682,-14.484181952153733,-53.22049399848591,80.51887843107518
2026-06-17T17:25:53.001000,1932,-105.17342725644383,75.4730607854822,112.24763525042479,0.363585499967339,1.4381035922492063,-2.280703240900138,-27.906911681785573,-55.476793597436625,123.22598036878408,-14.414935884809523,-52.745256219780025,79.68395822136338
2026-06-17T17:25:53.011000,1933,-105.3921200118079,75.72960778494198,112.94035828077625,0.20308656682263143,1.8955344017422726,-2.32957494981123,-28.18241603295057,-55.63035027095211,123.7661718290577,-14.720858495130503,-52.42735874501339,79.398599932851
2026-06-17T17:25:53.021000,1934,-105.56150865218794,75.91285650658558,113.61102866439563,0.21777776959764578,1.840750701461127,-2.0716817628281863,-28.0858154696752,-55.50912120399292,123.57601001112657,-14.136174172081784,-52.78699963608788,80.29750958301913
2026-06-17T17:25:53.032000,1935,-105.61299875883384,76.00025200418327,113.17105271688291,0.10512145054862865,2.1064429716065254,-1.7077838399815297,-27.952503424065664,-55.5111410014363,122.88611477148855,-14.826728478393491,-52.54937902279771,80.04020487406255
2026-06-17T17:25:53.042000,1936,-105.37590689582555,76.3413762681257,112.87715340104076,-0.13636761522067653,2.2324422470531755,-2.1504270928345868,-27.577494475427482,-55.32525672136453,123.44657610328906,-14.445241442059974,-52.78699963608788,80.14959452145798
2026-06-17T17:25:53.052000,1937,-105.6439507889144,76.01152796374654,114.21163993155693,-0.4910563853744335,1.8681410810562458,-1.9471416373402668,-27.662213825586882,-55.697027451000494,123.46814557710626,-15.040734575844784,-52.857643136272195,80.6211565594938
2026-06-17T17:25:53.062000,1938,-105.78403639605477,75.82264277587291,114.24384692138705,0.5113017520810063,1.7640558739402423,-1.540006301949667,-27.966324455691428,-55.412138384324045,123.73640422259729,-14.463235967044177,-52.78057624593495,80.44583110006363
2026-06-17T17:25:53.072000,1939,-105.68437163752951,75.20241656624093,113.91958982528598,-0.22378186511996903,0.9478031508056362,-0.6476953477662262,-28.088245979660808,-55.66268004700082,123.10519006074871,-14.64313978984136,-53.08884035940943,80.26577793656762
2026-06-17T17:25:53.082000,1940,-105.61039905408684,74.97123971902272,113.79152250721005,-0.14464745915449628,0.7067631046231155,-0.730467723976162,-27.748197374612605,-55.23029369913905,123.12242907116868,-14.760653005169553,-53.25260750137607,79.97515902994485
2026-06-17T17:25:53.092000,1941,-105.69220393435751,75.2136925258042,113.65045511905501,-0.7768175242926557,0.8848049836277625,-0.43857715448684104,-28.01485426123054,-55.862709417653555,123.67088875664155,-14.470912448948987,-53.57692491842116,79.49003816111592
2026-06-17T17:25:53.102000,1942,-105.78461451528932,74.96278199257446,114.30248625646657,-0.19221709620677888,1.0436709499340135,-0.04291873223519612,-27.99614996514098,-55.77380578775823,124.42730515910166,-14.458326532064884,-53.162697278607446,80.50653030589645
2026-06-17T17:25:53.112000,1943,-105.63661661840533,75.62811506756277,114.09612789778751,-0.6191825218108271,1.301148753182694,1.0403581132196769,-27.98303504510566,-55.53538724872662,123.79468097348557,-14.610202101688992,-52.76773291350357,80.4135676102606
2026-06-17T17:25:53.123000,1944,-105.81998137878037,75.11502106864326,114.3059157547382,-0.6175094196748515,1.1833668857236748,0.8413108457959957,-27.614159175357106,-55.583879743307264,122.71367207174612,-14.43946926446841,-52.79984296851926,80.3143011487642
2026-06-17T17:25:53.133000,1945,-105.96114089748303,75.66476723357408,115.04801264931812,-0.7581093888968622,1.6051869665430833,1.3026598578695878,-28.05712127350895,-55.100981103421475,123.77916834490736,-14.796319474958386,-52.96682008162512,80.48866588469458
2026-06-17T17:25:53.143000,1946,-106.23740657152389,75.73242601805698,115.8282663439127,-0.8618443405727336,1.7421447467005036,0.7370441274612292,-27.91841677906514,-55.18786276638098,123.9508031888091,-14.595876319137242,-52.94755335904082,80.69437065474781
2026-06-17T17:25:53.154000,1947,-106.36585691587953,75.49561270460876,116.0130883067093,-0.5021695951368851,0.9971075987313969,0.3328150357778272,-28.2501883627507,-55.333338080630504,125.42084371708265,-14.507171389699796,-52.82231966224279,80.77415334113164
2026-06-17T17:25:53.163000,1948,-106.44250999637202,75.76625692385005,116.33037311211838,-0.879769426773332,1.4161895239185696,0.3841604195620414,-28.187903198319866,-55.759662866669686,125.36991016574459,-14.478036393930138,-52.652132577997705,80.90602974832895
2026-06-17T17:25:53.173000,1949,-106.54005455534353,75.29826979028687,117.13021072006728,-0.4366737274416171,1.8681410810562458,0.172023496450033,-28.355476092286214,-55.47477379999324,125.13266026175417,-14.714680690261934,-53.22691738863883,81.03087029430866
2026-06-17T17:25:53.183000,1950,-106.38915887701998,75.86774964122925,116.93373209467471,-0.4732260755438753,1.9064899653621397,-0.05793652645442812,-28.684412006348786,-55.19594412564695,125.89832322990495,-14.75379123311242,-52.404878603415376,81.12835474620655
2026-06-17T17:25:53.193000,1951,-106.80415843866567,76.14121209358554,117.58825781267495,-0.8387423199831565,2.2707911313590694,-0.048731619195090975,-28.34894734490841,-55.644495361533075,125.26639432007549,-14.423094010836152,-52.9282866364565,80.7241478315602
2026-06-17T17:25:53.205000,1952,-106.68929344324125,76.61202048736698,117.22764696480786,-0.7372253337389065,2.520048585529216,0.6502118470795972,-28.21003863453249,-55.17169787835663,126.13181588612666,-14.9529183234826,-52.9796634140565,81.22936296304712
2026-06-17T17:25:53.214000,1953,-106.64638420537607,76.52462498976931,117.00472570124603,-0.7245874758132991,2.736439348839762,1.0215343112328719,-27.892088082472657,-55.373747046452756,125.51206480896185,-14.630895344147222,-53.085630388270204,80.73867606808601
2026-06-17T17:25:53.224000,1954,-106.47962238441832,75.98897604461999,116.57304935416083,-0.7987890350992974,1.8818377413992617,0.2563119818391312,-28.64966086395104,-55.50103984472695,125.58149558406933,-15.15876168193974,-52.883329801134956,81.08140115781167
2026-06-17T17:25:53.234000,1955,-106.35293747268338,75.0191678445973,116.38772116170644,-0.8643193604206378,1.848968109448753,0.8132952431121796,-28.109813358077243,-55.39799329374308,124.78457351651166,-14.530078117351229,-53.14021713700944,81.0096899202827
2026-06-17T17:25:53.244000,1956,-106.16102559174678,75.50689169127527,115.62851373108387,-0.5936352352830295,1.5312332357453478,0.7483946774180581,-28.64385711849324,-55.37172724900937,125.4340978884483,-14.283382944699522,-52.722776078182015,80.32447327115048
2026-06-17T17:25:53.254000,1957,-106.30455765089482,75.18550111334439,115.88591380551631,-0.5849478811510381,1.6271010348737251,0.8050423273238255,-28.252525970249476,-55.61216775497679,125.04751253076975,-14.36610220032665,-53.018196859225114,80.6713201510748
2026-06-17T17:25:53.264000,1958,-105.87192617468332,75.61683910799951,114.99669183566071,-0.7515707514265615,1.3394946963976848,0.874128372295256,-28.080492047738005,-55.438404429057755,125.00511159510309,-14.409692359295743,-53.2044406949153,79.97697452730648
2026-06-17T17:25:53.274000,1959,-106.01331985188529,75.07273243640192,114.93353311724778,-0.6105037641870119,1.4600147194889452,0.7492595259745539,-28.129237670826594,-55.515182765815496,123.9132886051759,-14.500016560085172,-52.97324347177805,80.60327510232429
2026-06-17T17:25:53.284000,1960,-105.72170339629253,75.65630950712583,114.32957453738156,-0.6934138350065092,1.479190632187346,0.845199210331588,-28.079891591977766,-55.62226891168614,124.35743027745039,-14.814792188770745,-53.191593914609435,79.64835476682782
2026-06-17T17:25:53.294000,1961,-105.71944729162692,75.37720756143628,114.41164130698644,-0.812094277582108,1.490146195807213,0.13848176117859629,-28.05657095431633,-55.61216775497679,124.19785554712638,-14.706271183595447,-53.82738886414271,80.24273611512751
2026-06-17T17:25:53.305000,1962,-105.77112603338333,75.66194597335584,114.31540282424375,-0.26821265704110864,1.5777965869479644,-0.2898876752153532,-28.216536707012203,-55.58185994586388,124.26664815308216,-14.928142349515841,-53.085630388270204,80.53980345568654
2026-06-17T17:25:53.315000,1963,-105.7146426134386,75.47587901859723,114.33159918428477,-0.5816172659884447,1.1998017016989266,-0.46241763826279825,-27.76130894048483,-55.583879743307264,123.92132219016297,-14.640644420242634,-53.303984278976074,80.28626082511956
2026-06-17T17:25:53.325000,1964,-105.40063241517845,75.92977195948212,113.2998017019487,0.06338665341640279,1.0190187259711307,-0.9729532848607868,-27.756855680022902,-55.70106921537968,123.47540730747748,-14.299659321449687,-52.639289245566324,80.5174371815764
2026-06-17T17:25:53.335000,1965,-105.26489412366729,75.97487882483846,113.25277735623504,-0.00799410093433267,1.5531443629850816,-1.3326170177067735,-28.276408528720953,-55.60408422621839,124.45587925705273,-14.217560214126912,-52.79341957836633,80.00736630021893
2026-06-17T17:25:53.345000,1966,-105.5816204624542,75.69013738581566,113.26147499770133,0.09879875078516209,2.3803555908304626,-1.1737266332908523,-27.434753002405365,-55.52326412508146,124.0149605985994,-14.350113682960973,-53.08884035940943,80.23616341544303
2026-06-17T17:25:53.355000,1967,-105.56981042605557,76.20887390517167,113.50008190355399,0.07364897158051592,2.029748144085641,-1.8878294034828196,-27.71038362279611,-55.010057676082766,123.46006436558831,-13.840908645545106,-52.9796634140565,79.72503580192607
2026-06-17T17:25:53.365000,1968,-105.49670146398313,76.21169213828668,113.61151906803427,0.0736795364148003,2.325571890549312,-2.457895658018566,-27.904813950377108,-55.179781407115016,124.470695262604,-14.324874237812036,-52.42735874501339,80.0605871802765
2026-06-17T17:25:53.375000,1969,-105.14695924649153,76.118660174459,111.95214562469053,0.3251938072976892,2.144791855912424,-2.2917118816246305,-28.059631932638013,-55.26262130569534,123.54338691855969,-14.113160205749168,-53.2044406949153,79.40980843649625
2026-06-17T17:25:53.385000,1970,-105.19547099180717,75.72678955182697,112.48106157590725,-0.18093878845533573,1.7202306783698667,-2.516653264623572,-27.618081006955926,-55.4828551592592,123.0794771372156,-14.460579307355696,-52.9603966914722,80.42683083738477
2026-06-17T17:25:53.396000,1971,-104.95948982253617,75.65067001379256,112.05114079901298,0.13103453512290575,1.328539132777818,-2.6096209717549717,-27.81718712087452,-55.476793597436625,123.17717752618897,-14.245918384470002,-53.03746358180943,79.68795462369386
2026-06-17T17:25:53.406000,1972,-105.27218683045189,75.43359038635589,112.44549287997484,-0.12394683944430918,1.161452817393033,-2.058504094311646,-27.991811851658472,-55.51922453019469,123.21883555953812,-14.809971101462178,-52.941129968887886,80.98377885575617
2026-06-17T17:25:53.416000,1973,-104.97861854169656,75.29544853006861,111.49830728136052,0.1117562707557948,1.0244979783265207,-1.5377097409356297,-27.582880307904563,-55.65459651824243,122.75130357650455,-14.54276748041999,-53.22049399848591,79.07910046477552
2026-06-17T17:25:53.426000,1974,-104.9983183858938,74.70341675999967,111.67359574160075,0.11863598959708438,1.4600147194889452,-1.6583032188716489,-27.1303334693134,-55.47073203561404,122.30774674516461,-14.458063978272946,-53.181960553317275,79.50360077196554
2026-06-17T17:25:53.438000,1975,-105.08288072217401,75.25879939116054,111.79862649691424,0.4541129958042982,0.9313683348303793,-1.4081851029695547,-27.487282974638575,-55.68894609173452,121.98753153785168,-14.462617561619169,-53.43242794691331,79.04279163615479
2026-06-17T17:25:53.446000,1976,-104.61805146523922,75.30954574985014,110.64722628550041,0.27372094689565096,1.706534018026851,-1.6195320837909544,-27.42757921929994,-55.5111410014363,122.10211343891305,-14.48915971658452,-53.22691738863883,79.53421361290772
2026-06-17T17:25:53.456000,1977,-104.9821572005229,75.45896356570069,111.19421338181203,0.17876289094742875,1.3915372999556865,-1.7037699003403188,-27.561630171898805,-55.53538724872662,122.17834315024051,-14.040035735915287,-53.28150413737805,79.82604401876662
2026-06-17T17:25:53.466000,1978,-105.04087666882607,75.09528435552846,111.70210469990344,0.11438893652693832,1.5202747310345728,-1.9816112084937567,-27.545431549678113,-55.862709417653555,122.86524137141966,-14.387924283682999,-53.165907249746674,80.0178013321328
2026-06-17T17:25:53.477000,1979,-105.27191472973652,74.95714552634443,112.32796068739455,0.42669749331739315,0.630068277102231,-2.1143863570612256,-27.92231790628623,-55.86068745071775,122.25264808942197,-14.328233755699507,-53.528758111960386,79.93610177242762
2026-06-17T17:25:53.487000,1980,-104.95348234321438,75.42231442679261,111.60050559547949,0.007140745165286844,1.0244979783265207,-1.9553581608910848,-27.403182970568896,-55.68490432735533,122.11484636225224,-14.873335322048577,-52.74204280076633,79.76497355150568
2026-06-17T17:25:53.497000,1981,-105.26920126251179,75.5153463906203,112.31516797841421,-0.07514385078886843,1.2792346848520522,-1.8905914907184451,-27.35142248924092,-55.66469984444421,122.5310117634313,-14.623172572357202,-53.07278705583882,80.4296157404791
2026-06-17T17:25:53.507000,1982,-105.25415555185015,75.80008782964312,112.43257050737009,0.23423045371973783,1.5230158277577217,-1.9358466242068635,-27.86534579583744,-55.549532339307596,123.5016292910776,-14.45127617344347,-53.33288436285254,80.9878174280827
2026-06-17T17:25:53.517000,1983,-105.4477890676918,76.02280695041306,113.30437250797583,0.08707236512629962,2.2844848506111775,-2.0892060898886884,-28.081648205385868,-55.35354256354163,122.67135261863329,-14.184235204502539,-52.74846619091925,79.12261649253465
2026-06-17T17:25:53.527000,1984,-105.7340564954238,76.26807799030955,113.95962605428846,0.03228582065356328,2.199572615102667,-1.4151270952595107,-27.90491797511025,-55.11512402451002,124.04067352213251,-14.93182580959427,-52.66497935830357,80.49427865450103
2026-06-17T17:25:53.537000,1985,-105.58964428010685,76.31036359544763,114.0688846494936,0.22400648597348438,2.1064429716065254,-1.2432876949395908,-28.006008427780586,-55.5111410014363,123.67916267015227,-14.466245608277575,-51.81404048920365,79.60995394690853
2026-06-17T17:25:53.547000,1986,-105.60131156543761,76.06791381576939,113.7398451699026,-0.0073177863511485475,1.9859229485152652,-1.0644864515045378,-27.866129854134225,-55.30303027151759,124.12059552770548,-14.461326024954797,-52.79663299738003,79.981930859515
2026-06-17T17:25:53.557000,1987,-105.6962911155102,75.69013738581566,113.94783551170396,-0.2097763843608973,1.7311862419897337,-1.0056761361062079,-28.201456461780325,-55.2747444293405,123.61738143666146,-14.559544435967442,-52.639289245566324,80.64549720659687
2026-06-17T17:25:53.567000,1988,-106.01615184121677,75.44204811280416,114.9101014663583,-0.06244426775246775,1.5969695585554575,-0.5244717199996844,-27.94425306111579,-55.220190372937275,123.70833324771868,-14.341552697345273,-52.64249921670555,80.66353674577593
2026-06-17T17:25:53.578000,1989,-105.84690769892069,75.21651075891921,114.69626458732942,-0.7055983086569476,1.9859229485152652,0.11486239767583054,-28.044406527850846,-55.46871223817066,124.48800491485864,-15.17971504770481,-52.91544330402512,80.84317157567135
2026-06-17T17:25:53.588000,1990,-105.97462937938903,75.49561270460876,115.03509608154091,-0.36177502968873204,1.490146195807213,0.11369015584538232,-28.47275576799693,-55.67884276553275,124.2505095433117,-14.518953769888267,-52.93471002660944,80.81524338398373
2026-06-17T17:25:53.598000,1991,-105.93065263718418,76.03971937620635,114.83510051093891,-0.5233063345125215,1.7613177183080013,0.9281815583687586,-28.08489238880929,-55.76572442849226,124.3846587558785,-14.353985729603735,-52.62002252298202,80.86254720833298
2026-06-17T17:25:53.608000,1992,-106.16646160672089,75.72960778494198,115.35102219690415,-0.7498034219206897,1.4271450875384364,1.0998157730079234,-28.137736249290047,-55.34344140683228,123.62992165800789,-14.538597045181412,-53.303984278976074,80.57244497340888
2026-06-17T17:25:53.618000,1993,-105.94781682172643,75.5660927493099,115.27800974825715,-0.496909038904372,1.010801317983505,1.0583170666499835,-28.151408104875213,-55.361626092300014,123.67760108464971,-14.185912319759572,-52.32781516095262,80.78228021589369
2026-06-17T17:25:53.628000,1994,-106.13108471507627,75.74088374450525,115.65066992250118,-0.765082542125598,1.0874961455043894,0.8246485392618897,-28.318443615943416,-55.71723193391162,126.08926259076331,-14.746652526820284,-53.050306914240814,80.33491698529727
2026-06-17T17:25:53.638000,1995,-106.32034588694039,75.30672751673514,116.04423114280183,-0.8516853952868366,1.2847139372074372,1.0107431746749558,-28.211702345453766,-55.632372237887914,124.5432269913745,-14.745416403575977,-53.599401612144696,80.66136909671822
2026-06-17T17:25:53.648000,1996,-106.37514083322415,75.239065705149,116.10542166855399,-0.39100958391728263,1.6161454712538583,0.6696774192333398,-28.35326139985009,-55.14947359800212,124.57717268816059,-14.912571657387804,-53.368204389007445,81.45833062257016
2026-06-17T17:25:53.658000,1997,-106.22096837756689,75.37720756143628,116.26724012502967,-0.37254352721282596,1.3038869088149352,0.914406126099386,-27.775577897667148,-55.531347653839845,124.78295186783568,-14.639101502938406,-52.75809955221142,81.47745547949545
2026-06-17T17:25:53.669000,1998,-106.15982745081985,75.59428718887295,115.62433531710951,-0.45169156692065043,1.9037518097298984,0.30168398805395663,-28.67986248923698,-55.55963349601695,125.7161660446626,-14.984996036710672,-52.69387599430556,81.18557991720574
2026-06-17T17:25:53.679000,1999,-106.5716842449859,76.27935394987281,117.03067240267734,-0.5753874051701999,2.040706648796416,0.5398501741397856,-28.19962583621496,-55.23837505840502,124.90215084010852,-14.19525610578088,-52.79663299738003,80.23116033956025
2026-06-17T17:25:53.689000,2000,-106.30133360355975,76.5471799359991,116.1944346099117,-0.8782633779933353,2.6378304529882355,0.2050200949247516,-28.429081028393988,-55.476793597436625,126.10340633583174,-14.550446011941986,-53.26866080494668,81.2558328692683
2026-06-17T17:25:53.699000,2001,-106.34558164709279,76.49361231709125,116.1455611705135,-1.0173650840189439,2.2817466949789362,0.13947971718006485,-29.032142916550715,-55.31717319260614,125.97634347863568,-14.995485855426178,-53.58976825085254,80.59954651169781
2026-06-17T17:25:53.709000,2002,-106.72285297165371,76.14403032670056,117.34468294892193,-0.6752544020469697,2.3803555908304626,0.38579818761406987,-28.3674135789559,-55.695007653557106,126.20135139439994,-14.780788072927965,-52.921863246303566,81.41706546174089
2026-06-17T17:25:53.719000,2003,-106.47700767947657,75.67886142625238,116.39738378443072,-0.3814146503103721,1.2408858005461585,0.00829354410404548,-28.929642351167626,-55.68490432735533,125.90254166252667,-14.667715227285798,-53.47417136322115,80.90599248050937
2026-06-17T17:25:53.729000,2004,-106.35955077289006,75.32646120274667,116.35416128665796,-0.7558572993569543,1.325798036054669,0.5992638275139243,-28.294520891424675,-55.25251797949356,125.28200085447517,-14.550202011957595,-52.80947632981141,81.19661138713211
2026-06-17T17:25:53.739000,2005,-106.31294929758997,75.80008782964312,116.28157737019453,-0.4947778487768387,1.301148753182694,0.6741271552842172,-28.173164071088344,-55.29292911480824,125.16200621432104,-14.937128541024691,-52.81268630095064,81.15483711471715
2026-06-17T17:25:53.750000,2006,-106.09614144458223,75.09528435552846,115.55212347858716,-0.5779558594055696,1.818839574221388,0.017496493247015743,-28.262464582032536,-55.670761406266784,124.53440856585051,-14.592631420586475,-52.78378621707418,81.15974371681665
2026-06-17T17:25:53.760000,2007,-105.94783672979187,75.60556314843623,115.03825677482847,-0.33268253227404543,1.4435799035136883,0.794718675103872,-27.841731974306118,-55.42021974359001,124.1333227627332,-14.556365099180193,-53.02462024937806,80.18690544995283
2026-06-17T17:25:53.770000,2008,-105.59501450297284,75.36592857476977,113.77784119771081,-0.4289948392377996,0.81358646737136,0.17422538221023542,-27.611981294805187,-55.5111410014363,123.72334844153586,-14.406836964699536,-52.96682008162512,79.5973433773258
2026-06-17T17:25:53.780000,2009,-105.80447701861983,75.35465261520648,114.3284543170165,-0.3346247007194907,1.1724083810129,0.2411891519966068,-27.647829721425122,-55.27070266496131,123.36907061631165,-13.855187801008768,-53.242974140083916,79.74564785840265
2026-06-17T17:25:53.790000,2010,-105.6163045461006,75.0191678445973,113.6722189184196,-0.520012132342969,1.6380565984935922,-0.11695760175649637,-28.24540673763179,-55.210087046735495,124.20103878130489,-14.783210880975506,-53.162697278607446,81.06556653550992
2026-06-17T17:25:53.800000,2011,-105.42706328230194,75.58582946242468,113.03890472469024,-0.04721438335838862,0.9587587144255031,-0.7224810230777533,-27.942134625329597,-55.60408422621839,122.88908797668198,-14.539516606890185,-53.15627388845452,79.85575534217269
2026-06-17T17:25:53.810000,2012,-105.57960363657078,75.02762557104558,113.27109726393064,-0.3780406474957058,0.81358646737136,-1.1337353337328542,-27.936738822332188,-55.77986734958081,123.91688699359992,-14.60623398951713,-52.340658493384,80.39000421494542
2026-06-17T17:25:53.821000,2013,-105.34304529569414,75.57737173597641,112.78253688022866,0.1670762620732514,1.5887521505678315,-0.7066395586860325,-27.71456364042878,-55.49093651852517,124.03219446998648,-14.514017038434407,-52.909019913872186,80.24351714697188
2026-06-17T17:25:53.831000,2014,-105.23911668714454,75.22496848536747,112.24689186782136,-0.3302480801354269,1.5832758393033495,-1.1941394107691068,-27.78873778605874,-55.82229828233888,124.08545632241007,-14.483563546728725,-52.552588993936936,79.11583896716633
2026-06-17T17:25:53.841000,2015,-105.3803649399766,75.98333655128673,113.12919312552017,-0.0780742102789293,2.3721381828428316,-1.6291969430489015,-27.892521440637662,-55.13128891253437,123.29317513932932,-14.066559337073082,-52.66497935830357,79.3737579437248
2026-06-17T17:25:53.851000,2016,-105.37214677995553,75.85083418833271,112.6475331398634,-0.03331482628674598,1.9777055405276391,-2.2006873777028404,-28.161665110794978,-55.31515339516275,124.27091366295619,-14.95842935295873,-52.93471002660944,80.0617317039864
2026-06-17T17:25:53.861000,2017,-105.23524316945063,75.80008782964312,112.78630707613112,0.10062446161018401,1.8736203334116357,-2.088172529726194,-27.900390702491023,-55.24241682278421,123.193450384077,-14.874059941346179,-52.684242633013405,80.25391491106612
2026-06-17T17:25:53.871000,2018,-105.27719796548918,75.66194597335584,112.2631138033451,0.4445205486223317,1.8352714491057371,-2.7078536828566566,-27.873307960177588,-55.67884276553275,123.30441577176035,-14.511488353717144,-52.32139177079969,79.94284581003282
2026-06-17T17:25:53.881000,2019,-105.44137998976541,75.7859906098616,113.07550696732876,0.09801295324056636,2.210531119813437,-2.5620807258246026,-27.589646148549587,-55.62428870912953,123.48895402365193,-14.511819676563661,-52.69066602316633,79.71052950354431
2026-06-17T17:25:53.891000,2020,-105.22255997108078,75.72678955182697,112.72209000880815,0.15424019051513715,1.2792346848520522,-2.622918641154152,-27.60770223769953,-55.648534956419844,123.41497683254248,-14.245504351728888,-52.96682008162512,79.90053259927696
2026-06-17T17:25:53.901000,2021,-105.2003397150875,75.49561270460876,112.20825468535975,0.2279258294905731,1.2491032085337845,-2.4934764417933213,-27.343793103477882,-55.61418755242018,123.50212022619064,-14.882265075328773,-53.25260750137607,79.42643165075533
2026-06-17T17:25:53.911000,2022,-105.00426578036544,75.57737173597641,111.44119189662572,-0.25644932733121123,1.7969255058907512,-1.7316523955791623,-27.91477979191294,-55.551552136750985,123.12626209980488,-14.633238209988146,-52.90259652371926,80.36743801732787
2026-06-17T17:25:53.922000,2023,-105.04418816335077,75.71551056516046,111.5337837705346,-0.03230246756678479,1.9010107130067546,-1.972367080966781,-27.537023090878442,-55.4828551592592,123.05112035248442,-14.152896871883055,-53.35536105657607,79.03278707163271
2026-06-17T17:25:53.932000,2024,-104.96258670597322,75.69859511226392,111.0460245404137,-0.2212011835090552,1.665446978088716,-1.564774140224965,-27.67636860456463,-55.596002866952425,122.52957198940376,-14.501218006199434,-52.89938655258003,79.95567446121053
2026-06-17T17:25:53.942000,2025,-104.7111339984749,75.52662537728682,110.82861902175354,-0.05356984730535874,1.5202747310345728,-1.5794144210508279,-27.339828903394693,-55.62226891168614,121.90368259782102,-14.303520194940408,-53.49022466679177,79.88883600951974
2026-06-17T17:25:53.952000,2026,-105.2016664062748,75.23060797870073,111.87313151559563,-0.2029850626728978,0.4684612140728309,-1.377126133481473,-27.700745962966113,-55.5414488105492,123.01563608549958,-14.681463300186586,-53.68931183491332,79.2320272844524
2026-06-17T17:25:53.962000,2027,-105.10312620298345,74.83027962962043,111.84258235609872,0.1798972935221702,1.2052780129634086,-1.6207819780801673,-27.267973474933946,-55.60004463133162,121.97588657851949,-14.431296377130804,-53.26866080494668,79.89666536487115
2026-06-17T17:25:53.972000,2028,-105.1009480049065,75.3828440276663,112.00152951011074,-0.4372021370521255,0.8820638869046186,-0.9853774033242528,-27.630672837551405,-55.476793597436625,123.29945932717085,-14.103825162394873,-52.909019913872186,79.64964570387963
2026-06-17T17:25:53.982000,2029,-105.50155807278293,75.3941230143328,113.27538371068266,-0.09077709066487427,1.164190973025274,-1.0342614307211726,-27.498964477711475,-56.030409012257586,122.68363518446375,-14.654062195105531,-52.70350935559771,80.41087460727132
2026-06-17T17:25:53.992000,2030,-105.59128512270907,75.83110050232118,113.37179194181653,-0.11465241949908339,1.476449535464197,-1.1152190068572188,-28.00825533522964,-55.53336745128323,123.23705780079922,-14.724104418489862,-52.64571263571925,80.49948954250237
2026-06-17T17:25:54.002000,2031,-105.41660625237867,76.07355028199942,113.43545108505977,-0.16487387070583093,1.8051429138783772,-0.8531319383437911,-27.89727066779252,-55.55963349601695,122.94782102207351,-14.932287875099988,-52.992506746487884,79.98029048013056
2026-06-17T17:25:54.013000,2032,-105.50103457880483,76.2652567300913,113.16696755467386,-0.494312237126126,1.9037518097298984,-1.1243196665697732,-28.125024286454998,-55.412138384324045,124.33875742999746,-14.610851391747513,-52.56543577424279,80.57149372576376
2026-06-17T17:25:54.023000,2033,-105.8349622449628,76.12429664068901,114.17496103645107,-0.2191717623527446,1.8790995857670207,-0.9342618421924478,-28.18284008291743,-55.41011641738824,124.44257232012336,-14.64129507231262,-52.587912467966326,80.44418124482452
2026-06-17T17:25:54.033000,2034,-106.0176779950553,76.37802540703376,114.982039740076,-0.12321383698450677,2.1091840683296743,-1.143324498648401,-28.20705877412911,-55.515182765815496,124.45856505647025,-14.568416008139597,-52.86406652642512,80.91964321140752
2026-06-17T17:25:54.043000,2035,-106.01169588339266,76.07918977533268,115.02446743255166,-0.13973658080114906,1.846229953816512,-0.6606499378932059,-28.002395499169182,-55.21817057549389,124.75231281262651,-14.606477989501471,-52.52690232907417,80.4492256970816
2026-06-17T17:25:54.053000,2036,-105.98486133133765,75.498433964827,115.14072838202384,-1.0645364207656622,1.4490591558690782,-0.35290762547993604,-27.86774130798705,-54.87670548547841,124.02840258160802,-14.591752891854629,-53.22049399848591,80.32004229287355
2026-06-17T17:25:54.063000,2037,-106.04978927621787,75.498433964827,115.1040178348795,-0.3030813690744333,2.0763144363791657,-0.3711451122860082,-28.183835544843586,-55.35556453047743,124.03522614242998,-14.624008018494946,-52.3599252159683,79.69318287616105
2026-06-17T17:25:54.073000,2038,-105.66110285897608,75.5632745161949,114.59122070207104,-0.508158999112956,1.7613177183080013,0.8270611849258229,-28.372644098406237,-55.6929856866213,124.86973857448838,-14.843204995727902,-53.26545083380745,80.59380457396671
2026-06-17T17:25:54.083000,2039,-106.02963158190896,76.12429664068901,115.20026661054209,-0.33811792744613145,1.6380565984935922,-0.25862547816288467,-27.853415108476085,-55.30101047407421,124.82943209765673,-14.940801852759677,-52.392035270983996,81.42059002030528
2026-06-17T17:25:54.093000,2040,-106.07925368165102,75.61683910799951,115.59315634088611,-0.4178669228839771,1.846229953816512,0.5508136384103092,-28.316699093556508,-55.51922453019469,124.88004929092057,-14.828347749745395,-52.530112300213396,80.74628813546418
2026-06-17T17:25:54.103000,2041,-105.93499786648644,75.81700328253964,114.45387746438263,-0.6606899468431056,1.1066720582027902,0.615152044512629,-27.87568458199768,-55.697027451000494,124.32998608172574,-14.626601884107846,-52.82231966224279,80.63614716393103
2026-06-17T17:25:54.114000,2042,-106.04878627704653,75.60838138155124,115.14049095735004,-0.33125043598038684,1.2737554324966673,1.0602135172526082,-28.58059096854566,-55.695007653557106,125.29170860501885,-14.520147835347014,-53.551238253558395,80.47891965602184
2026-06-17T17:25:54.124000,2043,-106.2397032917076,75.30954574985014,115.6330948300309,-0.47869955920940244,0.630068277102231,1.0720897527264723,-28.427064414903818,-55.697027451000494,125.02040177142854,-14.816580130867951,-52.963610110485895,80.08264426630836
2026-06-17T17:25:54.134000,2044,-106.26665860043806,75.57455047575817,115.48061373705299,-0.48335775334505093,1.164190973025274,1.0593534548425831,-28.119896160640693,-55.428301102855976,125.24034282112603,-14.758264874251978,-53.422794585621155,80.64780648586861
2026-06-17T17:25:54.144000,2045,-106.10312560778729,75.20805303247094,115.47322293536921,-0.37421581842422,1.50110175942708,1.1134505654929687,-28.004006953022007,-55.35354256354163,124.66011986652906,-14.481563176886361,-53.15627388845452,80.50974567638256
2026-06-17T17:25:54.154000,2046,-105.94709595142405,75.32082170941341,115.12893783943929,-0.34104633156922326,1.317583569157946,0.17663998599054326,-28.540018913426618,-55.40203505812227,125.16000566130754,-14.390202993436874,-52.84800977498004,80.57053300226399
2026-06-17T17:25:54.164000,2047,-106.16118919850899,74.90639916765484,115.47919305966536,-0.47413754781060147,1.7531003103203704,0.4862204659901377,-28.24663430756501,-55.39395369885631,124.83134035414693,-15.148247334437645,-52.68103266187418,81.03500832685319
2026-06-17T17:25:54.174000,2048,-106.3611417712078,75.73806551139023,116.4396517497069,-0.3700301569470618,1.659970666824234,0.6158378210936744,-28.805162233938724,-55.32525672136453,125.53690628374619,-15.244197184039859,-52.976453442917276,80.83456529703025
2026-06-17T17:25:54.184000,2049,-106.27726444934092,76.19195845227514,115.90731078831092,-0.9482550901846609,2.1886170514828,0.15929668902186517,-28.32695494775023,-55.27878402422728,125.47336835550016,-14.830809847890546,-52.870486468703575,80.40466161939588
2026-06-17T17:25:54.195000,2050,-106.06049849879105,76.26243849697629,115.06475664051894,-0.49034728866555777,1.851706265080994,-0.11415316609699429,-28.105153679246108,-55.414158181767434,125.19870780308067,-14.823958224176899,-52.95397674919374,81.24657962888395
2026-06-17T17:25:54.205000,2051,-105.98691097915426,76.06791381576939,115.32108281175032,-0.1708190761052668,1.2217128289386656,-0.2334575294761726,-28.362544036610288,-55.27878402422728,124.91277197762041,-14.68448975234815,-52.587912467966326,80.90612164843402
2026-06-17T17:25:54.215000,2052,-106.03286949074067,75.45332407236744,115.32147520380303,-0.4308505658969435,1.9914022008706551,-0.30231853794166996,-28.11108369392966,-55.450527552702916,124.25101780541702,-14.49629104222118,-52.652132577997705,80.63892828696886
2026-06-17T17:25:54.225000,2053,-106.03329308373768,75.72960778494198,115.22635825816064,-0.5618547905874428,1.670926230444101,-0.5023562290274677,-28.405337492491675,-55.59802266439581,125.26742462816891,-14.861285437897761,-53.400314444023145,80.59849846177121
2026-06-17T17:25:54.235000,2054,-106.02330041057121,76.06509255555115,115.04828145430216,-0.30447315958324384,1.9420977529448893,-0.6850862273056175,-28.189744946131594,-55.67682296808937,123.75260778589094,-14.475076528340683,-53.52233816968193,79.87423323735469
2026-06-17T17:25:54.245000,2055,-105.67468915553616,75.75216273117177,114.41543154527228,-0.20565104162770753,1.8845758970315027,-0.36315919946410324,-27.955339093688604,-55.517202563258884,123.59049233161132,-14.850317767556975,-53.20122727590159,80.75481119623313
2026-06-17T17:25:54.255000,2056,-105.61085561725875,75.87620736767751,113.51998078321485,-0.5067674705285651,1.2052780129634086,-0.8200509431474613,-27.760774728798634,-55.18786276638098,123.84121317090867,-14.787333283449573,-53.13700716587021,79.87363222566397
2026-06-17T17:25:54.265000,2057,-105.60358629122888,75.52098588395357,113.41802093877666,-0.15597607556578844,1.0573676102770295,-0.6909601434746885,-27.939145456728106,-55.549532339307596,124.11112730772375,-14.264810329196479,-52.49157885504477,80.20133231051892
2026-06-17T17:25:54.275000,2058,-105.4904438783384,75.44768760613742,113.17000438916457,0.02692074710044673,1.2107572653187937,-1.1259277048098908,-27.61262787064773,-55.70106921537968,123.04090354187373,-14.565152555781273,-53.17554061103883,80.44130822168162
2026-06-17T17:25:54.285000,2059,-105.29968952281062,75.14321248110306,112.52808011679338,-0.25127132009319386,1.476449535464197,-0.9092614350718647,-28.023269336387436,-55.5111410014363,123.31875221882153,-14.038222927828645,-53.07920699811728,80.32559665033806
2026-06-17T17:25:54.296000,2060,-105.25040531589204,74.94868779989616,112.26627449663266,-0.505339267026713,1.0025839099958789,-0.7284306335892231,-28.099383300527236,-55.65661848517823,124.05371117823994,-14.88298969462634,-53.28150413737805,79.91537301031579
2026-06-17T17:25:54.306000,2061,-105.08818818688778,75.26161762427554,111.860436546473,0.11092653655900084,0.9916283463760119,-1.0904388500960989,-27.909926540024948,-55.78390911396001,123.90163795753223,-14.07670909027509,-53.34893766642314,79.33132345365543
2026-06-17T17:25:54.316000,2062,-105.40631724953573,75.15448844066633,113.0131851550128,-0.09896215822865428,1.3367565407654438,-1.1506234648493976,-27.402596022443223,-55.78997067578259,123.53112111706807,-14.423393424240604,-53.2044406949153,80.17068220175715
2026-06-17T17:25:54.326000,2063,-105.14435650778867,75.58300820220643,112.20620999607317,-0.3091755522955467,1.4490591558690782,-0.8232507849091322,-27.926579224788348,-55.38183057521115,123.05981023157719,-14.198952921493868,-52.603965771536934,79.56307680989457
2026-06-17T17:25:54.336000,2064,-105.27419154185475,75.61965734111452,112.3725421469414,0.16253118176636436,1.9311421893250225,-1.3863310407408145,-27.782929055340787,-55.40607682250147,124.10432187185577,-14.447048275167607,-53.002140107780036,79.96132370521484
2026-06-17T17:25:54.346000,2065,-105.44377452460321,75.70987409893043,112.71746286442534,-0.1384092637525135,1.7503592135972266,-1.3415069175155865,-27.947720830171875,-55.13937027180034,124.22906781796408,-14.115575633141239,-52.64571263571925,79.36958642341716
2026-06-17T17:25:54.356000,2066,-105.36433310425325,76.02280695041306,112.67691038457332,0.15686062891073632,1.503839915059321,-1.6273876353607692,-28.11121159425249,-55.28686755298566,123.15593580044381,-14.57332821080686,-52.78057624593495,80.85894321195293
2026-06-17T17:25:54.366000,2067,-105.45471523237367,75.70705283871219,112.90883860692202,0.3312410435927663,1.9804466372507832,-1.9650352567976357,-27.758795498532717,-55.35758432792082,124.15710441447233,-14.525311418654137,-53.37141780802115,80.16616422555158
2026-06-17T17:25:54.376000,2068,-105.3422737817201,76.3413762681257,113.04964693955644,0.005293948532124948,1.813360321866003,-1.9102792713480183,-27.674007121476176,-55.670761406266784,123.5679634402184,-14.602518619996587,-53.743902031527014,80.11437969281636
2026-06-17T17:25:54.387000,2069,-105.3288917074403,75.76343869073504,112.96301068065969,0.20585846946488912,1.2491032085337845,-2.22331631754349,-27.200027124728695,-55.61620734986356,122.74642291278259,-14.746408526835934,-52.42735874501339,80.27569550316106
2026-06-17T17:25:54.397000,2070,-105.22139256576006,75.85083418833271,112.54148260011682,0.45242351157655203,1.4052339602987025,-1.9046331378777541,-27.80520351412253,-55.74147818120194,123.43861261085804,-14.587456664127313,-52.78057624593495,80.21751418234032
2026-06-17T17:25:54.407000,2071,-105.21937702681642,75.88466509412578,112.5511093544385,0.46081787570599597,1.6846228907871168,-1.856620703300178,-27.723081109221752,-55.60004463133162,123.25003050338348,-14.70529658933445,-52.941129968887886,80.00585508875916
2026-06-17T17:25:54.417000,2072,-105.3951605443153,75.12911526132154,113.02091112122812,0.06836759146431909,2.1009666603420434,-1.5216451981543448,-27.577393804857444,-55.62428870912953,123.71032891038242,-14.274671256940646,-52.75488958107219,80.08980551539418
2026-06-17T17:25:54.427000,2073,-105.26499844496652,75.7437050047235,112.78681883888831,-0.2452424212568564,1.649015103204367,-1.4519510290606348,-27.69039270039647,-55.25251797949356,122.68608120463621,-14.650670767775999,-52.581489077813394,80.21421069180565
2026-06-17T17:25:54.437000,2074,-105.343303195602,75.7211500584937,112.47033491533206,-0.11699290619226188,1.5147984197700908,-0.662679495940798,-28.038934898647966,-55.7273352601134,122.55173849211495,-14.406537551295084,-53.10168369184081,80.15080900712886
2026-06-17T17:25:54.448000,2075,-105.35616291460178,74.81618240983892,112.81496098062101,-0.10079565463727014,0.8355005357020018,-0.5839266335950473,-28.280432753955854,-55.85260609145178,124.39165689373927,-14.459690630280404,-52.8769098588565,79.89840712021528
2026-06-17T17:25:54.458000,2076,-105.42021070331307,75.21933201913745,113.14490910311427,-0.32369970171456275,1.2737554324966673,-1.1010509146785643,-27.352486406724186,-55.53942901310582,122.85750522159118,-14.573553656983655,-53.15627388845452,79.9744566422944
2026-06-17T17:25:54.468000,2077,-105.60733557955811,74.93740881322965,113.58431722124232,-0.2886619989004403,0.8519353516772536,-1.039696804287693,-27.802524788623362,-55.47477379999324,123.37058103217382,-14.164876581302813,-53.19480733362313,79.43450309961017
2026-06-17T17:25:54.478000,2078,-105.76592417690856,75.07555066951693,113.78763874543063,-0.24500700164889547,0.9998457543636379,-0.30318534461454044,-27.86942457156004,-55.7879508783392,124.50378033798566,-14.784707127526687,-53.10168369184081,80.17577638412322
2026-06-17T17:25:54.488000,2079,-105.60971115395935,75.498433964827,113.46602582003936,0.2976615601146546,1.4572765638567042,-0.5437792410430086,-27.73702007065002,-55.54751037237178,123.33776443965246,-14.331615034685594,-52.6681893294428,80.44404339466695
2026-06-17T17:25:54.498000,2080,-105.78203168465191,75.81700328253964,114.31679765442048,-0.26398279698731475,1.4381035922492063,-0.6620721598950274,-27.758726471635576,-55.29292911480824,123.5895329140356,-14.667356607964752,-52.976453442917276,80.50588334415319
2026-06-17T17:25:54.508000,2081,-105.62394458688713,75.59428718887295,114.09523956899687,-0.3556666637251048,1.816098477498244,-0.6997657283991205,-27.625309249566946,-55.31717319260614,123.3296659011422,-14.859440720369022,-52.517268967782016,80.7769017700281
2026-06-17T17:25:54.518000,2082,-105.91995424215177,75.79726959652811,114.93768568401126,-0.28403826239086416,1.9064899653621397,-0.6307687844585494,-28.22245224528639,-55.3636458897434,123.81776006520325,-14.366792142494221,-52.375981967413395,80.83911298094246
2026-06-17T17:25:54.528000,2083,-105.71182353797488,75.87338610745927,114.78476050455878,-0.008744034486031393,2.010575172478148,-0.9822358445788928,-28.070237824641335,-55.234333294025824,124.41179821883493,-14.823647637620448,-53.07920699811728,80.5450602937404
2026-06-17T17:25:54.538000,2084,-105.92020772174146,75.80854555609139,115.29497533811254,-0.008769895603926867,1.6161454712538583,-0.23829788548275033,-28.27248171186197,-55.62226891168614,124.25633743664996,-14.401497373656603,-53.04709694310159,80.49318008084366
2026-06-17T17:25:54.549000,2085,-105.73384224498993,76.05381659598787,114.52512869385262,-0.5775497555742424,1.7503592135972266,-0.6408234755956789,-28.456952151942147,-55.49093651852517,123.88238026914479,-14.834681894533306,-52.91544330402512,81.03104541228583
2026-06-17T17:25:54.559000,2086,-105.8346264384663,75.79444833630986,114.41028261694058,-0.27463932512503464,2.054400368048524,-0.7021851183258991,-28.14103710370204,-55.00803787863938,123.84683673694819,-14.860418082317956,-53.368204389007445,81.01378200277472
2026-06-17T17:25:54.569000,2087,-106.00346084926201,76.19195845227514,115.1489658392681,-0.12697976088798602,2.0735762807469245,-0.608537208836436,-28.467579136712107,-55.45860891196888,124.08573210288003,-14.44503211920567,-53.03104019165651,80.4115215690146
2026-06-17T17:25:54.579000,2088,-105.71822620867867,76.19759794560841,114.28081044749621,-0.559375877947751,2.2324422470531755,-0.4047328120879251,-27.978821660734013,-55.579837978928076,124.22014979830712,-14.369589693185333,-52.745256219780025,80.26516366896571
2026-06-17T17:25:54.589000,2089,-105.89522777516997,75.91285650658558,114.51503765483153,-0.768340611168716,1.9366185005895045,-0.4874536495444062,-27.879441701389474,-55.29494891225163,124.2257092087851,-15.117723711665873,-53.397104472883925,81.14258168326525
2026-06-17T17:25:54.599000,2090,-105.8372113554307,75.37156806810302,114.76237690965944,-0.5598386696556779,1.2326713336494355,-0.39346187270623423,-28.432796350641464,-55.583879743307264,124.60022876457448,-14.920938081460147,-52.90259652371926,80.67033051349014
2026-06-17T17:25:54.609000,2091,-106.03129840048835,75.38566528788454,114.99623176732541,-0.8797733195651197,1.3942783966788306,0.21028588697154832,-27.976215316295118,-55.61418755242018,124.55342078668143,-14.680896382819784,-53.18838394347021,80.66010786737307
2026-06-17T17:25:54.619000,2092,-105.82303273882854,75.24752343159726,114.44979257390179,-0.540179900650698,1.1998017016989266,0.5812981298207743,-27.568095060590736,-55.632372237887914,123.87352584239586,-14.827495155476608,-53.35857102771529,80.53901785016393
2026-06-17T17:25:54.629000,2093,-105.91765657433919,74.98251870568923,115.13285746962131,-0.6209556994754745,1.673664386076342,0.4669252634326281,-28.56499098803703,-55.373747046452756,124.0635309595591,-14.485320604192456,-53.20765066605451,80.79524181505253
2026-06-17T17:25:54.639000,2094,-105.87820158206654,75.49561270460876,114.83204785042899,-0.7829673225413483,1.5695791789603386,0.42331855849182914,-27.50277950175411,-55.549532339307596,123.47946278836646,-14.353383110298333,-52.404878603415376,80.40321658984061
2026-06-17T17:25:54.650000,2095,-105.79763560648263,75.35465261520648,114.4977874339728,-0.31238720547058474,1.6846228907871168,0.12499944558098695,-28.105918184891156,-55.40405485556566,123.75370738857876,-14.71023332078831,-52.838376413687875,80.577581325771
2026-06-17T17:25:54.660000,2096,-105.85056616679353,75.7211500584937,114.35595081600344,-0.41796310562084255,1.7174925227376256,-0.047791946209922595,-27.629413623945258,-55.45860891196888,123.5004820618589,-14.393315743652014,-52.69387599430556,80.38682690590065
2026-06-17T17:25:54.670000,2097,-105.77808900158315,75.83110050232118,114.47625076636211,-0.5684818252110142,1.5476680517205996,-0.32468126289237853,-28.37442361862918,-55.49093651852517,125.08135863342287,-14.929297124877014,-52.745256219780025,80.19360731756198
2026-06-17T17:25:54.694000,2098,-105.88472580883294,75.54917729641338,114.6582788524411,-0.33418024647030337,1.8380125458288858,-0.6394480062008491,-27.431459916076623,-55.43638246212195,123.63178147663068,-14.663843180643042,-52.655345997011416,80.27960868761942
2026-06-17T17:25:54.694000,2099,-105.90829603734568,75.74934147095351,114.9636482114618,0.3097017596597854,1.5668410233280976,-0.7113508053176016,-28.329319785001786,-55.54751037237178,124.26870797130738,-14.454723014193068,-53.21728402734668,80.57179423160913
2026-06-17T17:25:54.700000,2100,-105.96796240155479,75.86774964122925,115.11843250579047,-0.7071351841956479,2.0571414647716675,-1.0969842662440281,-28.07883544257776,-55.4222395410334,123.86467277626211,-14.741416381962015,-52.896176581440805,80.3166563780885
2026-06-17T17:25:54.710000,2101,-105.9618695613703,75.61119961466625,114.89400311790317,0.024616673400309125,1.5641028676958566,-0.8957089993548386,-27.90349069513397,-55.335357878073886,123.93788325178859,-14.850147734800245,-53.15306391731529,81.0266106539524
2026-06-17T17:25:54.720000,2102,-105.81173631649614,75.7859906098616,114.7334913853233,-0.17846821039938193,1.7695351262956274,-0.8057228417420215,-27.702041988456475,-55.49093651852517,124.37977729419487,-14.271827035496438,-52.459468800029086,80.9651593303601
2026-06-17T17:25:54.730000,2103,-105.74337894195956,76.00025200418327,113.57244898118346,0.1851183548944172,2.0653588727592984,-0.8468365023672376,-28.35878528612142,-55.35556453047743,125.01704316224958,-14.596948384603857,-52.79341957836633,80.32843618571783
2026-06-17T17:25:54.740000,2104,-105.75095845916255,75.80008782964312,114.34832734946639,-0.011298854979030104,1.827056982209019,-0.8090950112162946,-28.614565820729876,-55.7879508783392,124.82330597119821,-14.227005703453502,-52.85121974611926,80.10841257850085
2026-06-17T17:25:54.751000,2105,-105.83926367654938,75.9664210983902,113.90683878953585,-0.09865278613435519,2.142053700280183,-0.44649294718932936,-28.11689242464766,-55.46669027123485,124.23215225597131,-14.723095147098864,-53.13700716587021,79.94145998644125
2026-06-17T17:25:54.761000,2106,-105.56586504834183,75.42795089302263,113.29313435637167,-0.6806455986424021,1.5476680517205996,-0.5421177059330589,-27.6552387837496,-55.695007653557106,123.59054509717507,-14.781055576890315,-53.114530472146676,80.54245050862326
2026-06-17T17:25:54.771000,2107,-105.52799500781813,75.24188393826401,113.74729757131325,-0.2566352492039234,1.4052339602987025,-0.44618830010826066,-27.665599814402494,-55.862709417653555,123.75383593501,-14.215119877080369,-53.04067355294866,80.9814198463754
2026-06-17T17:25:54.781000,2108,-105.52504925600894,75.33210069607992,113.1374667228953,-0.23213787883153422,1.6435358508489821,-0.918024971698558,-27.30517918585813,-55.695007653557106,123.71958550545571,-14.62744009793352,-53.20765066605451,79.89971350599122
2026-06-17T17:25:54.791000,2109,-105.5030413765347,75.37438630121802,113.46042251231322,-0.5818324107128663,1.4435799035136883,-0.741813487786523,-27.73934655590249,-55.20402548491292,123.29696622974612,-14.51048884980171,-52.81268630095064,80.63979631674184
2026-06-17T17:25:54.801000,2110,-105.36600200915963,75.3828440276663,112.83928123202939,-0.043769248000171374,1.3915372999556865,-0.521969185228375,-27.735661817570886,-55.878872136185485,123.8025456697453,-14.129391317422758,-52.69387599430556,79.90418175208777
2026-06-17T17:25:54.811000,2111,-105.51036134623624,75.87620736767751,113.14620038860573,-0.7774515956661734,1.139541690153299,-0.7551503774533397,-28.153124735187163,-55.44244402394453,123.15537991180759,-14.795472855668606,-53.01498688808589,79.97011378406604
2026-06-17T17:25:54.821000,2112,-105.3578119114427,75.20805303247094,113.21708480150576,-0.21669170527064632,1.5832758393033495,-0.6627646807389183,-27.934335542099365,-55.9051381809192,123.55637774609791,-14.95580460271232,-53.06315369454667,80.3638807646221
2026-06-17T17:25:54.831000,2113,-105.48160986927886,75.76062045762004,113.47561670595844,-0.35361608516726767,1.5942314029232165,-0.9870630940231414,-28.072479746830236,-55.47477379999324,124.13595659454865,-14.605355460785283,-52.84800977498004,79.55030279100231
2026-06-17T17:25:54.841000,2114,-105.6493953968606,75.84237646188446,113.99746815972476,-0.051745829922905634,1.3394946963976848,-0.7066779908771634,-28.2775091671062,-55.414158181767434,123.61850485261472,-14.338429798786722,-52.825533081256495,81.15852054891285
2026-06-17T17:25:54.852000,2115,-105.65105918148414,75.92131423303385,113.42702789756358,-0.2483417715277148,1.5476680517205996,-1.1706531547113084,-27.745579336587312,-55.45860891196888,123.95450117136609,-14.512544295861268,-53.297560888823135,80.19947086310476
2026-06-17T17:25:54.862000,2116,-105.93461617594733,75.96923933150521,114.4358941538404,-0.02485873704650876,2.1174014763173004,-1.1578776365597792,-27.852967182919535,-55.44648578832373,124.81809187109275,-14.868068292556828,-53.22049399848591,80.99182629270258
2026-06-17T17:25:54.872000,2117,-105.6095934312398,76.20323441183842,113.86865138248963,-0.055879769164271675,1.6079280632662323,-1.6969411646701587,-28.11662531880457,-55.76774422593565,124.19209774634417,-14.49588439013554,-52.709932745750635,80.5402293494001
2026-06-17T17:25:54.882000,2118,-105.92990406523145,75.5660927493099,115.22886301578255,-0.22455402892219511,1.6051869665430833,-1.3405549260446032,-28.195628840732837,-55.517202563258884,124.13504400554211,-14.742141001259618,-52.61359913282909,80.80559773764894
2026-06-17T17:25:54.892000,2119,-105.70507656722503,76.53590094933259,114.42481085372847,0.15535847292254626,1.476449535464197,-1.2743727781329823,-27.789468924964893,-55.34141943989647,123.63805483712788,-14.88808033551444,-52.671399300582024,80.83785931171029
2026-06-17T17:25:54.902000,2120,-105.47027059685968,76.17786123249363,113.87241604529272,-0.24094727681828726,1.9420977529448893,-0.8293402471284125,-27.715113959621405,-55.59196110257324,123.61350726776747,-14.90467365466802,-53.02462024937806,79.85480297240763
2026-06-17T17:25:54.912000,2121,-105.74431010245397,75.77189641718331,114.19190631219489,0.013872892551724136,1.851706265080994,-1.0128047327109637,-28.171331631474764,-55.65257672079904,123.8840184334765,-14.599443754202582,-52.857643136272195,80.30795329716591
2026-06-17T17:25:54.922000,2122,-105.5744091349475,75.60556314843623,113.47614851109898,0.12482635555506327,2.0790525920114065,-0.6075919616282931,-27.813529040955697,-55.636411832774684,123.0176959037248,-14.233665533311765,-53.22049399848591,78.90586699664391
2026-06-17T17:25:54.932000,2123,-105.52732910208306,75.32082170941341,113.54845360138667,0.029942252093179245,1.3696261727159527,-1.1364649449636839,-28.210079769354635,-55.75158150740371,124.96795291387853,-14.538678393064506,-53.2558174725153,80.59218900011248
2026-06-17T17:25:54.943000,2124,-105.44579214987382,75.24188393826401,113.07424180077645,-0.4133627438041995,1.2271920812940504,-0.8559784223010265,-27.973475331982044,-55.57175661966211,123.75155366453203,-14.718162208141571,-53.04709694310159,80.93599562752787
2026-06-17T17:25:54.953000,2125,-105.61173785975464,75.36592857476977,113.51972780425004,-0.5431352387406864,1.6928402987747428,-0.20054886199245026,-27.96920126013652,-55.527305889460656,123.27691881047194,-14.915057259510963,-53.098473720701584,80.18286767124806
2026-06-17T17:25:54.963000,2126,-105.48993458516782,75.17422212667788,113.49132239063262,-0.5078142868746172,1.3668850759928037,-0.6521795179382728,-27.468356724013343,-55.775827754694035,123.93652519562312,-14.527368226725198,-52.88654322014865,79.72583307611632
2026-06-17T17:25:54.973000,2127,-105.46273696369934,75.50689169127527,113.34984256804152,-0.47725912833200584,1.2901902484719192,-0.2757224110667995,-28.059703742358206,-55.644495361533075,124.11095762103477,-14.819515467670819,-53.43242794691331,80.48201454081621
2026-06-17T17:25:54.983000,2128,-105.66371035730798,75.95232387860868,113.66766947151112,-0.412813176792147,1.4435799035136883,-0.6163871861832697,-27.839685348240124,-55.71723193391162,123.88164819417158,-14.949672400123243,-52.59112243910555,80.12847335339572
2026-06-17T17:25:54.993000,2129,-105.56771921509197,75.80572732297637,113.43283248983266,-0.30036534338421217,1.5668410233280976,-0.9119383375093764,-27.777808697609732,-55.74147818120194,124.83964321995595,-15.054249821913267,-53.32325100156038,80.14295484624725
2026-06-17T17:25:55.003000,2130,-105.73802386752999,75.20241656624093,114.29322631871489,-0.2592479020159281,1.5202747310345728,-1.093970240720653,-28.419855633962406,-55.45456714758969,124.10514785265048,-14.798676721242447,-53.09205033054866,81.06113177717648
2026-06-17T17:25:55.013000,2131,-105.88180508537205,75.5407195699651,114.54150614021171,0.34129432711567204,1.816098477498244,-0.850508532776114,-27.83112272813969,-55.38991193447711,123.43118039583614,-14.796733507699496,-52.22505815787814,80.2760879091115
2026-06-17T17:25:55.024000,2132,-105.86304722921003,75.39975948056282,115.04899898969467,-0.40211163915320963,1.2463650529015435,-0.45084879606287637,-28.197056120709078,-55.20604745184873,124.23783427588603,-14.916439911534033,-52.388825299844775,80.51845253736163
2026-06-17T17:25:55.034000,2133,-105.82900098899452,75.45896356570069,113.97763548376983,0.09062731696373384,1.5202747310345728,-0.594594153163712,-28.186242179239468,-55.48487495670259,124.22946645655381,-14.439402677896304,-53.07599702697805,79.67200329575684
2026-06-17T17:25:55.044000,2134,-105.78834389555308,75.79726959652811,114.70853551236088,-0.674782131312899,1.9064899653621397,-1.06490601319564,-27.9370109134354,-55.5111410014363,123.79067825816034,-14.577141051532987,-53.07599702697805,80.53175223868367
2026-06-17T17:25:55.054000,2135,-105.54504751620959,75.48715497816049,113.92334999999673,-0.12203442490856634,2.0763144363791657,-0.9349111446987344,-28.286524698023335,-55.27878402422728,123.91404963244742,-14.793617989796418,-52.857643136272195,80.45979479909656
2026-06-17T17:25:55.064000,2136,-105.79261459153344,75.9410479190454,114.61684226016254,-0.5302958698330276,2.4022667180701966,-0.24532506257082146,-27.465234486877733,-55.14947359800212,123.85715828072469,-14.788788497023747,-53.127373804578056,80.54023312945657
2026-06-17T17:25:55.074000,2137,-105.72579628470316,76.1468515869188,113.95746779912494,-0.3978770753830271,2.0626177760361495,-0.6491615761821532,-28.197144037935736,-55.19594412564695,124.3066087568878,-14.813508032761888,-52.64249921670555,80.27621707703616
2026-06-17T17:25:55.084000,2138,-105.74020206560692,76.00025200418327,114.13427916470287,-0.33728933769172526,1.5668410233280976,-0.8797701135163972,-28.15101588153239,-55.347481001719046,124.73262778203409,-14.989395710622617,-53.098473720701584,80.37401071701237
2026-06-17T17:25:55.094000,2139,-105.6352112212422,75.26161762427554,113.9879694805641,-0.15240500356102196,1.662708822456475,-0.4619061475107302,-27.79384539044646,-55.23029369913905,123.682662262405,-14.603956685439723,-53.01177346907219,79.83727744699067
2026-06-17T17:25:55.105000,2140,-105.88445846774661,75.01634658437906,113.8712598006835,-0.1918070995836632,1.2217128289386656,-0.5273641684874001,-28.3793681419069,-55.8465445296292,124.20848832331913,-14.293448582330464,-53.20765066605451,80.26229554799926
2026-06-17T17:25:55.115000,2141,-105.51415348465224,75.37720756143628,113.19939614315854,-0.015952345398308698,1.2408858005461585,-0.6479596045397916,-27.83363674143184,-55.697027451000494,123.02913003611025,-14.798766811792557,-52.86085310741142,80.76959319493004
2026-06-17T17:25:55.125000,2142,-105.66270864507642,75.24188393826401,113.70414708207397,-0.49610153495810594,1.0217598226942797,-0.43219457559580293,-27.62816217842235,-55.58994130512985,123.53524075351855,-14.630966880889787,-53.23976072107021,79.50342943404483
2026-06-17T17:25:55.135000,2143,-105.63004313432955,75.33773716230995,113.65018182597859,-0.1850760966396322,1.0464120466571576,0.24131551517873406,-27.794936537682492,-55.56569505783953,123.17782652268501,-14.517000408001865,-53.435637918052535,80.34147722269235
2026-06-17T17:25:55.145000,2144,-105.55812148564326,75.41103846722933,113.70247342572151,-0.46399808442585044,1.468232127476571,-0.2833204501258877,-27.471211283965815,-55.450527552702916,124.14210573631094,-14.602678504409866,-52.745256219780025,80.15385794187071
2026-06-17T17:25:55.155000,2145,-105.55978910360986,75.54354083018335,113.86483978508524,-0.2237682313775993,1.7257099307252515,0.04779916648914672,-28.105981074802145,-55.42021974359001,124.48754862035537,-15.057509100907136,-53.32325100156038,80.62128572741845
2026-06-17T17:25:55.165000,2146,-105.38755635941783,75.93541145281539,113.15427258555121,-0.10813930962887383,1.8790995857670207,-0.6259359607913211,-27.925652789759333,-55.74551994558114,124.03472790970731,-14.68373322360848,-53.470961392081925,80.09603096555902
2026-06-17T17:25:55.175000,2147,-105.82446236495275,75.32082170941341,114.68460792473344,-0.5291789937924625,1.8900551493868876,-1.0317061871565398,-27.869435693806345,-55.65661848517823,124.17124736157908,-14.514023013413443,-53.25260750137607,79.93223533164357
2026-06-17T17:25:55.185000,2148,-105.93027189427394,75.74934147095351,114.8171169286685,-0.42486505471265956,1.840750701461127,-0.9704392196801612,-28.03666133278614,-55.62428870912953,123.65890442393133,-14.663347800018798,-52.61681255184279,80.4724426364989
2026-06-17T17:25:55.195000,2149,-105.9150803985886,75.64503052045931,114.47768146494147,-0.5188991490941915,1.5860139949355905,-1.077213258932708,-28.301060761048742,-55.98393848461274,124.81573381974725,-14.56449452305581,-52.64249921670555,80.5946647151285
2026-06-17T17:25:55.206000,2150,-105.84275681198685,75.64503052045931,114.75173796775023,-0.26670775270351765,2.0680970283915396,-0.6429017443666324,-27.9906901205066,-55.48487495670259,124.72126943051614,-14.917491240710582,-52.73562285848787,81.08635370996369
2026-06-17T17:25:55.216000,2151,-105.75684180854218,75.93541145281539,114.46877251774049,-0.011796437830853601,2.196834459470426,-0.5755089224334372,-28.111421457766966,-55.39799329374308,124.85864950379236,-14.308500389856247,-53.085630388270204,80.47043876524893
2026-06-17T17:25:55.226000,2152,-105.97000901541556,75.82264277587291,114.9323815165724,-0.31790125684537873,2.207790023090293,-0.6575812454601355,-27.724014343559098,-55.365665687186784,124.67160676447826,-14.680129705736656,-53.018196859225114,80.16129489127168
2026-06-17T17:25:55.236000,2153,-105.79749414235457,76.54435867578084,114.40735934832684,-0.5655006260031297,1.9749673848953981,-0.2867722301752988,-27.960950897186642,-55.2747444293405,124.09913728670209,-14.403300033399828,-52.78699963608788,80.30490515604583
2026-06-17T17:25:55.246000,2154,-106.07045611545564,75.42795089302263,115.05285253205747,-0.745093505549249,1.8051429138783772,-0.37532384730047696,-28.005448709407645,-55.50710140654953,124.2641082270882,-14.173811972359138,-52.91544330402512,80.35094775104993
2026-06-17T17:25:55.256000,2155,-105.73449300228859,75.24188393826401,114.29423877803059,-0.5498576451765604,1.3614087647283217,-0.6214823085076968,-28.14045514083648,-55.54751037237178,125.09684824669728,-14.813338000005123,-52.91222988501141,80.54801653475545
2026-06-17T17:25:55.266000,2156,-106.25382182345959,75.0191678445973,115.26264011727994,-0.6230676696262812,1.46549397184433,-0.06669810496474689,-27.82967157257377,-55.60004463133162,123.99345038999392,-14.672104752854288,-53.19480733362313,80.40570098708957
2026-06-17T17:25:55.276000,2157,-105.73057151422503,75.42231442679261,114.21394340463588,-0.46609286156032337,1.470973224199715,-0.121451344221487,-27.878758313662733,-55.35556453047743,123.34299016506391,-14.529401530818213,-53.104897110854516,80.21933836193485
2026-06-17T17:25:55.286000,2158,-105.67564194976921,75.1657644002296,113.75924362473314,-0.1328866158695612,1.2217128289386656,-0.21117998932358134,-27.83448484136558,-55.43436266467856,124.3819310182416,-14.368312917831952,-53.018196859225114,80.58174906602218
2026-06-17T17:25:55.297000,2159,-105.58800834537536,75.15448844066633,113.73008902368473,-0.8196906167914111,1.1970606049757828,0.039390945783258136,-27.732099422961948,-55.55761369857356,123.54557448525452,-14.412019101814213,-52.95076333018004,80.22829599865027
2026-06-17T17:25:55.307000,2160,-105.86294429427309,75.2926302969536,114.47906046909893,-0.23798494612711668,1.7750114375601094,0.4741259382731805,-27.818123138034963,-55.476793597436625,124.59875298932208,-15.053892227400805,-53.059940275532966,81.3091083816113
2026-06-17T17:25:55.317000,2161,-105.78860004844486,75.52662537728682,114.02993261661211,0.11699211031281757,1.490146195807213,0.10560399354666117,-27.612872731998205,-55.21210901367131,123.74602400431402,-14.433939681184766,-52.80947632981141,80.53822435603017
2026-06-17T17:25:55.327000,2162,-105.71266958527085,75.70987409893043,114.22812065087307,-0.5477542715339113,1.5750584313157234,-0.43560517726120707,-27.881228989695632,-55.450527552702916,124.27106522469118,-14.079766427070169,-52.65855596815063,79.76030446923137
2026-06-17T17:25:55.337000,2163,-105.78258477553815,76.00870973063154,113.88237885331137,0.07791939934359512,1.85992367306862,-0.34740691794046435,-28.23887799025399,-55.14947359800212,124.33477283962621,-14.54980274052751,-52.96682008162512,80.78663553641145
2026-06-17T17:25:55.347000,2164,-105.93679612104035,75.57737173597641,114.6433479306806,-0.11682081560208885,1.659970666824234,-0.3348381616227094,-27.838705993820433,-55.333338080630504,123.79019815039165,-14.979009338091732,-52.857643136272195,80.04594681179367
2026-06-17T17:25:55.357000,2165,-105.93436781664046,75.76625692385005,114.81141560935642,-0.4170555261459228,1.5339713913775888,-0.7658234712449867,-28.120478123506242,-55.38183057521115,123.99033131137693,-14.697540165223018,-52.78378621707418,80.94190890317968
2026-06-17T17:25:55.367000,2166,-105.91283640840356,75.37156806810302,114.62307670135044,0.035023265669730186,2.0790525920114065,-0.9126767410465223,-28.17291422447775,-55.517202563258884,124.62314899694749,-14.728049407551648,-53.05352033325452,79.8906316035276
2026-06-17T17:25:55.377000,2167,-105.81818183728669,75.59428718887295,114.11644080034785,0.1423509241586718,1.7804906899154944,-1.2096960789049283,-27.66022510417172,-55.220190372937275,124.11657548538795,-14.833550623150135,-52.69708941331926,80.4434051151566
2026-06-17T17:25:55.388000,2168,-105.82591969272731,75.62247860133276,114.37658886190354,0.01726523282513015,2.046182960060898,-1.2854673917320987,-28.31431633475026,-55.80411359687113,124.02074871229502,-14.685115875631544,-52.9282866364565,80.43161583167259
2026-06-17T17:25:55.398000,2169,-105.75628454500199,75.63375456089604,114.1703799375041,0.16030965706076025,2.0954874079866586,-1.253001264920894,-27.78025531510181,-55.43436266467856,123.87002704810482,-14.475833057080356,-52.23469151917029,80.6843239202297
2026-06-17T17:25:55.408000,2170,-105.59964394747101,75.59428718887295,113.57747881053886,-0.05389729493397827,1.1066720582027902,-1.1918579144337664,-28.389114811730146,-55.44446599088034,124.05663161786964,-14.514709748289908,-52.85121974611926,80.4113091832178
2026-06-17T17:25:55.418000,2171,-105.65006258953542,75.40821720701109,114.19631661774372,-0.08351209187597866,1.8955344017422726,-0.7214886412992647,-27.97221611837589,-55.49093651852517,123.95257639922008,-14.762272276521461,-52.81910969110357,80.68124229134649
2026-06-17T17:25:55.428000,2172,-105.46373216928575,75.92131423303385,113.61645088580377,-0.1688588321255194,1.5339713913775888,-0.7716150306460439,-27.662241055339663,-55.25049818205017,122.63681637922637,-14.490160245308573,-52.90259652371926,80.40352577791892
2026-06-17T17:25:55.438000,2173,-105.52781545323232,75.3828440276663,113.10048315440275,-0.06735239775643381,1.5449269549974558,-0.5942887180061343,-27.629130410595728,-55.68692412479872,123.95922377370505,-15.013733123061709,-53.06315369454667,80.6437219634896
2026-06-17T17:25:55.448000,2174,-105.32135028069507,75.79726959652811,112.74351864364127,-0.16608692948326217,1.325798036054669,-0.6653563983783018,-27.986264089797455,-55.515182765815496,123.44402534995079,-14.081879673369846,-52.84800977498004,80.27354887957709
2026-06-17T17:25:55.458000,2175,-105.57500924857447,75.42231442679261,113.66144056342256,0.17194375277456386,1.4600147194889452,-0.7622528603527922,-27.574444619352114,-55.38587017009792,123.7685117554492,-14.320866835542596,-53.242974140083916,80.02715137479863
2026-06-17T17:25:55.468000,2176,-105.34002675757915,75.37720756143628,112.82863675702086,-0.10549804734957235,1.665446978088716,-0.7220911911985642,-27.82504526048158,-55.46669027123485,123.40998574734326,-14.1301552268179,-52.89938655258003,80.40299552181091
2026-06-17T17:25:55.479000,2177,-105.63347443790076,75.32927943586168,113.44564102483224,-0.32109678985310275,1.3723643283481937,-0.974888955731041,-28.030596618471392,-55.77380578775823,123.30518248734332,-14.367473679197682,-52.83516644254865,79.75192005224176
2026-06-17T17:25:55.489000,2178,-105.3987562540359,75.67322496002237,113.03345085124363,0.028728382391147833,1.4545384082244632,-0.9486865769681015,-27.767226681196085,-55.583879743307264,123.306171655179,-14.159086874712296,-52.95076333018004,80.22176434684187
2026-06-17T17:25:55.499000,2179,-105.57794988010079,75.72960778494198,113.53846030222324,0.030317791090221924,1.131324282165673,-1.2247186592706312,-27.974582586724516,-55.51922453019469,122.74792170333875,-14.262930934537698,-52.53974566150555,80.05858708908302
2026-06-17T17:25:55.509000,2180,-105.49610914394108,75.69577687914891,113.1231455754779,-0.06740908563303344,1.8078810695106182,-1.241337747467138,-27.145872762348173,-55.44446599088034,122.63582071174268,-14.796903540456267,-53.368204389007445,80.0042884513922
2026-06-17T17:25:55.519000,2181,-105.432469361057,75.46460305903395,113.30424338780783,-0.07056431285590964,1.3805817363358197,-1.6070917306089152,-27.975821278904085,-55.67682296808937,123.04569029977422,-14.086427281737027,-52.857643136272195,80.12402155909466
2026-06-17T17:25:55.529000,2182,-105.44155556276645,75.94668741237865,113.35591623702294,-0.35472577106650094,1.5997106552786062,-1.9878627198934193,-27.765193960199447,-55.426281305412594,122.72196331224913,-14.783510294379958,-53.162697278607446,80.51210090570684
2026-06-17T17:25:55.539000,2183,-105.64039360838493,75.67604319313737,113.71958976659168,0.011816465835111312,1.9530533165647563,-1.0732528161613246,-27.638819175768145,-55.14947359800212,122.90726259141223,-14.184952443144596,-52.81268630095064,79.92283476524698
2026-06-17T17:25:55.549000,2184,-105.40144340597257,76.01152796374654,112.55318093594303,0.4450501026752642,1.8352714491057371,-1.376579038568375,-28.296703185896703,-55.16159672164728,124.27232937503517,-14.34622828068371,-52.66497935830357,80.23233835103326
2026-06-17T17:25:55.560000,2185,-105.59439448128043,76.2652567300913,113.83230211881593,-0.011599630565171604,1.9147073733497706,-1.1654792917254777,-27.892238227288097,-55.4868969236384,123.75191685117548,-14.263003496088844,-52.88975319128788,80.38960312676207
2026-06-17T17:25:55.570000,2186,-105.5123660576391,75.239065705149,113.07324965557234,-0.5043010471888374,1.7174925227376256,-1.2440482959493022,-28.14550647167043,-55.38183057521115,123.79395539816036,-14.319320125741802,-52.340658493384,79.65208415107605
2026-06-17T17:25:55.580000,2187,-105.50725502162075,75.7183318253787,113.05209563055084,-0.33939741505076304,1.4052339602987025,-1.2395189493232845,-27.6419330734805,-55.40405485556566,123.31916168475557,-14.240268206870615,-53.002140107780036,79.88227199206817
2026-06-17T17:25:55.590000,2188,-105.8393753527001,75.48433674504548,114.17369559817054,-0.5009443089839095,1.7092751147499947,-1.2943929775391718,-27.539806992836702,-55.428301102855976,122.68912370442403,-14.726405226545268,-53.29435091768392,80.11837987520332
2026-06-17T17:25:55.600000,2189,-105.55443366852649,75.09246612241346,113.183319153822,-0.08258731938468772,1.649015103204367,-0.7440276920325424,-27.97999132601643,-55.697027451000494,123.95034689430584,-14.490256310837683,-53.2044406949153,79.80070538034416
2026-06-17T17:25:55.610000,2190,-105.36308128569874,74.8641105354135,112.72250851980004,-0.4167636805857631,1.2189746733064246,-0.9310620004307768,-28.051840617490992,-55.62428870912953,124.04441264494723,-14.848277082808444,-52.61681255184279,80.57258282356646
2026-06-17T17:25:55.620000,2191,-105.71958492241195,75.37720756143628,113.76926277110749,-0.5303447721260519,1.0135424147066487,-0.544625026850839,-27.61235577954452,-55.917261304564356,123.16711227731331,-14.587783374006294,-52.963610110485895,80.29647399538193
2026-06-17T17:25:55.630000,2192,-105.84271092794421,76.00589149751653,114.49843307671854,-0.25797230720310355,1.1285831854425241,-0.28695130215074927,-27.723620306168065,-55.43436266467856,123.16387627757105,-14.445777474793296,-53.130583775717284,79.96662728694298
2026-06-17T17:25:55.640000,2193,-105.84272095609779,75.45050583925243,114.19535585284987,-0.41230114927339084,1.1778876333682897,-0.15448158874085804,-28.225715319039296,-55.36970745156598,125.03226918301348,-14.994291789967393,-53.1691172208859,80.9358702396597
2026-06-17T17:25:55.650000,2194,-105.64842536786415,75.37720756143628,113.85751650384252,-0.48254165289060874,1.4244069319061954,-0.08341195025231282,-28.04129876712464,-55.549532339307596,123.90983609017543,-14.502648690987055,-52.56222235522909,79.98984912853672
2026-06-17T17:25:55.661000,2195,-105.74113927267015,75.21651075891921,114.08425412462933,-0.1380893397830688,1.468232127476571,-0.11575924622074485,-28.14315774192534,-55.68894609173452,124.49981956087984,-14.426874942120207,-53.25260750137607,80.07580753497636
2026-06-17T17:25:55.671000,2196,-105.94404459137587,75.18267985312615,114.98506102027567,-0.5511896659415464,1.4463210002368372,-0.11449703344570544,-27.96076058632391,-55.5757983840413,124.4603902344833,-14.414700290289282,-53.002140107780036,80.87972249779554
2026-06-17T17:25:55.681000,2197,-105.96249832427654,75.85647368166597,114.53646048483708,-0.24261453079548717,1.3997547079433126,-0.28254753063034976,-28.20045323177099,-55.8768523387421,124.19099165738321,-14.386811566107374,-53.29435091768392,80.37386908679828
2026-06-17T17:25:55.691000,2198,-106.36902471170748,75.30390625651688,115.75433507533027,-0.29922119985890694,1.9777055405276391,-0.3073304335843514,-27.78014630510851,-55.30101047407421,124.46631203364304,-14.479108459396718,-53.93656580949564,80.540095279299
2026-06-17T17:25:55.701000,2199,-105.95864039375242,75.73242601805698,114.46971281268124,-1.09810172150126,1.6983166100392248,-0.19721316659293592,-28.09043344234415,-55.51922453019469,124.49200683222217,-14.420214087453354,-52.745256219780025,79.7120904451131
2026-06-17T17:25:55.711000,2200,-105.87063150604206,75.81982151565465,115.15539049880024,-0.7210906182192895,1.9201836846142526,-0.2658297691100394,-28.848472642273762,-55.32727651880792,126.47047066129542,-14.728689911278183,-52.671399300582024,80.35982973000617
2026-06-17T17:25:55.721000,2201,-106.09626125362877,76.23142582429823,115.51590360680966,-0.3798655473961454,1.846229953816512,-0.21929226532761353,-28.139656606130327,-55.29899067663082,124.97668391985418,-14.699596973294039,-53.01177346907219,80.50157775374443
2026-06-17T17:25:55.731000,2202,-106.14438014155363,75.52098588395357,115.9635075089518,-0.4919378418070376,1.6106662188984733,-0.011994828308454109,-28.003027598602316,-55.13128891253437,124.56866982274911,-14.697580817332064,-52.46589219018202,80.95177561754419
2026-06-17T17:25:55.741000,2203,-105.90569424627171,75.92131423303385,115.21771231111622,-0.4502817008775193,1.827056982209019,-0.47606192120356494,-28.144943399134434,-55.43638246212195,124.54516988847448,-14.765565207836785,-52.909019913872186,79.91445903049028
2026-06-17T17:25:55.752000,2204,-106.0287614538936,75.39694124744781,115.26384805631102,-0.3530434769801055,1.82431588548587,0.29576606547077233,-27.713043457965718,-55.40607682250147,124.02689296370752,-14.539249102927833,-52.9796634140565,80.73037029529029
2026-06-17T17:25:55.762000,2205,-106.00752300206642,75.74934147095351,114.95328809572842,-0.5617930654766496,1.312104316802561,0.4924410775380184,-28.04026053927928,-55.814216923072905,125.48103955180547,-14.653289543043371,-53.111317053132964,80.22334344649826
2026-06-17T17:25:55.772000,2206,-105.95563700407385,75.66476723357408,114.94554657522207,-0.4596661934763967,1.5586236153404667,0.2908460988890566,-28.467719973329448,-55.7273352601134,125.22087430579184,-14.956803725759906,-52.706722774611414,81.23318802745686
2026-06-17T17:25:55.782000,2207,-105.93770130555757,75.4194961936776,114.76974739723164,-0.4044129645039459,1.7421447467005036,-0.22062930253131768,-28.25209856611952,-55.428301102855976,124.53738097308226,-13.91053683618836,-53.24618411122314,80.0262287127402
2026-06-17T17:25:55.792000,2208,-106.01195601786921,75.77471465029832,114.7122696840192,-0.7605193862844092,1.470973224199715,0.4126529970395365,-28.460059912668346,-55.61216775497679,124.46054909382796,-14.94035488576791,-53.09205033054866,79.74575600085359
2026-06-17T17:25:55.802000,2209,-105.8042597342301,75.41667493345935,114.52755153763611,-0.37680065475135927,1.3778435807035787,-0.10439841773168548,-27.85208686797283,-55.39597349629969,124.46288333190802,-14.98427141741307,-52.73240943947417,80.6966385576453
2026-06-17T17:25:55.812000,2210,-105.7791963220537,75.27571484405706,113.97381912654487,-0.187259270927376,1.0628468626324143,0.15232810164389204,-28.479359679258025,-55.333338080630504,124.51807725408726,-14.794586609078372,-52.443412048584,81.00795764079322
2026-06-17T17:25:55.822000,2211,-105.869091151396,75.74934147095351,114.6537180676057,-0.22972592607699915,1.153235409405407,0.14585280561538155,-28.62384068940685,-55.38991193447711,125.32516930368644,-14.686683321722363,-53.316827611407454,79.8728474137631
2026-06-17T17:25:55.832000,2212,-105.88056409435835,75.34055539542496,114.65042825415017,-0.3698911820003859,1.7722732819278684,-0.7950553221733566,-28.05367305710461,-55.50710140654953,125.32240042579176,-14.548664088488788,-53.06315369454667,80.51027215243408
2026-06-17T17:25:55.842000,2213,-105.99283509229369,75.91849599991885,114.96202176143885,-0.6161976917355737,1.2600617132445593,-0.7089115645656461,-28.067919107472086,-55.27070266496131,124.2863323857129,-14.720956991144714,-53.181960553317275,80.36204710917289
2026-06-17T17:25:55.853000,2214,-105.92079934181885,75.33773716230995,114.38104610205373,-0.18517309030107926,1.7037958623946097,-0.3572872414113991,-27.959165239977555,-55.62024911424275,124.05378695910744,-14.555184389355954,-53.28150413737805,79.90067044943453
2026-06-17T17:25:55.865000,2215,-105.47451801150781,76.118660174459,113.654065587758,-0.18039204138606896,2.2598326266482944,-0.4898861460335162,-27.840293572083585,-55.14139006924373,124.36306546879588,-14.532312338834526,-52.86406652642512,79.98628239997628
2026-06-17T17:25:55.873000,2216,-105.66370256372306,76.10174472156247,113.97075091174389,-0.08096426398414219,2.172182235507543,-1.4162486682502307,-28.053015268033576,-55.56367526039614,123.60834649587922,-14.799546844510191,-53.01498688808589,80.64584744255124
2026-06-17T17:25:55.883000,2217,-105.53706734803092,75.88748332724079,113.36924102287207,-0.1369302205328374,1.9064899653621397,-0.9505830275707262,-28.00884246630647,-55.28686755298566,124.38353454196357,-14.895591397630058,-52.33744852224477,79.84258971095176
2026-06-17T17:25:55.893000,2218,-105.4978009908688,76.20323441183842,113.41216886844984,0.28853808631721456,1.4545384082244632,-1.3330967386933312,-28.099268153547797,-55.49901787779115,124.81626589511805,-14.391973743738031,-52.655345997011416,80.06110875415159
2026-06-17T17:25:55.903000,2219,-105.56504859795403,75.59428718887295,113.30693925293951,0.15933564875864037,1.1888431969881568,-1.70363875101172,-28.050506240001585,-55.21210901367131,123.84413361053836,-14.448364340618564,-53.361784446729,79.65461071832105
2026-06-17T17:25:55.913000,2220,-105.34563800624343,75.09246612241346,112.83154973271475,0.10034121255821893,1.5832758393033495,-1.575187763389507,-27.655342808482736,-55.197963923090335,123.16052335670354,-14.872897785329496,-53.02462024937806,80.91138796234256
2026-06-17T17:25:55.924000,2221,-105.51656967457158,75.80572732297637,112.96799999767865,0.01008278303072968,1.3997547079433126,-1.695129110789145,-27.72584276668744,-56.032430979193386,123.55309980813624,-14.221535706954292,-53.73747864137409,79.71965278238225
2026-06-17T17:25:55.935000,2222,-105.33343336543794,75.27007535072381,112.62244365864066,-0.22031557236022553,1.8681410810562458,-1.364993173573385,-28.047016226452875,-55.55761369857356,123.98846499310613,-14.46206540556339,-53.26545083380745,79.84831839277172
2026-06-17T17:25:55.944000,2223,-105.41240914209132,75.65348824690757,113.23761481462832,0.004133684839506047,1.2901902484719192,-1.24932923451202,-27.5409894114625,-55.26666090058211,122.08679351232763,-14.229403982714485,-52.49157885504477,79.12448741580346
2026-06-17T17:25:55.954000,2224,-105.19326776538192,76.02844341664307,112.14695059373065,-0.4767763236649585,1.8024047582461362,-1.3786767586190167,-27.62818605401203,-55.62024911424275,122.87018048901686,-14.532710248253155,-52.825533081256495,80.39626394649513
2026-06-17T17:25:55.964000,2225,-105.12690031446562,75.79444833630986,111.88552153960339,-0.03497348375578846,1.4874080401749719,-1.306148424053892,-28.265277344840676,-55.62833047350872,123.34108840822167,-14.243854195743467,-52.78699963608788,80.439562686281
2026-06-17T17:25:55.974000,2226,-105.13303505710796,75.69859511226392,111.99685067130605,-0.039630533449030836,1.3668850759928037,-1.1450109774237933,-27.755815638129334,-55.38587017009792,122.48385358481592,-14.739333639427924,-53.233340778791764,80.12455638888089
2026-06-17T17:25:55.984000,2227,-104.91917329522029,75.48433674504548,111.87723238793721,0.17032432824136812,1.155973565037648,-1.877210594637511,-27.768415236808032,-55.35758432792082,122.53757173174276,-14.398495450281633,-52.78378621707418,79.45151195332846
2026-06-17T17:25:55.994000,2228,-105.56698319635316,75.61683910799951,112.85402669526617,-0.3072192011075873,1.155973565037648,-1.5352828186694951,-27.508794079501232,-56.08900483304,122.76681620508276,-14.509071520648604,-53.271874223960374,79.98306292093548
2026-06-17T17:25:56.004000,2229,-105.13086897351157,75.21651075891921,112.21912629212213,-0.038043080116944794,1.2326713336494355,-1.594913976210211,-27.543841188591916,-55.387892137033724,122.29237485097708,-14.563854019329277,-53.368204389007445,80.12546658864991
2026-06-17T17:25:56.014000,2230,-105.48922279539012,75.5660927493099,113.03917352967429,-0.03116725406746146,1.4600147194889452,-1.889381986736729,-27.551960297055878,-55.40607682250147,122.73150731309836,-14.35916543623335,-52.6681893294428,79.92723225576079
2026-06-17T17:25:56.025000,2231,-105.37813003031626,75.7859906098616,112.97151140978869,0.040756092636314745,2.0954874079866586,-1.637878910984078,-28.02766190937547,-55.53942901310582,122.86456342262534,-14.045119377015787,-52.87369988771727,79.49354946376916
2026-06-17T17:25:56.035000,2232,-105.6307002988508,76.20323441183842,114.15210750786622,-0.38669743679341245,1.7366654943451185,-1.760449238174369,-27.750408712885616,-55.30303027151759,123.84418557814044,-14.977443297677382,-52.94755335904082,80.60472013187956
2026-06-17T17:25:56.045000,2233,-105.36022810136205,75.93259019259713,112.98568865602584,-0.09913699716822749,1.9694881325400133,-1.4784655872439962,-27.835435151984278,-55.23635526096163,122.74195307560979,-14.508699545693041,-52.74204280076633,80.20551251305949
2026-06-17T17:25:56.055000,2234,-105.55173534973821,75.97769705795348,113.60026033059032,-0.44547949456100133,1.8681410810562458,-1.5264704894822243,-27.785282770346033,-55.309091833340176,123.23219446406956,-14.648839405881766,-52.66497935830357,79.77005527158235
2026-06-17T17:25:56.065000,2235,-105.46149597268563,75.77189641718331,113.45876468197993,-0.2981782763046613,2.2214866834333087,-0.6490763913840384,-28.306365292656388,-55.39395369885631,123.88542925520574,-14.363856805691354,-52.86406652642512,80.43974270643461
2026-06-17T17:25:56.075000,2236,-105.45782459094502,75.88748332724079,113.36934878392147,-0.11020822564545069,1.7037958623946097,-1.2080048139830653,-27.86481436697434,-55.29494891225163,123.42151947386165,-14.38320066758005,-52.74204280076633,80.75040992566284
2026-06-17T17:25:56.085000,2237,-105.63289935262208,75.89875928680407,113.7534071086973,-0.05463977641990653,1.6079280632662323,-0.6676042486689845,-27.80814934546477,-55.412138384324045,123.54669869916945,-14.367752356312074,-53.01498688808589,80.13229006407076
2026-06-17T17:25:56.099000,2238,-105.53940215867237,75.43922987968915,113.73045584025472,-0.4175961631319755,1.7969255058907512,-0.48379189766776265,-27.956475392232107,-55.695007653557106,124.31828835682978,-14.47975808665808,-52.82231966224279,79.13175302728376
2026-06-17T17:25:56.105000,2239,-105.73673699247362,75.30954574985014,114.1488435416216,0.13233625297806426,1.9147073733497706,-0.5854867491883122,-27.772238028933877,-55.72935505755678,123.16713529261705,-14.211345301643242,-52.449835438736926,79.75222055808715
2026-06-17T17:25:56.116000,2240,-105.49023091484429,75.09810561574672,113.7355115168211,-0.4851868079617165,1.1724083810129,-0.1611312524355679,-27.845245863444507,-55.648534956419844,123.32393111566375,-14.655824202739673,-53.10168369184081,80.212732968109
2026-06-17T17:25:56.126000,2241,-105.99428254015638,75.76343869073504,114.59067844816903,-0.5902487431683991,1.6380565984935922,0.1279865693225419,-27.997620582376463,-55.816236720516294,123.19997001009239,-14.459283978194797,-52.86406652642512,79.7997081826465
2026-06-17T17:25:56.136000,2242,-105.90050450427749,75.46460305903395,114.7532766991072,-0.573501113676772,1.509319167414706,0.44632783975594603,-28.028334174855903,-55.4828551592592,124.07981544275312,-14.54049120115118,-52.61681255184279,80.09263636854102
2026-06-17T17:25:56.146000,2243,-106.029031468282,75.61119961466625,115.01497455821854,-0.4002050727762418,1.2162365176741836,0.32499870447565127,-28.099535259390887,-55.35758432792082,124.85632040474518,-14.210955797688715,-53.08884035940943,80.59722477013665
2026-06-17T17:25:56.156000,2244,-105.77944200805848,75.07555066951693,114.63419022087895,-0.6223819476103574,1.4874080401749719,0.5491758703582731,-28.189173534172333,-55.50912120399292,124.83635445464995,-14.560901153527448,-53.23976072107021,80.34865093406758
2026-06-17T17:25:56.166000,2245,-106.2205167222657,75.57455047575817,115.5028935155389,-0.504636018476613,1.3915372999556865,0.756812388579668,-27.904279738690917,-55.4222395410334,124.39058624334973,-14.35685447983449,-53.23976072107021,80.61961962983348
2026-06-17T17:25:56.176000,2246,-105.97692913352859,75.95232387860868,115.20632998660362,-0.6910780520297192,1.662708822456475,0.21878799485476952,-28.108374955854693,-55.33939964245308,125.01431622257431,-14.825680941713465,-53.00535352679374,81.03856557955895
2026-06-17T17:25:56.186000,2247,-106.32173742260687,75.7859906098616,115.72266016236895,-0.6286345876792734,1.9311421893250225,0.464723377672431,-28.620561508147475,-55.28686755298566,124.60945640734948,-14.537702393127077,-53.34251772414469,80.3553030715677
2026-06-17T17:25:56.197000,2248,-106.26742103388744,76.28781167632108,115.51658062986569,-0.5831624761108642,1.659970666824234,-0.06095729624064326,-28.22312949602698,-55.01611923790534,124.86674884026428,-14.63675163730985,-52.844799803840814,80.59371267386165
2026-06-17T17:25:56.207000,2249,-105.9662199109554,75.52944361040183,115.24559118096417,-0.5964649702442743,1.50110175942708,-0.17878672882466912,-28.35102283182425,-55.59802266439581,124.6867453790687,-14.706199646852887,-53.52233816968193,81.4779827491687
2026-06-17T17:25:56.217000,2250,-106.12407889678965,75.77753288341333,115.60292250829562,-0.43973862008640385,1.8900551493868876,0.0571296488541074,-28.64690534347154,-55.2747444293405,125.11215654797671,-14.551079515880854,-53.059940275532966,80.470050139355
2026-06-17T17:25:56.228000,2251,-106.06661333336797,75.68450091958563,115.4158387456503,-0.5094326385587934,1.8352714491057371,0.19391316283980994,-28.131001083543072,-55.365665687186784,124.62370488558369,-14.200030185133484,-53.178750582178054,80.76340912113949
2026-06-17T17:25:56.237000,2252,-106.27233772753738,75.65348824690757,115.86348432102264,-0.2873460983027677,1.470973224199715,-0.28112413858866225,-28.300273348588867,-55.55559390113017,124.36303651649759,-14.464865386739566,-53.35857102771529,80.84063665469162
2026-06-17T17:25:56.247000,2253,-106.33047793790794,75.32646120274667,115.94633034163355,-0.04207976377242483,1.6955784544069838,-0.025521150320176766,-28.249772080867046,-55.59802266439581,124.5781791829886,-15.161380457207109,-53.085630388270204,81.09053391250427
2026-06-17T17:25:56.257000,2254,-106.0311577357475,75.73806551139023,115.27220488425982,-0.15687505853255068,1.6983166100392248,0.37481761871126074,-28.48533312218301,-55.450527552702916,124.9692936430517,-14.42828950358538,-53.191593914609435,80.73254172440447
2026-06-17T17:25:56.267000,2255,-106.01070291237492,75.79444833630986,114.75786333115354,-0.6758384266850767,1.7366654943451185,0.5423986734415751,-28.520458177980036,-55.636411832774684,124.89615326008123,-14.8554813508641,-52.51084557762909,80.44205576576287
2026-06-17T17:25:56.277000,2256,-106.02393254674418,75.99461251085,115.05714900000116,-0.13690684583990428,1.5147984197700908,0.2665314683495212,-28.023776889660848,-55.46669027123485,124.06392230053916,-14.637717826106748,-53.098473720701584,79.57560794166164
2026-06-17T17:25:56.287000,2257,-105.81594996158219,75.43359038635589,114.32516450356096,-0.2876254545629634,1.6818817940639679,0.4057351603385115,-27.869237614860396,-55.47477379999324,124.69876435238866,-14.72737384582722,-52.992506746487884,80.66654271689997
2026-06-17T17:25:56.298000,2258,-105.86461016522362,75.50970992439028,114.27502589761045,-0.5436328215925093,1.492884351439454,0.033037226790404606,-28.297767674720003,-55.531347653839845,124.43255469777856,-14.889560458743125,-52.62965588427417,80.57062868242551
2026-06-17T17:25:56.308000,2259,-105.70135498054616,75.52098588395357,113.71568015760134,-0.3993311400027942,1.0436709499340135,0.003156073355748204,-28.34601426690955,-55.53538724872662,124.82578094366897,-13.971954255072864,-53.303984278976074,79.89991833167505
2026-06-17T17:25:56.318000,2260,-105.61876870638955,75.3180034762984,114.06053335464415,-0.3513320244262699,1.4161895239185696,-0.1255983913076702,-27.80904356548084,-55.33939964245308,123.56937346398594,-14.474360314507173,-52.6681893294428,80.64027763636258
2026-06-17T17:25:56.328000,2261,-105.75236082236978,75.498433964827,114.09008034774524,-0.30841587779326585,0.9231509268427533,-0.6520119763721333,-27.967015611501388,-55.260599338759526,124.45285922329008,-14.167965827539957,-52.9282866364565,80.18463343850065
2026-06-17T17:25:56.338000,2262,-105.8925529853781,75.43077215324088,113.65633303659283,-0.1021452019364143,1.1833668857236748,-0.9463104053789195,-28.300644479165094,-55.62833047350872,123.97306928565321,-14.803182271824111,-53.34251772414469,80.90173284015313
2026-06-17T17:25:56.348000,2263,-105.48943308558214,75.06991420328691,113.50955895186786,-0.3995184682423316,1.8927933050191288,-0.846306818780233,-28.3407447331379,-55.549532339307596,124.75849226730223,-14.308757745475152,-52.838376413687875,79.90710151890495
2026-06-17T17:25:56.358000,2264,-105.81602483421496,75.71551056516046,114.03563946902352,-0.292398168894217,2.021530736098015,-1.0749729409813744,-27.63368434162769,-55.26666090058211,124.14138584929717,-14.29561724205021,-53.23012735977806,80.16285284640573
2026-06-17T17:25:56.368000,2265,-105.2878478031769,76.05663482910288,112.94311628909118,-0.0746201448947113,1.9585325689201463,-0.9070622955045459,-27.63880028543862,-55.5111410014363,123.4060596108472,-14.576496374442033,-52.80947632981141,80.06255000365037
2026-06-17T17:25:56.378000,2266,-105.41815022795568,76.26807799030955,112.901230694676,0.20856031241259684,1.999619608858281,-1.4985479858992319,-27.668726465458214,-55.59196110257324,123.83320774025823,-14.515033690480951,-52.48515546489185,80.49026978988115
2026-06-17T17:25:56.389000,2267,-105.33678979637637,75.75498096428679,112.70742789203175,0.018810442947549744,1.5695791789603386,-1.6869277337542536,-28.00163531646208,-55.10502286780066,123.46828631149697,-14.33092509251802,-52.76773291350357,80.27625056479927
2026-06-17T17:25:56.399000,2268,-105.37411852118353,75.87338610745927,112.75100718518279,-0.12032297235471168,1.4600147194889452,-1.3562756014771729,-27.71190380525917,-55.4868969236384,123.46536587186726,-14.448022869428598,-52.8769098588565,80.19820473158319
2026-06-17T17:25:56.409000,2269,-105.1803793971029,75.1375729877698,112.34515921383141,0.35150191277015463,1.3066250644471762,-2.238562764375266,-27.84408568931137,-55.40607682250147,123.261195354947,-14.675660237961514,-53.233340778791764,80.6418472601643
2026-06-17T17:25:56.419000,2270,-105.38251810970527,75.70987409893043,112.47718783531955,0.1077654611773306,1.82431588548587,-1.8039382823122638,-27.606362874949966,-55.697027451000494,123.38096104320036,-14.736836864152725,-52.73562285848787,80.14503437525637
2026-06-17T17:25:56.429000,2271,-105.2377143239373,75.57737173597641,112.50513886954249,-0.09897579197102396,1.355929512372937,-1.8461179791047704,-27.952143415735776,-55.36970745156598,122.94354902592636,-14.442632815136045,-52.81268630095064,79.82918405999173
2026-06-17T17:25:56.439000,2272,-105.25958933225559,75.63939405422929,112.1550747568262,-0.04048168697180743,1.503839915059321,-1.7409836660206308,-27.656509119602056,-55.53336745128323,123.05698938608043,-14.675893064793854,-53.22049399848591,79.44608377735386
2026-06-17T17:25:56.449000,2273,-105.3405248838981,75.28699080362036,112.4439900170205,0.25223338519846206,1.5476680517205996,-1.853723550503209,-27.50639856735166,-55.515182765815496,122.24004291455235,-14.221005649200043,-53.01177346907219,79.59133820156895
2026-06-17T17:25:56.460000,2274,-105.11324613947045,75.28417257050535,111.68135308812637,-0.06095185271484138,1.46549397184433,-1.3991065588923446,-27.58893888523316,-55.29899067663082,123.27129524443245,-14.522041991316819,-52.98608680420943,79.99911105115399
2026-06-17T17:25:56.470000,2275,-105.2735914282278,75.4730607854822,112.18725009461784,0.10341389078658067,1.3367565407654438,-1.112544850612594,-27.98663023511349,-55.58994130512985,123.22032136417316,-14.51722862186664,-53.24618411122314,79.45698985941206
2026-06-17T17:25:56.480000,2276,-105.18720998169931,75.5660927493099,112.11250211816329,-0.05616805545043019,1.2737554324966673,-1.531704675437954,-27.648010541138618,-55.412138384324045,123.34035633324845,-14.190245407099404,-52.9796634140565,79.32841316269293
2026-06-17T17:25:56.490000,2277,-105.13640360252695,74.92331462055137,112.14516337150123,0.20894169956841513,1.2682791212321853,-1.2390562511317977,-27.698963088580115,-55.25049818205017,122.97028495994326,-14.351763838946395,-53.111317053132964,79.69713332843898
2026-06-17T17:25:56.500000,2278,-105.28670125355052,75.54917729641338,112.52275563524294,-0.4144278976089731,1.4545384082244632,-1.5574732159075952,-28.02525527497959,-55.648534956419844,122.6703231085015,-14.648191521499761,-52.73240943947417,79.61213405825563
2026-06-17T17:25:56.510000,2279,-105.28931690612113,75.54354083018335,112.69842093324488,-0.1300543944833541,1.1121483694672722,-1.2450510380972437,-27.75462209725723,-55.27878402422728,123.41871675331889,-14.133578900792417,-53.085630388270204,79.35454039307271
2026-06-17T17:25:56.520000,2280,-105.38488270832403,76.03408290997633,112.66197392971347,-0.2134311498025661,1.6983166100392248,-1.3117149469490121,-28.171009975143978,-55.5757983840413,122.77759051362786,-14.751384548387332,-52.99893013664081,80.85729415033559
2026-06-17T17:25:56.530000,2281,-105.64030278792852,75.84237646188446,113.21297971280005,0.18959700637412252,2.150271108267809,-1.3358140314383393,-28.138641591552435,-55.60004463133162,123.32006344641779,-14.181319446315772,-52.883329801134956,81.23321694154176
2026-06-17T17:25:56.540000,2282,-105.73773870470517,75.72960778494198,114.11236593105875,-0.25497303246091685,2.2516181597515716,-1.3407292937108057,-27.654350700719668,-55.29292911480824,123.40160060101871,-14.647311249888569,-52.652132577997705,80.33869609965451
2026-06-17T17:25:56.550000,2283,-105.5290429434032,75.67604319313737,113.96412961160263,-0.4105994376701186,1.8955344017422726,-1.0974660271841752,-27.937283004538667,-55.46062870941227,123.66446952272078,-14.478627840083497,-53.297560888823135,80.11037540187472
2026-06-17T17:25:56.560000,2284,-105.53280876653113,75.92131423303385,113.5242627418745,0.2723513866373678,1.3477121043853109,-0.8902324474043058,-28.14442309251765,-55.29494891225163,124.13252709485194,-14.207776460901465,-52.7741563036565,80.13863301349261
2026-06-17T17:25:56.571000,2285,-105.89203495099372,75.53226184351684,114.28073275002187,-0.38183828067585673,1.5641028676958566,-0.2027555338991259,-28.53853037463646,-55.39597349629969,124.32337984749852,-14.803985808519744,-53.111317053132964,79.84415065252051
2026-06-17T17:25:56.581000,2286,-105.86668275506156,75.82827924210292,114.5820327728528,-0.41235898159239615,1.7503592135972266,-0.9754043627158511,-28.295547997023725,-55.22221017038066,124.0433303692517,-14.159494932474367,-52.61681255184279,80.32046818658709
2026-06-17T17:25:56.591000,2287,-105.60582760811187,75.89875928680407,114.30851825221784,-0.5775842132003141,1.1285831854425241,-0.24463175365042694,-27.879361552246024,-55.260599338759526,123.99067068475493,-14.525701947417287,-52.81268630095064,80.88742268522228
2026-06-17T17:25:56.601000,2288,-105.56422211941263,75.79444833630986,113.62382137337599,-0.4881555178696372,1.8681410810562458,0.3225804845887358,-27.86246400613215,-55.644495361533075,124.12737794826968,-14.751872548356062,-53.19480733362313,80.97573711460798
2026-06-17T17:25:56.611000,2289,-105.68876180324551,75.65067001379256,113.79167194148961,-0.38586825159676325,1.512057323046947,-0.24666405789089785,-28.4077039608403,-55.45456714758969,124.0627699322876,-14.381727925006873,-52.51084557762909,80.70636364179573
2026-06-17T17:25:56.621000,2290,-106.27948117660898,75.50689169127527,115.26885319934921,-0.24792955761319233,1.492884351439454,0.47982556861327175,-28.045867174566006,-55.45860891196888,123.59319625598279,-14.641507162854904,-53.14985049830159,80.18225340364617
2026-06-17T17:25:56.631000,2291,-106.06259099669447,75.29544853006861,115.13201054233261,-0.31057178459628887,1.117627621822657,0.6499896386037652,-28.202064685623814,-55.551552136750985,124.09879871128575,-14.064367173375336,-52.722776078182015,80.40703708057215
2026-06-17T17:25:56.641000,2292,-106.02846512421712,75.18550111334439,115.01965893012257,-0.5669143848380486,1.3449739487530699,0.31709914649172977,-27.820083477971355,-55.46871223817066,124.7816587651934,-14.845495655439816,-52.92507666531727,80.52397261344126
2026-06-17T17:25:56.652000,2293,-106.14621612591145,75.05017749017213,115.30706633771965,-1.2035372403380167,1.1724083810129,0.35402928595600647,-28.23135876621023,-55.4222395410334,124.70958983057417,-14.733299932853056,-52.93791999774866,80.8525961539764
2026-06-17T17:25:56.662000,2294,-106.00719498915483,75.17422212667788,114.88552823598509,-0.26223077672419354,1.479190632187346,0.8291703535485583,-28.282850510598042,-55.361626092300014,124.25336423145653,-14.677178245611309,-52.989296775348656,80.38448413886577
2026-06-17T17:25:56.672000,2295,-105.97265972448803,75.90721701325234,115.2980277268943,-0.5511771766415826,1.503839915059321,0.40712373629567805,-28.27560337765754,-55.29292911480824,124.5019724869649,-14.955341131530178,-53.111317053132964,80.87786403681613
2026-06-17T17:25:56.682000,2296,-106.18887829140954,76.12993613402227,115.9055135448898,-0.3455296867652982,2.018792580465774,0.49174581050125166,-28.07883544257776,-55.31919515954195,123.86467277626211,-14.615965536613608,-52.247538299476155,80.56014359190442
2026-06-17T17:25:56.692000,2297,-105.88744568328025,75.80008782964312,115.40388715913112,-0.3990303644166526,1.7722732819278684,0.3595403538649312,-28.35407268789966,-55.5111410014363,124.36480972690858,-14.658372803275958,-52.989296775348656,81.45710666104463
2026-06-17T17:25:56.702000,2298,-105.90867772788482,75.9410479190454,114.98163152200407,-0.18318591235441667,1.7640558739402423,0.3216677133853876,-28.5084668031448,-55.52326412508146,125.32385238777873,-14.931452428962244,-52.603965771536934,80.71672334444861
2026-06-17T17:25:56.712000,2299,-106.18542195949004,75.99461251085,115.61699620984757,-0.6751784941936442,2.046182960060898,0.11503393731193431,-28.37351827636679,-55.10502286780066,125.39121684501295,-14.924085508805334,-52.883329801134956,80.80777294681961
2026-06-17T17:25:56.722000,2300,-106.41044076590902,76.20041617872342,115.72889328682162,-0.3342108113045694,1.9557944132879053,-0.06938175166509629,-28.443429472397572,-55.04036548519567,124.63731086696986,-14.701142277418363,-53.07278705583882,80.87664007529058
2026-06-17T17:25:56.733000,2301,-106.24947962811322,75.77753288341333,116.01026858278078,-0.30093654520453095,1.7585766215848524,-0.05984050939639954,-28.083541903813373,-55.549532339307596,124.68317594294297,-14.846544216928425,-52.50121221633693,81.09187457966509
2026-06-17T17:25:56.743000,2302,-105.96282842351508,75.58864769553969,114.9706260352531,-0.26640502175040753,1.5586236153404667,-0.11264654737356397,-27.884515939038224,-55.58994130512985,124.82051407799977,-14.41658109062453,-53.0663636656859,81.02247262140787
2026-06-17T17:25:56.753000,2303,-106.00112812494754,75.8113637892064,115.15415671255822,-0.028612171650023974,1.9777055405276391,-0.10146957700643074,-27.884515939038224,-55.59196110257324,124.82051407799977,-14.76465579447147,-52.69387599430556,80.31987095495285
2026-06-17T17:25:56.763000,2304,-106.08842478414684,75.69577687914891,115.05222693169512,-0.4092804552052398,1.8790995857670207,-0.16501600086455254,-27.891414185895155,-55.49295848546098,124.29680710052261,-14.265608915721705,-52.989296775348656,81.02129460993487
2026-06-17T17:25:56.773000,2305,-105.75531660233253,75.87338610745927,114.39683397229456,-0.31646526775993256,2.0872699999990325,-0.21821187072090598,-28.221101760290516,-55.41819994614662,124.1162772522677,-14.67695877441351,-53.191593914609435,80.95768889319599
2026-06-17T17:25:56.783000,2306,-105.59520185114357,75.66194597335584,114.12157417438854,-0.5314271905405633,1.4271450875384364,-0.15443562421038026,-27.997854321480595,-55.476793597436625,124.23762344893926,-14.555258356583574,-52.90259652371926,80.23169138929
2026-06-17T17:25:56.793000,2307,-105.66407039276557,75.57737173597641,113.55900482462981,-0.2210522056873781,1.4244069319061954,-0.4929940587342214,-28.174277462817006,-55.70915057464565,123.99210452178791,-14.704840498807826,-52.89938655258003,80.20856144780134
2026-06-17T17:25:56.803000,2308,-105.66958382677572,75.69577687914891,113.72479038934524,-0.574816203349863,0.964237966780888,-0.3122476539731835,-27.61886841941581,-55.59196110257324,123.5321744404653,-14.032777460116037,-53.464538001929,80.5692630906859
2026-06-17T17:25:56.813000,2309,-105.48959574471547,75.28417257050535,113.36023855217755,-0.21585807828204673,1.479190632187346,-0.9361610389879483,-27.791243459927642,-55.711170372089036,124.0159381411291,-14.557974222188648,-53.81775550285055,81.20426641812809
2026-06-17T17:25:56.823000,2310,-105.36142752922876,75.50689169127527,112.98987155809257,-0.19932559351484117,1.4572765638567042,-0.897215618078269,-27.63559013107635,-55.82027848489549,123.25791821494701,-14.640143064639386,-52.909019913872186,80.79037658932734
2026-06-17T17:25:56.834000,2311,-105.48697404557603,75.72960778494198,113.85405562526066,-0.019869202490453375,1.857185517436379,-1.3588233127024574,-27.717179476016966,-55.57175661966211,123.36638481689414,-14.766045827150046,-52.91222988501141,80.34417890791454
2026-06-17T17:25:56.844000,2312,-105.4861195047305,76.0453588695396,113.31147419056396,-0.0514664736627099,1.676405482799491,-1.393537289804337,-27.907447524568823,-55.3636458897434,123.30609507634982,-14.33277121572323,-52.86406652642512,80.0978521587188
2026-06-17T17:25:56.854000,2313,-105.33609186809532,75.66476723357408,112.68500842872973,-0.09720261430639443,1.9037518097298984,-1.2726851293177293,-28.003508890897837,-55.25251797949356,123.58241112009337,-14.267307104471676,-52.56222235522909,80.18085432414343
2026-06-17T17:25:56.864000,2314,-105.41341993484754,75.98897604461999,112.89806025192499,-0.058651671806510874,2.0653588727592984,-1.803199796937893,-28.250148196703396,-55.54751037237178,124.0219487070775,-14.442964137982571,-52.844799803840814,79.59686775350326
2026-06-17T17:25:56.874000,2315,-105.42794647242671,75.29544853006861,113.03865147399722,0.2004252915842096,1.848968109448753,-1.1417363112334604,-27.918045648488913,-55.59802266439581,124.3407704196535,-14.564504671399265,-53.26545083380745,80.2833870083549
2026-06-17T17:25:56.884000,2316,-105.4533544323134,75.78317237674659,113.05398059263797,0.026649725423988913,1.468232127476571,-2.0523754118247255,-27.4951801285669,-55.1474516310663,123.61924125528425,-14.571855468233688,-53.03104019165651,80.81489692808583
2026-06-17T17:25:56.894000,2317,-105.41034866673392,75.76062045762004,112.99393640619006,-0.22058189032029463,1.5777965869479644,-2.117569176027822,-27.934316080429802,-55.43436266467856,124.22144290094938,-14.883185661846138,-52.59112243910555,80.27600469123938
2026-06-17T17:25:56.904000,2318,-105.3054962525414,75.21933201913745,112.57164938875272,0.19478724098766587,1.670926230444101,-1.9528555442825584,-28.096467481760836,-55.56367526039614,123.11429509408698,-14.703524433356861,-53.01177346907219,80.51527443469512
2026-06-17T17:25:56.915000,2319,-105.39083617070742,75.60556314843623,113.16238092262752,0.09966294260804676,1.6216217825183403,-2.017189246075631,-28.18895091731448,-55.50103984472695,123.46616803939654,-14.442274195815045,-52.722776078182015,79.4290749236356
2026-06-17T17:25:56.925000,2320,-105.26095316627169,75.67322496002237,112.37633819005478,-0.04978947873494627,2.021530736098015,-1.4187100246375266,-27.21171639588481,-55.335357878073886,123.27626251636624,-14.440947982020631,-52.80626635867219,80.04706561730299
2026-06-17T17:25:56.935000,2321,-105.15506796493052,75.498433964827,112.16695301807674,-0.006867483943185593,1.46549397184433,-1.5973781606276123,-27.978112766320518,-55.515182765815496,124.00248533077615,-14.500931948429532,-52.68103266187418,79.8865813625334
2026-06-17T17:25:56.945000,2322,-105.18102236081663,75.83391873543619,112.41735073824216,-0.08822341461426242,1.3833198919680607,-1.381276008597756,-27.49914529742497,-55.38991193447711,122.65492090140059,-14.366840175258769,-53.05352033325452,80.53770278215507
2026-06-17T17:25:56.955000,2323,-105.30913481234879,75.80854555609139,112.47108859085543,0.0658135818958831,1.46549397184433,-1.3485071928218495,-27.918387735264147,-55.711170372089036,122.21937520239737,-14.443681376624667,-52.56222235522909,80.39708602621559
2026-06-17T17:25:56.965000,2324,-105.3786821735736,75.30390625651688,112.53709288040781,-0.0959367604441333,1.164190973025274,-0.9872861724126999,-27.76660234984616,-55.46871223817066,123.323550602028,-14.277494742094788,-53.191593914609435,80.14828734206029
2026-06-17T17:25:56.975000,2325,-105.13027303253855,75.3180034762984,112.76664562114408,0.01609441725732863,1.2491032085337845,-1.1461345085308854,-27.643346448387373,-55.644495361533075,123.75448572946773,-14.571544881677193,-52.462678771168314,80.11337759294229
2026-06-17T17:25:56.985000,2326,-105.59467228925374,75.30954574985014,113.28034718049065,-0.5637066244547982,1.3915372999556865,-0.8050256165888825,-28.24123170525924,-55.517202563258884,123.46264543184,-14.259654126544865,-53.27829416623883,80.20281082783731
2026-06-17T17:25:56.995000,2327,-105.30353742518116,75.39694124744781,112.89790501281784,-0.5880877991311828,1.8736203334116357,-0.826266768548874,-28.23891298808998,-55.668741608823396,123.33717959871794,-14.496510513418933,-52.453045409876154,80.06572353263863
2026-06-17T17:25:57.005000,2328,-105.45591640725647,75.69577687914891,113.27942243984094,0.33613465733641235,1.5202747310345728,-0.803533274467639,-27.639635449077876,-55.41819994614662,122.52863638509349,-14.604768627599459,-52.587912467966326,80.0346810179264
2026-06-17T17:25:57.016000,2329,-105.5755535982469,75.82827924210292,113.53010347427447,-0.008745178928418529,1.4381035922492063,-1.1561095890928768,-28.10277427460297,-55.52326412508146,124.17313829107697,-14.420500145223253,-53.104897110854516,79.7811835437902
2026-06-17T17:25:57.026000,2330,-105.65910385483113,75.67322496002237,113.99468430419888,-0.19622235045219433,1.4161895239185696,-1.0046389598371046,-28.58982404007831,-55.58185994586388,124.39467123919046,-14.895560512996578,-52.43056871615262,81.08770305935742
2026-06-17T17:25:57.036000,2331,-105.53866058091734,76.25116253741301,113.45473570228515,-0.2237118054254193,1.7804906899154944,-1.266205047142743,-27.91124979526805,-55.4868969236384,124.43444996834765,-14.418725221557686,-52.436992106305546,80.29060368334792
2026-06-17T17:25:57.046000,2332,-105.8317165425462,75.70141637248217,114.35683388342295,-0.7583259399881084,1.7613177183080013,-1.1116629792610222,-28.219680617300423,-55.37980860827533,123.84721725058392,-14.357334074339121,-52.64571263571925,79.48307683553752
2026-06-17T17:25:57.056000,2333,-106.06530142996331,75.54917729641338,114.77839783236841,-0.2441733746602952,1.7284480863574927,-0.576581702863573,-28.019392656096066,-55.30101047407421,124.18557891829045,-14.448237390455942,-52.88654322014865,81.5025444643015
2026-06-17T17:25:57.066000,2334,-105.82756565561239,75.57737173597641,114.41230726384379,-0.26427108327349225,1.5531443629850816,-0.49683567066282686,-28.165608035160428,-55.43032306979178,123.97165926188568,-15.001990032970816,-52.91544330402512,80.61250433080019
2026-06-17T17:25:57.076000,2335,-105.91684488358041,75.83110050232118,114.47717550701182,-0.44990145816410676,1.8681410810562458,-0.3904439309501201,-28.313643100494946,-55.452547350146304,125.36825467442054,-14.72939840725326,-52.883329801134956,81.47133061166858
2026-06-17T17:25:57.086000,2336,-105.90760685027843,75.56045628307989,114.6381470361988,-0.6785805754176315,1.5531443629850816,-0.13392338533181314,-28.226534375172083,-55.78997067578259,124.6536421787331,-14.71018528802372,-52.86085310741142,80.8789915245584
2026-06-17T17:25:57.096000,2337,-106.25008673593787,75.75216273117177,115.52607799229116,-0.18495405278487065,2.021530736098015,0.09598314070282105,-27.782656964237567,-55.193924328203565,124.23053060729535,-14.632936028895754,-53.03746358180943,80.92090444075268
2026-06-17T17:25:57.110000,2338,-105.69309129713625,75.70705283871219,114.38301324970749,-0.518448584761791,1.5997106552786062,0.3509482750371189,-28.481315033934262,-55.61418755242018,124.86724627502531,-14.959766739905184,-53.13700716587021,80.6987259752656
2026-06-17T17:25:57.117000,2339,-105.98110424942351,75.4730607854822,115.27751353979097,-0.21381777173274794,0.964237966780888,0.3898449852234368,-28.192047555794367,-55.47073203561404,124.37686984048628,-14.826176322337712,-52.844799803840814,80.84573163067948
2026-06-17T17:25:57.127000,2340,-106.16211091782492,75.70141637248217,114.99942937402258,-0.5696785018967119,1.0299772306819057,0.5585895794049793,-27.810004029570962,-55.76572442849226,124.15962052720081,-14.430802402183026,-53.41958116660746,80.08950421592705
2026-06-17T17:25:57.137000,2341,-106.02173140664591,75.2136925258042,115.08944370849733,-0.8430586218232519,1.6544914144688492,0.24646726252922357,-28.25364099307519,-55.68086473246856,123.87761652654805,-14.36758091787887,-53.284717556391755,80.40408461961361
2026-06-17T17:25:57.147000,2342,-105.83261264653876,75.03890153060885,114.78631030211444,-0.332015147716861,0.9532824031610211,0.5412264316111269,-28.04371038678072,-55.25251797949356,123.93781315923253,-14.346283694103775,-53.07278705583882,79.619651239094
2026-06-17T17:25:57.157000,2343,-106.0024976662216,75.57173224264317,114.70593301488125,-0.7024152649491876,1.5257539833899627,-0.08945066179464746,-28.262467936195627,-55.48487495670259,124.36813963247229,-14.719655687004778,-52.95397674919374,80.04620626976293
2026-06-17T17:25:57.167000,2344,-105.95449254077448,75.29826979028687,114.89159161204661,-0.07896426321969077,1.7531003103203704,-0.04179637116797491,-28.34331665108085,-55.56569505783953,125.25654638441969,-14.546777313174534,-53.1177404432859,80.67880384415007
2026-06-17T17:25:57.179000,2345,-105.96630257717308,75.27571484405706,114.65298470619396,-0.9633593714499956,1.512057323046947,0.21197157767042918,-27.95479212865909,-55.52528609201727,123.84291060045214,-14.86544951728946,-52.449835438736926,80.98269353800998
2026-06-17T17:25:57.187000,2346,-105.8547619901411,75.87620736767751,114.55378259834254,-0.4586232699221511,1.9064899653621397,-0.05089985891063027,-28.224851111599097,-55.43638246212195,124.17826442235545,-14.480825201954241,-53.400314444023145,80.6433630453023
2026-06-17T17:25:57.198000,2347,-105.89800912082976,75.62247860133276,114.90778797208765,-0.3842710573140945,1.6325802872291102,-0.17494707501243828,-27.62092003074197,-55.268682867517924,123.61758576396021,-14.840747510550274,-52.568645745382014,80.62415497050486
2026-06-17T17:25:57.208000,2348,-106.1293141621727,75.97769705795348,114.91836504254174,-0.12810637787913315,1.476449535464197,-0.3437760659155974,-28.2380478118749,-55.40405485556566,125.0459328203132,-15.00881353973893,-52.838376413687875,81.01569887609605
2026-06-17T17:25:57.218000,2349,-105.91451310689486,75.2644388844938,114.4823661085737,-0.19797604621567835,1.479190632187346,-0.5348318462943915,-27.878550264196456,-55.40607682250147,124.20303364600696,-14.580562982628146,-52.64249921670555,81.04956057528744
2026-06-17T17:25:57.228000,2350,-105.82398380738842,75.64221228734431,114.82949693148454,-0.26516254258109806,1.6051869665430833,-1.0443620863887875,-28.05880453708197,-55.63035027095211,124.25454610128499,-14.653151419728706,-53.050306914240814,80.81629222753209
2026-06-17T17:25:57.238000,2351,-106.13682451400084,75.65630950712583,115.31428131445652,0.03850789588821393,1.6188836268860993,-0.7606083480379184,-27.907967831185616,-55.40607682250147,123.71873786997236,-14.524271262629666,-52.76130952335065,80.8532480178961
2026-06-17T17:25:57.248000,2352,-105.6118573294903,76.02844341664307,113.48350317265196,-0.03487730101892325,1.8380125458288858,-0.7075428394336594,-28.020646884442026,-55.365665687186784,124.15081942866914,-14.798342630707992,-52.62002252298202,81.29344887728675
2026-06-17T17:25:57.258000,2353,-105.82051361397225,76.43158999883838,114.11125019878597,-0.457048305890029,2.2050518674580517,-1.0224236274384317,-27.9703264364337,-55.5111410014363,124.33724781209696,-14.980866634449022,-52.921863246303566,81.1225333706598
2026-06-17T17:25:57.268000,2354,-105.61900798517173,75.54354083018335,113.9880888512686,-0.6564776133234511,1.3477121043853109,-0.6264014870129035,-27.91384837162377,-55.53538724872662,124.26744302300172,-14.665308542560707,-53.059940275532966,80.63493188463839
2026-06-17T17:25:57.279000,2355,-105.61015977530468,75.40539897389608,113.8639670105856,-0.2184167915668524,1.7531003103203704,-0.9368947382158461,-28.146754563030274,-55.68086473246856,123.92546563987888,-14.826600503422274,-53.05352033325452,80.32187594832276
2026-06-17T17:25:57.289000,2356,-105.70329389984096,75.33210069607992,113.62917750696491,-0.27259149491659795,1.1998017016989266,-0.989483272026429,-27.776053052976472,-55.46669027123485,123.96296289651977,-14.138302179692484,-52.722776078182015,80.1882001670611
2026-06-17T17:25:57.299000,2357,-105.43032189858629,75.66476723357408,113.28676154710288,-0.35340094044284664,1.1669320697484178,-0.7076672444994143,-27.75933134131593,-55.668741608823396,124.23721912203808,-14.761547657223893,-52.896176581440805,80.19230093178604
2026-06-17T17:25:57.309000,2358,-105.50936742758958,75.5632745161949,112.87959655893582,-0.49232976289585106,1.3915372999556865,-0.6192364163333864,-27.58831177106014,-55.58994130512985,123.28867498924309,-14.944874816792677,-52.92507666531727,80.53006100707029
2026-06-17T17:25:57.319000,2359,-105.65002544670656,75.72678955182697,113.63993001475102,-0.5582492609566038,1.1861050413559158,-0.6694939550087637,-28.19778227435503,-55.828359844161454,123.95669603567057,-14.439646677880688,-53.01177346907219,79.73122477789303
2026-06-17T17:25:57.333000,2360,-105.27927055532712,75.59428718887295,112.57012067858746,-0.05867364013261861,1.490146195807213,-0.8853873052512573,-27.462107835822046,-55.52326412508146,123.77778647547646,-14.560600715314404,-53.20765066605451,79.3358538921504
2026-06-17T17:25:57.339000,2361,-105.3213303726296,75.77471465029832,112.98327161706996,-0.042154789107783086,1.7695351262956274,-1.5419363985969496,-27.920295338761058,-55.531347653839845,123.89866475233879,-14.479946673222397,-52.65855596815063,79.80366162135918
2026-06-17T17:25:57.349000,2362,-105.44972495303071,75.62247860133276,112.85146443839486,-0.23538150320770063,1.3942783966788306,-1.534635474279581,-27.656497997355746,-55.60812599059759,123.38952236248701,-14.617127692630294,-53.111317053132964,79.902670540628
2026-06-17T17:25:57.359000,2363,-105.48560926393104,75.66758546668909,113.63279246376023,-0.2940829494055937,1.9530533165647563,-1.3975492713291806,-27.547472038757967,-55.268682867517924,123.28318567132118,-14.59880048278811,-52.684242633013405,79.83875596430906
2026-06-17T17:25:57.369000,2364,-105.13622137463906,75.66476723357408,112.5342415044408,0.030435942153195727,1.3449739487530699,-1.543925566337037,-27.575894143820964,-55.52326412508146,123.20623607297993,-14.487962883437792,-52.53974566150555,79.87053813449134
2026-06-17T17:25:57.380000,2365,-105.40144677923931,75.7183318253787,112.9195911147081,-0.28774971570913216,1.7037958623946097,-1.5838566247623587,-27.71913981595337,-55.68692412479872,123.54929059276547,-14.22573169578805,-52.844799803840814,80.42499718193557
2026-06-17T17:25:57.390000,2366,-105.40993495364879,75.76625692385005,113.15237760227241,-0.19144130153718403,1.6380565984935922,-1.1372378644592216,-27.789200188024736,-55.583879743307264,123.59799463918928,-14.414627728738136,-52.65855596815063,80.54870646011649
2026-06-17T17:25:57.400000,2367,-105.47381833621066,75.96923933150521,113.26524519360379,-0.11692673928951813,1.5942314029232165,-1.4550637279078145,-28.074371059869524,-55.58792150768646,123.75129086998321,-14.712274005536845,-52.78057624593495,80.75980969843769
2026-06-17T17:25:57.410000,2368,-105.60198749932624,75.82827924210292,113.63561191596052,-0.07940623104391575,1.9229247813373964,-1.1222116679869087,-28.154441853444112,-55.311111630783564,123.85446165396286,-14.219322221761056,-52.81910969110357,79.8092246610566
2026-06-17T17:25:57.420000,2369,-105.46264917719881,75.89875928680407,113.20963793319443,-0.0162492281926625,1.7037958623946097,-0.8304693524584815,-27.68008295803723,-55.67682296808937,123.58915240039984,-14.981395286526798,-52.30212504821538,81.25084304929669
2026-06-17T17:25:57.430000,2370,-105.68713783475287,75.72678955182697,113.88260625679344,-0.40590759683297983,1.99688145322604,-1.4809186232154392,-28.09366747229607,-55.45860891196888,123.9750879636207,-14.568105421583105,-53.33609433399176,80.21812387626399
2026-06-17T17:25:57.440000,2371,-105.29668484619229,75.45896356570069,113.00390939124188,-0.5530109349746182,1.139541690153299,-0.9872326755428652,-28.00711405142599,-55.39799329374308,122.67552502064751,-14.480010492106562,-52.85121974611926,80.44596026798828
2026-06-17T17:25:57.450000,2372,-105.59356288245621,75.43359038635589,113.41637312963515,-0.17205436513324335,1.2052780129634086,-1.0889227409169493,-27.619588436075617,-55.48487495670259,123.4173059315897,-14.546273527086187,-53.32325100156038,79.6166520344612
2026-06-17T17:25:57.460000,2373,-105.76246784498906,74.98533693880424,113.49912141038837,-0.6033532855937214,1.6161454712538583,-0.4059394880395349,-27.602143353592176,-55.759662866669686,123.97269959936176,-14.903935679735904,-52.992506746487884,79.98842034132734
2026-06-17T17:25:57.471000,2374,-105.40907565317418,75.37156806810302,113.27928302675309,-0.22076117105181867,1.673664386076342,-0.6582297598899184,-27.89241741590453,-55.636411832774684,123.72319687980084,-14.28973321280992,-53.00535352679374,79.98667102587021
2026-06-17T17:25:57.481000,2375,-105.63925346598114,75.7211500584937,114.03204471045308,-0.20967549790764323,1.2326713336494355,-0.23319884692557874,-27.966423495164403,-55.74955954046791,123.47264572719249,-14.970702500803869,-53.05352033325452,80.22126391748911
2026-06-17T17:25:57.491000,2376,-105.49065242151434,75.80572732297637,113.27398888050591,-0.4220806627704562,1.5147984197700908,-0.3425598176710436,-27.910734473911422,-55.38991193447711,123.8555439296584,-14.461723934373424,-52.83516644254865,80.39191240603385
2026-06-17T17:25:57.501000,2377,-105.51096449381906,75.42231442679261,113.69789785987386,-0.1719139838197235,1.3887991443234455,-0.364888896577092,-27.740758299712297,-55.55559390113017,123.7322845861468,-14.72216120494691,-52.79341957836633,79.71444567443739
2026-06-17T17:25:57.511000,2378,-105.84996813949354,75.4730607854822,114.53706445435262,-0.3832367302680252,1.7804906899154944,-0.8644392699630157,-28.186249947322718,-55.527305889460656,124.0632024135254,-14.654101485203103,-53.52233816968193,80.420747017434
2026-06-17T17:25:57.521000,2379,-105.57114352446547,74.97969744547099,113.89777433149953,-0.1765377203293183,1.5860139949355905,-0.773816916406241,-28.077316891211762,-55.43638246212195,123.85937695829462,-14.48075861538213,-52.684242633013405,80.00106519229493
2026-06-17T17:25:57.531000,2380,-106.03022752288197,75.87902560079253,114.65274728152015,-0.2238605213226771,1.659970666824234,-0.376931885540592,-27.88034589192587,-55.70106921537968,123.91585748346814,-14.740952910779866,-52.709932745750635,80.83063965028252
2026-06-17T17:25:57.541000,2381,-105.91154173976228,75.18267985312615,114.78177536448996,-0.06437979505670621,1.816098477498244,-0.9041259224399419,-28.11813274792425,-55.77178599031484,124.52992654071824,-14.16022693242745,-53.24618411122314,80.49813263299569
2026-06-17T17:25:57.552000,2382,-105.82285925215447,75.69013738581566,114.5357889948804,-0.41457661350621233,1.5367095470098298,-0.6682000543054387,-27.69742066162443,-55.49093651852517,123.63004940647744,-14.93827457371889,-53.07599702697805,81.11992358554267
2026-06-17T17:25:57.562000,2383,-106.04179128630071,75.55481678974662,115.15606752185629,-0.5170829172953143,1.9256629369696374,-0.5522258939400282,-28.02334948553089,-55.41011641738824,123.5537907428517,-14.507495331890805,-52.69066602316633,80.85311394779501
2026-06-17T17:25:57.572000,2384,-105.940666166045,75.75498096428679,114.77342406964051,-0.877224347230896,1.7147514260144767,-0.3106003954654337,-27.66713111911186,-55.22827173220325,123.4266044648824,-14.608396674257865,-53.15627388845452,80.60184332868016
2026-06-17T17:25:57.582000,2385,-105.96031233261468,76.57818958157392,114.99848907908185,-0.3979259776760514,1.6928402987747428,-0.9484615404621708,-27.96883012956033,-55.77380578775823,123.6668860413163,-14.673420818305253,-52.82231966224279,80.0989880001958
2026-06-17T17:25:57.592000,2386,-105.84664244416133,76.18631895894188,114.27565122624458,-0.4477143910845559,1.9147073733497706,-0.12758198482478203,-28.07622574397573,-55.3636458897434,124.3642126980146,-14.354367852902747,-53.01498688808589,80.32881990943535
2026-06-17T17:25:57.602000,2387,-105.86754300316503,75.72960778494198,114.45512707664392,-0.6749249990513625,1.3614087647283217,0.17211259748089774,-27.79748122587267,-55.46669027123485,124.50720983768234,-14.565961290649952,-52.86406652642512,80.94999281432393
2026-06-17T17:25:57.612000,2388,-105.77675927644002,75.22496848536747,114.44496851718169,-0.4004702462939052,1.0984546502151642,-0.2537035534647967,-27.60930256930605,-55.260599338759526,123.6553168628516,-14.768304577419899,-53.49985802808392,79.95319762407455
2026-06-17T17:25:57.622000,2389,-105.91272905314845,75.18550111334439,114.72262979975258,-0.407687153714378,1.5750584313157234,-0.26717355057658904,-28.020923960805444,-55.29899067663082,123.85834744816282,-14.846066365303146,-53.114530472146676,80.66215390861906
2026-06-17T17:25:57.633000,2390,-105.72680440415732,75.48433674504548,114.6538057862717,-0.35016316422545635,1.490146195807213,-0.4388021909927717,-28.236652175571564,-55.7536013048471,124.11181824243921,-14.369151131657631,-52.31496838064676,79.8453154080824
2026-06-17T17:25:57.643000,2391,-105.75149069435443,75.57455047575817,114.1536617935142,-0.12692777672775557,1.4052339602987025,-0.13535988393582682,-27.579453184266814,-55.476793597436625,123.62947619084893,-14.351464425541979,-52.870486468703575,80.25059895824204
2026-06-17T17:25:57.653000,2392,-105.74693692187626,75.58582946242468,114.43090034872912,-0.07305740823811557,1.9530533165647563,-0.4391535906808297,-28.350246541610712,-55.309091833340176,123.90151509941244,-14.909041081935019,-52.69708941331926,80.28835281641808
2026-06-17T17:25:57.663000,2393,-105.57627318160952,75.0586352166204,113.67917089499998,-0.42212760969649255,1.8927933050191288,-0.4679888654671728,-28.136751909610233,-55.62226891168614,123.70473485929466,-14.56617935617124,-52.963610110485895,80.37678315781729
2026-06-17T17:25:57.673000,2394,-105.89989227617,76.118660174459,114.50465617997952,-0.37349086347244914,1.8818377413992617,-0.2801721471176791,-28.079264477804788,-55.55559390113017,124.37481002226104,-14.527392755511752,-52.7741563036565,80.35825931258275
2026-06-17T17:25:57.683000,2395,-105.83172528376002,75.63375456089604,114.05375217146195,0.11735401556749046,1.848968109448753,-0.6781442350156589,-28.109749316440254,-55.78997067578259,124.05073877100817,-14.66072028208445,-52.9282866364565,80.77459249075635
2026-06-17T17:25:57.693000,2396,-105.49490495644531,75.87902560079253,113.7884495325885,-0.06390726239821584,1.651753258836608,-0.39377688015675844,-28.168356939282695,-55.798052035048556,124.60725585473354,-14.421458616161752,-52.66497935830357,80.64062409226048
2026-06-17T17:25:57.703000,2397,-105.73054857220372,75.07273243640192,114.08729095912003,-0.028030895361299615,1.50110175942708,-0.2580708509104374,-27.93120218271745,-55.412138384324045,123.80954380760606,-14.408732145477892,-52.78699963608788,80.6837974441782
2026-06-17T17:25:57.714000,2398,-105.77123372794931,75.48433674504548,114.21585448566213,0.17647519933908085,1.7804906899154944,-0.778055892553382,-27.93192555354035,-55.79603223760517,123.52840636535227,-14.496029894105714,-52.9796634140565,79.63600365521438
2026-06-17T17:25:57.724000,2399,-105.81246289405647,75.62811506756277,114.2130761632356,-0.12283244982868788,1.139541690153299,-0.8838327638809692,-27.851299455512944,-55.35556453047743,124.01018602865835,-14.775386845483379,-53.162697278607446,79.79305982520285
2026-06-17T17:25:57.734000,2400,-105.71898992906783,75.67322496002237,114.31678182840123,-0.3834499196254588,1.5367095470098298,-0.9699642030028519,-27.88848724488245,-55.58185994586388,123.68992399277624,-14.432160525419507,-52.92507666531727,79.79266284557418
2026-06-17T17:25:57.744000,2401,-105.70048693885778,75.96360286527519,114.14566729404302,-0.20800045834686792,1.7257099307252515,-0.43224249824265537,-28.186492025850107,-55.40607682250147,124.76832367392738,-14.27025579690909,-52.6681893294428,79.95766587017108
2026-06-17T17:25:57.754000,2402,-105.6837506682082,75.48433674504548,113.97405101811931,0.09603269630169922,1.9475770053002792,-0.9322398164842074,-28.02341851242803,-55.23635526096163,124.12136224328844,-14.574657631892336,-52.6681893294428,79.92967149657896
2026-06-17T17:25:57.764000,2403,-105.80500925381173,75.81700328253964,114.13378876106427,-0.10281647928540488,1.846229953816512,-0.8666926944766729,-27.92321614278758,-55.38183057521115,124.67181759142503,-14.405194189369631,-52.74846619091925,79.82509655117796
2026-06-17T17:25:57.774000,2404,-105.50723511355527,75.76062045762004,113.29184860397952,-0.38923391982769084,1.476449535464197,-0.7179421859960089,-28.432953294765234,-55.62024911424275,125.236574746013,-14.253351891199019,-52.91222988501141,80.23920287433022
2026-06-17T17:25:57.784000,2405,-105.57064773213774,75.50970992439028,113.24652376182925,-0.24500700164889547,1.2929313451950681,-0.30318534461454044,-27.815548437268923,-55.79603223760517,124.10069967016632,-14.903620143008993,-52.62002252298202,81.16444549323232
2026-06-17T17:25:57.794000,2406,-105.76340808600816,75.17140389356287,113.81550178925937,0.0698082842661353,1.5367095470098298,-0.9084041188547233,-27.885530291293904,-55.34344140683228,123.91437088087143,-14.230683188552932,-52.93791999774866,80.37416959264365
2026-06-17T17:25:57.804000,2407,-105.72729170293546,75.8903015603558,114.20583506755956,-0.11543795511926017,1.0464120466571576,-0.5425198562980732,-27.68072282555358,-55.3636458897434,123.23924536749408,-14.344447719241979,-53.01498688808589,79.48677193840086
2026-06-17T17:25:57.815000,2408,-105.58048682669556,75.48151851193047,113.2708440132376,-0.18325119673919263,1.0984546502151642,-0.6731275532265066,-27.687238819587968,-55.61620734986356,123.43803859726786,-14.609282920848099,-52.65855596815063,79.56399947195298
2026-06-17T17:25:57.825000,2409,-105.32326149833946,75.86774964122925,113.19985040666631,-0.15332621677831076,1.5257539833899627,-0.4393691367310414,-27.998404640673257,-55.113104227066636,123.81893624672027,-14.22917853653765,-53.04709694310159,80.00897398546199
2026-06-17T17:25:57.835000,2410,-105.62836340188238,75.59428718887295,113.4244869998108,-0.5202734130688447,1.5421887993652148,-0.5217853271064513,-28.289203423522512,-55.282825788606466,123.98208121113164,-14.578888297856139,-53.085630388270204,80.95616442582507
2026-06-17T17:25:57.845000,2411,-105.64982901801119,75.39975948056282,113.59927399021373,-0.4901516258422815,1.0765405818845224,-0.8779972799030239,-28.073727838190045,-55.86068745071775,124.26746683626718,-14.120503621928114,-53.23976072107021,80.25259526937903
2026-06-17T17:25:57.855000,2412,-105.53496402258676,75.19395883979266,113.23866314234665,-0.1765905154141303,1.317583569157946,-1.2469914132767517,-27.46820754797278,-55.503059642170335,123.13391517115619,-14.567649331056472,-52.93471002660944,80.42083023530614
2026-06-17T17:25:57.865000,2413,-105.52830216503537,75.76343869073504,114.05481067621349,-0.5107093778140237,1.5969695585554575,-0.7869795202440832,-27.718686905136654,-55.48487495670259,123.7042136112682,-14.69026931059522,-52.76773291350357,80.43013810797594
2026-06-17T17:25:57.875000,2414,-105.73278044790823,75.5632745161949,113.87856725590694,-0.13906919624394604,1.6846228907871168,-0.9141421813859456,-28.165625294392886,-55.428301102855976,123.47285655413926,-14.557509726197914,-53.44527127934469,80.15198701860189
2026-06-17T17:25:57.885000,2415,-105.51683492933095,75.98897604461999,113.38861335876348,-0.23125534954992896,1.503839915059321,-0.8921213656675759,-28.07945143450443,-55.38183057521115,124.17982600785803,-14.25908618436947,-52.462678771168314,80.06462873903776
2026-06-17T17:25:57.896000,2416,-105.69424146769359,76.49361231709125,113.76748108197744,-0.10024998041702324,1.498363603794839,-0.5182099300677913,-27.594846655424096,-55.83240160854065,122.98867119958193,-14.210143855528978,-52.449835438736926,80.39982119920089
2026-06-17T17:25:57.906000,2417,-105.47836208053528,75.74934147095351,113.2910838622575,-0.27518581026986316,2.3721381828428316,-0.7678989938230566,-27.781512897610853,-55.668741608823396,123.66899862510529,-14.684025256357417,-53.233340778791764,79.85384224890781
2026-06-17T17:25:57.916000,2418,-105.65592394452263,76.01152796374654,114.19010906877378,-0.04977584499257623,1.8818377413992617,-0.7232155103821548,-28.36750745021757,-55.66268004700082,123.54110464808171,-14.90982111465269,-52.78057624593495,80.16460706403927
2026-06-17T17:25:57.926000,2419,-105.71946719969239,75.42795089302263,114.17188833355776,0.06130436558189374,1.651753258836608,-0.28946340921500263,-27.817514914191506,-55.87079077691952,124.11733571469776,-14.061763159418986,-52.870486468703575,79.7753504995758
2026-06-17T17:25:57.936000,2420,-105.93215376267443,75.98333655128673,114.41398064846803,-0.3841618362771211,1.4874080401749719,-1.0157767917738227,-28.26781704777068,-55.38587017009792,124.83673496828571,-14.471863539231983,-53.04709694310159,80.6607556227381
2026-06-17T17:25:57.946000,2421,-105.75709111547793,75.20805303247094,114.09325079049628,0.2861639529225646,1.4353624955260624,-0.4843683338617514,-28.257849392186642,-55.61216775497679,123.61841094679322,-14.605429428012899,-52.989296775348656,79.88132373085777
2026-06-17T17:25:57.956000,2422,-105.89009811802592,75.44204811280416,114.73364109133107,-0.42091373999446113,1.0792787375167634,-0.6557672334627551,-27.989191030810165,-55.88493369800806,124.05090845769718,-14.79839206914902,-52.61681255184279,80.99204358067581
2026-06-17T17:25:57.966000,2423,-105.66771978011373,75.45332407236744,113.52176800544424,-0.16339757583551864,1.3477121043853109,-0.4622088364754267,-28.20153661092377,-55.80411359687113,123.85241996069162,-14.22201355857957,-52.91544330402512,80.14937345342827
2026-06-17T17:25:57.977000,2424,-105.74703473653034,75.59428718887295,114.26802775970758,-0.25574493433870477,1.4874080401749719,-0.07253562889628414,-27.458089747573304,-55.50710140654953,123.6757391074501,-14.299416727141816,-52.97324347177805,80.45822060161663
2026-06-17T17:25:57.987000,2425,-105.66196007312368,75.32082170941341,114.09790958691761,-0.16432349276919603,1.7722732819278684,-0.6135435302561353,-28.35578653538851,-55.44648578832373,123.84258935202813,-14.627551949582248,-52.76773291350357,80.24060195383296
2026-06-17T17:25:57.997000,2426,-105.77882977995098,75.69577687914891,114.3855697017513,-1.021656669183549,2.0735762807469245,-0.4831331047057547,-28.11618516133123,-55.462650676348076,124.01449347675181,-14.600997844658856,-53.43242794691331,80.37174360773663
2026-06-17T17:25:58.007000,2427,-105.74627101614121,75.22496848536747,114.23205637880253,-0.3175613199168143,1.9147073733497706,-0.5235169823358177,-28.255076612474685,-55.38183057521115,123.64787461844705,-14.713327517195864,-52.60717919055064,79.45016717761298
2026-06-17T17:25:58.017000,2428,-105.662164295404,75.24752343159726,113.8354841712221,-0.1261942252678278,1.5230158277577217,-1.1812363593955872,-28.279706600309858,-55.49093651852517,124.67279513395472,-14.372696468421402,-53.07920699811728,80.39273938793072
2026-06-17T17:25:58.027000,2429,-105.75261221563251,75.65348824690757,114.0809643111738,0.0050634945649718766,1.0135424147066487,-0.9241200081408207,-27.708773800040355,-55.70510881026646,123.55226299999723,-14.324258262872092,-53.329670943838835,80.22381529026433
2026-06-17T17:25:58.037000,2430,-105.72186476848606,75.80572732297637,114.18024964959888,-0.38906378460448715,1.6079280632662323,-0.5639717681618033,-27.922886147033527,-55.8121949561371,123.89792185002128,-14.30344025273374,-52.76773291350357,79.86909688499254
2026-06-17T17:25:58.047000,2431,-105.59753362782914,76.03126467686133,114.11638357282666,-0.30431080994363474,1.7914462535353612,-0.878864874652401,-27.87133812909195,-55.61620734986356,123.45404866060706,-14.452291800681387,-52.75488958107219,79.66830739927174
2026-06-17T17:25:58.057000,2432,-105.76278711668684,75.9410479190454,113.86996298209269,-0.07104907288994478,1.9119692177175294,-0.6780082995405876,-27.49511608692991,-55.59196110257324,122.88540650978078,-14.510429643885082,-52.9796634140565,79.68622155058264
2026-06-17T17:25:58.067000,2433,-105.8199385286936,75.79444833630986,114.41901628265101,-0.03953938794635878,2.311878171297204,-0.8941536699080439,-28.391793537229322,-55.46062870941227,124.12466319655387,-14.434924423789173,-52.62002252298202,80.4638276756249
2026-06-17T17:25:58.077000,2434,-105.63396590933286,75.72678955182697,113.73048168746566,-0.08137815339904492,2.018792580465774,-1.105677764588522,-28.07202846711059,-55.816236720516294,124.29088530136286,-14.294276647812648,-52.64249921670555,79.83713959683308
2026-06-17T17:25:58.087000,2435,-105.61337682844203,75.94668741237865,114.22492884900343,-0.2315077002498042,1.85992367306862,-0.7753262813225524,-28.10839384618422,-55.711170372089036,124.51551920313935,-14.3980074503129,-52.523688910060464,79.33306898905607
2026-06-17T17:25:58.098000,2436,-105.51667260950853,75.40821720701109,113.53793851827434,-0.4882133501886426,1.509319167414706,-0.49834228938625724,-28.145308392724473,-55.67278120371017,124.32147238896995,-14.238301489349706,-52.61359913282909,80.03106455925698
2026-06-17T17:25:58.108000,2437,-105.56862439960918,75.239065705149,113.55923195638374,-0.5183871215754355,0.9478031508056362,-0.6153076614902963,-28.02054285970893,-55.66469984444421,124.58084116914064,-14.929947776947,-52.719566107042795,80.35152773726695
2026-06-17T17:25:58.118000,2438,-105.79336316348619,75.19677707290766,114.22307975531893,-0.42799415889322034,1.4271450875384364,-0.11907791882518858,-27.963373639089035,-55.74955954046791,123.7945813793526,-14.48091529250435,-52.706722774611414,80.35182446305583
2026-06-17T17:25:58.128000,2439,-105.69062793623449,75.4194961936776,114.36110001606338,-0.27248671567155636,1.5449269549974558,-0.04313145025530685,-27.508212116635715,-55.37172724900937,124.01682771483185,-14.758264874251978,-53.400314444023145,80.64780648586861
2026-06-17T17:25:58.138000,2440,-105.64671489981079,75.52662537728682,113.80825067239168,-0.36430203369684794,1.4874080401749719,-0.28323605340427105,-28.15684071975682,-55.53336745128323,124.2149660111151,-14.620749764309624,-52.94755335904082,80.78111466671007
2026-06-17T17:25:58.148000,2441,-105.57121711015847,75.49561270460876,113.60824480886976,-0.2591067097778447,1.50110175942708,-0.3699392244109021,-28.02443900166986,-55.527305889460656,123.04894931482023,-14.587010721944132,-52.82231966224279,80.10894283460885
2026-06-17T17:25:58.158000,2442,-105.70233027806711,75.07273243640192,114.2220414487923,-0.017960680746498148,1.2956695008273091,-0.40910489568003905,-27.38472688999287,-55.515182765815496,123.41011429377448,-14.277160651560335,-53.25902744365452,80.38060444217056
2026-06-17T17:25:58.168000,2443,-105.77262924520053,75.35183438209147,114.26068865244564,-0.07435416045246636,1.479190632187346,-0.32836286559419653,-27.83462386393471,-55.82027848489549,122.9543160368618,-14.50902348788405,-53.07599702697805,80.28447311972286
2026-06-17T17:25:58.179000,2444,-105.64319486211016,75.62811506756277,113.87258711041912,-0.08921824680006626,0.9971075987313969,-0.7402272584879492,-28.28670053247667,-55.50912120399292,124.05159859445097,-14.429110188412098,-52.844799803840814,80.61866268639018
2026-06-17T17:25:58.189000,2445,-105.63547552837267,74.89512320809156,114.40858311337715,-0.2318746427386899,1.9530533165647563,-0.3393263298647178,-27.565960517298073,-55.59196110257324,123.55307679283247,-14.144418596161987,-52.825533081256495,79.479898732871
2026-06-17T17:25:58.199000,2446,-105.97718832037621,75.5379013368501,114.89413250979935,-0.5793562464225563,1.5777965869479644,-0.6441908589234842,-27.911468966980635,-55.5414488105492,123.24187351099803,-14.539979697204478,-53.15627388845452,80.90802983952244
2026-06-17T17:25:58.209000,2447,-105.92979333670962,75.83391873543619,114.96200593541963,-0.23435469982078744,2.128357039937167,-0.6108234913182498,-28.28829309599997,-55.52528609201727,124.45820266778847,-14.451177677429257,-52.976453442917276,80.02437025176079
2026-06-17T17:25:58.219000,2448,-105.68625862621286,75.80008782964312,114.24926465470283,-0.681229623280527,1.7613177183080013,-0.38551722010556133,-27.95897828327791,-55.31717319260614,124.24877097351046,-14.529645530802604,-52.709932745750635,80.27855984407105
2026-06-17T17:25:58.229000,2449,-105.82847958134342,76.14121209358554,114.2356250184338,-0.47378034627229854,2.0626177760361495,-0.4713994671325745,-27.896072141660255,-55.42021974359001,124.04894743564323,-14.67129004300661,-52.472312132460466,80.20829820977558
2026-06-17T17:25:58.239000,2450,-105.81495604293553,75.99743377106826,114.05856067389104,-0.6807281476369165,1.5668410233280976,-0.4452287762979231,-27.811164203704145,-55.47881339488001,124.22235628791759,-14.54265388589192,-53.06315369454667,80.30447548227579
2026-06-17T17:25:58.249000,2451,-105.58832761707313,75.95796337194193,114.10093059538906,-0.24161855416727793,1.6928402987747428,-0.7497225362261658,-28.02466497269077,-55.47881339488001,124.25286679669551,-14.586920631394023,-53.04067355294866,80.40048141685531
2026-06-17T17:25:58.259000,2452,-105.78235399030558,75.81982151565465,115.05404464506935,-0.2788355384773564,1.2189746733064246,-0.726189527561386,-28.105071899005598,-55.596002866952425,124.96366359073906,-14.557454312777844,-53.050306914240814,80.76467413054112
2026-06-17T17:25:58.269000,2453,-105.86457605635064,75.10938157530998,114.08504471356228,-0.13080432803505282,1.5586236153404667,-0.8946698649693632,-27.94587563721492,-55.39597349629969,123.28360732521466,-14.466309427161743,-52.745256219780025,80.25225259353763
2026-06-17T17:25:58.279000,2454,-105.83150020578535,75.83110050232118,114.55593083231435,-0.4251013568386073,1.5586236153404667,-0.3320254055473491,-27.962004263763596,-55.57377641710549,124.59189558585203,-14.31575866565554,-52.96682008162512,79.72721969332964
2026-06-17T17:25:58.290000,2455,-105.71276645229605,75.25034166471227,114.06524833357969,-0.23615259416092513,1.9311421893250225,-0.26644463749516445,-27.9394336553378,-55.60004463133162,123.48612235081089,-14.388200193109446,-53.07920699811728,80.39817213758354
2026-06-17T17:25:58.300000,2456,-105.91462512235647,75.76062045762004,114.749227677029,-0.5599646063022272,1.8380125458288858,-0.4220040308208143,-27.7556621391508,-55.56569505783953,124.41027047598047,-14.594207609344313,-52.71635613590357,80.28969268995714
2026-06-17T17:25:58.310000,2457,-106.07273084124694,75.43077215324088,114.73102830093156,-0.3883827663049331,1.479190632187346,-0.12196949739917547,-28.02378964300422,-55.335357878073886,123.73139501244405,-15.06438942677179,-52.709932745750635,80.4117980629515
2026-06-17T17:25:58.320000,2458,-105.89756829306933,75.96360286527519,114.20676534130862,-0.25134023534533795,1.7640558739402423,-0.11687799118135841,-27.640032269291954,-55.6929856866213,124.03636607403902,-14.729007878490147,-52.883329801134956,80.75007215199784
2026-06-17T17:25:58.330000,2459,-105.85607006020268,76.07637154221767,114.45841689009944,-0.4643380213544148,1.7037958623946097,-0.41738471325020543,-28.358361236154554,-55.503059642170335,124.34064267118389,-14.050435464080683,-53.162697278607446,79.53154919550514
2026-06-17T17:25:58.340000,2460,-105.83702575427608,75.64221228734431,114.78504486383392,-0.4941718558126247,1.6051869665430833,-0.4002858222299214,-28.364254529936083,-55.35556453047743,124.55682053611815,-14.651492858279187,-52.472312132460466,80.10033655596777
2026-06-17T17:25:58.350000,2461,-105.89934792649755,75.21933201913745,114.63599326912765,-0.2296914684509268,1.2271920812940504,-0.25033891632987276,-28.419028238406362,-55.438404429057755,124.81630703537577,-14.407513551232546,-53.23012735977806,80.38769493567364
2026-06-17T17:25:58.361000,2462,-106.01057132815873,75.53226184351684,114.7307594959475,-0.2697245539798804,1.5558854597082257,-0.45849279965244716,-28.164807869357166,-55.55963349601695,123.85148924673109,-14.462228057664646,-53.422794585621155,79.8877958482043
2026-06-17T17:25:58.371000,2463,-105.7161886753426,75.78881187007984,114.16378448457381,-0.5905678562132805,1.358667668005178,-1.097763930002406,-28.148465056356034,-55.74147818120194,123.56951419837662,-14.718314711899335,-52.73562285848787,81.28675078973409
2026-06-17T17:25:58.381000,2464,-105.86262839584205,76.02844341664307,114.47462907615972,-0.3071144218625451,1.7613177183080013,-0.5889309968983742,-28.189088971108767,-55.68692412479872,124.60131104027,-14.705077118136659,-53.397104472883925,80.57905984308941
2026-06-17T17:25:58.391000,2465,-105.67536285485613,76.0961052282292,114.31119407496608,-0.21090300135204507,1.9694881325400133,-0.7409149931853669,-27.468727854589577,-55.65661848517823,123.54655796477876,-14.09923228895104,-52.92507666531727,80.1005824295277
2026-06-17T17:25:58.401000,2466,-105.8223897751148,75.92413246614888,114.37760104949103,-0.27447697548542493,2.03248924080879,-0.8959637656726851,-28.17820264857892,-55.26262130569534,124.19164065387923,-14.274942553399526,-53.127373804578056,80.78145244037505
2026-06-17T17:25:58.411000,2467,-105.69546255064185,75.37720756143628,113.89831194146768,0.21159934393948682,1.7366654943451185,-0.639716179207159,-28.16862289339976,-55.32727651880792,124.64731685063381,-14.736106269876124,-52.976453442917276,79.96737483102424
2026-06-17T17:25:58.421000,2468,-105.64178038442236,75.5407195699651,114.06750564533613,-0.1330258527406566,1.2956695008273091,-0.761340089149444,-27.741286374412297,-55.515182765815496,123.97866333674095,-14.719030925732845,-53.05352033325452,80.52070639072619
2026-06-17T17:25:58.431000,2469,-105.54100527147065,75.63375456089604,113.87927477010777,-0.17405766324722072,1.6216217825183403,-0.5023197549527089,-27.569973620286657,-55.72127369829081,123.82138740592556,-14.282316854211947,-52.51405554876831,80.37912592485218
2026-06-17T17:25:58.441000,2470,-105.50130459319324,75.43359038635589,112.91809405658135,-0.3263832072035119,1.0683231738968966,-0.9564530275070527,-27.818691195831114,-55.70510881026646,123.68127525394124,-14.272826539411911,-53.35857102771529,80.26820882365108
2026-06-17T17:25:58.451000,2471,-105.54819460458489,75.33773716230995,113.53794853946606,-0.30439531430511785,1.816098477498244,-0.9558468615011507,-28.09205601844324,-55.63843379971049,124.06728090971815,-15.03244109419144,-52.857643136272195,80.17391493670908
2026-06-17T17:25:58.462000,2472,-105.44322446767285,75.43359038635589,113.518287084479,-0.21601928347924992,1.7311862419897337,-0.5685086471271755,-28.04014636107472,-55.46062870941227,123.68083628643028,-14.440955362676139,-53.2558174725153,79.73578870415112
2026-06-17T17:25:58.472000,2473,-105.58249362442541,75.77753288341333,113.56429897087696,-0.21685680325963788,1.512057323046947,-0.4689868214686361,-27.898046958006095,-55.452547350146304,123.73305130172977,-14.827533039897713,-52.883329801134956,80.54888535815017
2026-06-17T17:25:58.482000,2474,-105.63975064467118,75.77753288341333,113.64739824218093,-0.3614131244340404,1.3805817363358197,-0.6700580727169324,-28.01888347172559,-55.44446599088034,123.44040314826132,-14.690090872374387,-53.04067355294866,79.44695180712685
2026-06-17T17:25:58.492000,2475,-105.61782766598327,75.40821720701109,113.37775177319278,-0.5655612066715358,1.6380565984935922,-1.107695792226801,-27.719249977672654,-55.78188931651662,122.95299912095409,-14.141911672543346,-53.21407405620745,79.81165442602014
2026-06-17T17:25:58.502000,2476,-105.29666190417099,74.74570236513777,112.87725694572605,0.039896604529799706,1.3915372999556865,-0.620544593638906,-27.96150006465328,-55.65459651824243,123.6804565707562,-14.780373015378263,-53.368204389007445,80.06338076560374
2026-06-17T17:25:58.512000,2477,-105.28306269374315,75.33773716230995,112.62331643314029,-0.14683452623404697,1.7722732819278684,-0.9933296701015001,-27.906999599012238,-55.61418755242018,123.29475484978586,-14.205335099046334,-52.69066602316633,79.54642388792885
2026-06-17T17:25:58.522000,2478,-105.57743755297437,75.32646120274667,113.49337288474675,-0.21476706335935908,1.848968109448753,-0.9786042044775168,-27.897774866902843,-55.22827173220325,123.85926003716935,-14.717504175416071,-53.25260750137607,81.08935212097477
2026-06-17T17:25:58.532000,2479,-105.54025157923506,75.61965734111452,113.54022616533408,0.0273009898138592,1.8845758970315027,-1.040309714556446,-28.366520327714664,-55.52326412508146,123.61591864733018,-14.47139306826221,-53.15627388845452,79.9197580385402
2026-06-17T17:25:58.543000,2480,-105.46644131561482,75.49279447149375,113.26283368774723,-0.21443457849654574,1.8900551493868876,-1.018412433990097,-28.067834544408512,-55.365665687186784,124.05128897133291,-14.679917615194377,-52.8769098588565,80.42322273245004
2026-06-17T17:25:58.553000,2481,-105.5253642068111,75.99743377106826,113.14189838756272,-0.018864629354067852,1.676405482799491,-1.478252081147383,-27.529058724101183,-55.55963349601695,123.41459631890673,-14.411855044036486,-52.94755335904082,80.18881364104124
2026-06-17T17:25:58.563000,2482,-105.4149032385993,75.34055539542496,113.08309905355553,-0.46242701318551566,1.6298391905059662,-1.4287187512441832,-27.456587303713782,-55.644495361533075,123.1716470680093,-14.209012584145768,-53.43884788919176,79.81218090207165
2026-06-17T17:25:58.573000,2483,-105.47734825382318,75.55199855663162,113.2642330060163,-0.4698176151031559,1.6435358508489821,-1.5961571262365852,-27.641382754287875,-55.66268004700082,123.73784888697458,-14.529896911442464,-53.297560888823135,80.02650441305538
2026-06-17T17:25:58.583000,2484,-105.52842768133982,75.68450091958563,113.34910367353044,-0.3174470616456281,1.2491032085337845,-1.0165984219927169,-28.29922496727207,-55.428301102855976,123.70401497228092,-14.681822944316218,-53.43884788919176,81.19839909252879
2026-06-17T17:25:58.593000,2485,-105.65288037805935,75.20241656624093,113.74315080937737,-0.0455373884306067,1.7257099307252515,-0.7476537579109361,-28.010852280488265,-55.244436620227596,123.07004516714187,-14.915781878808534,-52.581489077813394,80.67180903080852
2026-06-17T17:25:58.603000,2486,-105.6751755066854,75.61683910799951,113.96746109828837,-0.1391114394536124,1.8352714491057371,-0.8656995246216828,-28.08383288524615,-55.54751037237178,124.05817018806842,-14.138238360808318,-52.80947632981141,79.54590152043201
2026-06-17T17:25:58.613000,2487,-105.55918898998291,75.7183318253787,113.67954773276162,-0.19608196913867446,1.6216217825183403,-0.2806051154972473,-28.281940183075502,-55.6929856866213,124.72948568811336,-14.750099367569884,-53.02783022051728,79.9188937888237
2026-06-17T17:25:58.623000,2488,-105.61453574021314,75.64221228734431,113.30631496931235,-0.4260656241901448,1.673664386076342,-0.2610429099732964,-27.86473757199398,-55.78390911396001,123.02021201645329,-14.292716582377343,-52.81268630095064,80.08463110159069
2026-06-17T17:25:58.633000,2489,-105.78266044755813,75.03608329749385,113.95925502135434,-0.6529104341104722,1.7037958623946097,-0.5712220236394383,-27.49346186715788,-55.67278120371017,124.1414567398149,-14.437331108514263,-53.130583775717284,80.73488827149586
2026-06-17T17:25:58.644000,2490,-105.7999103322739,76.05381659598787,114.1759632028469,-0.27870294274743124,1.9777055405276391,-0.34990474840251784,-28.161937201898187,-55.7273352601134,124.1447049275166,-14.557454312777844,-52.31175840950753,80.76467413054112
2026-06-17T17:25:58.654000,2491,-105.70869789226904,75.36311034165475,113.52811047940973,-0.5186281274177527,1.3668850759928037,-0.15076555191787855,-27.852289932178937,-55.94150755185468,123.7691030960317,-14.293788647843954,-52.883329801134956,79.7186966325607
2026-06-17T17:25:58.664000,2492,-105.8684680957477,75.4730607854822,114.34177356976627,-0.5840539354184701,1.7914462535353612,-0.6084837119666038,-28.144689046634713,-55.35556453047743,124.17258809075221,-14.895935255640081,-53.22691738863883,80.86525267361166
2026-06-17T17:25:58.674000,2493,-105.86233543943231,75.51816765083856,114.59685012873634,-0.8393360855718262,1.848968109448753,-0.4137511150324626,-27.974592740195988,-55.5111410014363,124.97814670918547,-14.282804854180682,-53.01177346907219,80.49756888912457
2026-06-17T17:25:58.684000,2494,-105.81415379335525,75.3433766556432,114.50209972793571,-0.41079510049339407,1.2491032085337845,-0.33362191337814784,-27.636171125167024,-55.901098586032425,124.5706646874512,-14.630375434736424,-52.989296775348656,80.29908378049907
2026-06-17T17:25:58.694000,2495,-105.9748993937774,75.35183438209147,114.78622258344842,-0.6171494697871472,1.3723643283481937,-0.11630829925020986,-27.925580980039136,-55.5414488105492,123.46715720723222,-14.484630662024887,-53.233340778791764,80.62744898518487
2026-06-17T17:25:58.704000,2496,-105.7398770866512,75.61119961466625,114.43292472390414,-0.27668211809927784,1.5942314029232165,-0.0671386875208869,-28.488482017731346,-55.20402548491292,124.38359949548675,-14.456055202966482,-53.25902744365452,79.64252172261342
2026-06-17T17:25:58.714000,2497,-106.04487466889489,76.0961052282292,115.1235198343953,-0.24873457513449598,1.5942314029232165,0.009284755842668607,-28.321360403484697,-55.515182765815496,124.46592069266298,-14.641337130098172,-53.02462024937806,80.45405286136544
2026-06-17T17:25:58.724000,2498,-105.78207756869456,75.76062045762004,114.57010254545217,-0.4785163856860908,2.054400368048524,-0.21337513082093829,-28.04396138511735,-55.65661848517823,124.47666389033297,-14.964944703655448,-52.655345997011416,81.32967448803538
2026-06-17T17:25:58.735000,2499,-106.16431414425017,75.38848352099954,115.33354035619921,-0.2793664345128273,1.670926230444101,0.07746202768071787,-27.89676828273037,-55.18988256382437,124.59913919126929,-14.783071732852253,-53.02783022051728,80.09225264482353
2026-06-17T17:25:58.745000,2500,-106.06789414051258,75.76062045762004,114.8274106848545,-0.15466602312691016,1.6983166100392248,-0.28013292685004443,-28.069327497118792,-55.452547350146304,124.88791967549174,-14.503055343072656,-53.35536105657607,80.0885480661055
2026-06-17T17:25:58.755000,2501,-105.84220163477363,75.5379013368501,114.8197510781866,-0.21882564374756158,1.7311862419897337,-0.27857555744965534,-28.66542546568455,-55.21817057549389,124.55072336195794,-14.521341900805803,-52.6328658554134,80.14259592805996
2026-06-17T17:25:58.765000,2502,-105.8034982484096,75.2136925258042,114.49158437309521,-0.37823275104501786,1.9064899653621397,-0.369893259880422,-28.167086603430235,-55.74551994558114,125.14081156582817,-14.67516947030484,-53.050306914240814,80.52340508951364
2026-06-17T17:25:58.775000,2503,-105.78767798981804,75.48715497816049,114.50969154243427,-0.5020514440739112,1.4326243398938214,0.01360812871142103,-28.501950809110408,-55.567714855282915,125.12505915800493,-14.948193682571063,-53.02462024937806,80.3957088848569
2026-06-17T17:25:58.785000,2504,-105.73094317661061,75.58582946242468,114.53500393904677,-0.46710132748849653,1.4161895239185696,-0.17589710836705444,-28.044604606796796,-55.59196110257324,123.96048792404903,-14.833055242525887,-52.74846619091925,80.63623906403608
2026-06-17T17:25:58.795000,2505,-105.89529788817369,75.92131423303385,114.89499947947142,-0.44112651780342604,1.7092751147499947,-0.08293693357501128,-28.313844533603994,-55.775827754694035,124.67446875023275,-14.739326258772417,-52.37276854839969,80.43583330203276
2026-06-17T17:25:58.805000,2506,-105.98428415973201,75.80854555609139,115.0820887752161,-0.7328734298303511,1.9064899653621397,0.13269498792401008,-27.98759233030072,-55.5111410014363,123.81057411569952,-14.632660119469303,-52.80947632981141,80.54053363530194
2026-06-17T17:25:58.815000,2507,-105.99952629908904,75.1629461671146,115.00534227079753,-0.29892820985636015,1.7202306783698667,-0.2986952182561575,-27.881661379085756,-55.53336745128323,124.61493353731196,-14.653282162387857,-53.02783022051728,80.53462035965012
2026-06-17T17:25:58.826000,2508,-105.73023233446179,76.00870973063154,114.08285480636026,-0.6786247739942673,1.4545384082244632,-0.25935164505143327,-28.324525406539514,-55.531347653839845,123.38143032362476,-15.130820751628828,-52.639289245566324,80.87695383704711
2026-06-17T17:25:58.836000,2509,-105.7697072347999,76.0453588695396,114.14391145212389,-0.5173708700636676,1.46549397184433,-0.21311283216373972,-27.83557598860162,-55.246456417670984,123.8770952785216,-14.64118045297596,-53.65399180875839,80.10329359060455
2026-06-17T17:25:58.846000,2510,-105.78702196399487,75.32082170941341,114.37417182294769,-0.6454122330050225,1.5586236153404667,-1.2446077093482204,-27.890244520612768,-55.428301102855976,124.56661000452388,-14.34009010311559,-52.941129968887886,80.30821275513519
2026-06-17T17:25:58.856000,2511,-105.76178411751553,76.06791381576939,113.90643610456323,-0.3496252755888041,1.673664386076342,-0.7208345526465048,-28.227628876571213,-55.428301102855976,123.98253750563492,-14.483597886655888,-53.17554061103883,81.00325586437754
2026-06-17T17:25:58.866000,2512,-105.90595005985261,75.93259019259713,114.53910465554685,-0.005090413486749795,1.9256629369696374,-0.8500707782500726,-27.864790491384625,-55.527305889460656,124.08657973836335,-14.714322070940884,-52.84800977498004,80.63076115795249
2026-06-17T17:25:58.876000,2513,-105.75346034925543,75.58582946242468,113.8907301481608,-0.3640985852899963,1.9037518097298984,-0.6993311020293147,-28.216360301218863,-55.5757983840413,124.2953673264951,-14.41541650412275,-53.04067355294866,80.11367809878764
2026-06-17T17:25:58.886000,2514,-105.66419194882818,75.51816765083856,113.8891858837045,0.04895479394246377,2.0845318443667917,-0.8260223626004778,-27.957948792290644,-55.31919515954195,123.09095240985883,-14.439671206667242,-52.23469151917029,80.36365101435946
2026-06-17T17:25:58.896000,2515,-105.58991652906391,75.28135433739034,113.82001536776525,-0.1771745400522366,1.7832288455477354,-1.0903909274492487,-28.241190570437094,-55.365665687186784,124.62650840408811,-14.216446090874783,-53.13700716587021,80.363429152708
2026-06-17T17:25:58.906000,2516,-105.71426966411326,75.38566528788454,114.01053416178154,0.0779413676697035,1.673664386076342,-1.2652194096271023,-28.401170228202375,-55.67682296808937,124.36276723567563,-14.927070284049263,-52.706722774611414,80.9057379247165
2026-06-17T17:25:58.917000,2517,-105.53231938142602,75.72678955182697,113.60582776991387,-0.12271544320812,1.1203657774548983,-1.3769134154613634,-27.789717140478423,-55.46062870941227,124.17690636619,-14.839925420047091,-52.68103266187418,80.73802910634275
2026-06-17T17:25:58.927000,2518,-105.72607632724512,75.66476723357408,113.40551707716381,-0.3065765332258929,1.5887521505678315,-0.8709633585521073,-27.548347368444517,-55.646515158976456,123.80465745557261,-14.732123396393227,-52.96682008162512,80.56636526201278
2026-06-17T17:25:58.937000,2519,-105.46913392714518,75.20523479935594,113.51537964188445,0.06804095476028155,1.9229247813373964,-1.134091519567383,-28.084395957782185,-55.462650676348076,123.30695569775429,-14.6804217384856,-52.48515546489185,79.91910617462051
2026-06-17T17:25:58.947000,2520,-105.50091302274222,75.91003827347059,112.83678649559917,0.20487693750361274,1.5695791789603386,-1.0606496257224056,-27.82762159234468,-55.60408422621839,123.90804475481046,-14.613322232559646,-53.050306914240814,79.9185846007454
2026-06-17T17:25:58.957000,2521,-105.28424092660464,75.5660927493099,112.86724782054333,0.1853671463203289,1.848968109448753,-0.9636295467586663,-27.654097499945976,-55.632372237887914,123.02901231702334,-14.513974980648893,-53.37462777916038,80.23364553043096
2026-06-17T17:25:58.967000,2522,-105.43274032307427,75.39694124744781,113.05536961798711,-0.30175794481760493,1.4353624955260624,-1.2258766244988846,-28.14194129423843,-55.543470777485005,123.53698501163122,-14.927532349554934,-52.97324347177805,80.39174975034605
2026-06-17T17:25:58.977000,2523,-105.29550661333082,75.1629461671146,112.7599780038388,0.13564879260635637,1.355929512372937,-0.7612596904978022,-27.638813038781997,-55.43436266467856,123.07353232275207,-14.510217553342798,-52.9603966914722,79.94814939176098
2026-06-17T17:25:58.987000,2524,-105.36261484261493,75.40821720701109,112.93072599335521,0.09721015301067032,1.3805817363358197,-0.8976973790184238,-27.60439026104123,-56.02232765299161,123.53059473000874,-14.522456024057927,-52.98608680420943,79.78653307557089
2026-06-17T17:25:58.998000,2525,-105.28557878464355,74.74852362535601,112.59545338931156,-0.3760198228475709,1.4271450875384364,-0.8509692728512287,-27.818950533591003,-55.56569505783953,123.88759380659678,-14.623259895219373,-53.303984278976074,80.1380779518544
2026-06-17T17:25:59.008000,2526,-105.28421798458331,75.41667493345935,112.74059537502751,-0.14269110796655549,1.8626647697917638,-1.4424997577365304,-27.920399363494152,-55.46669027123485,123.46864301186726,-14.773704780055855,-52.9796634140565,80.01094058889234
2026-06-17T17:25:59.018000,2527,-105.37195243758713,76.02280695041306,112.97328280599888,-0.01901723804311342,1.829795137841255,-0.7628534521357251,-27.856005916748593,-55.51922453019469,124.82868919533921,-14.44303072455471,-52.61681255184279,80.2391656065106
2026-06-17T17:25:59.028000,2528,-105.47782647207666,75.98333655128673,113.1193392394446,0.3834182969873109,1.7750114375601094,-0.9780982879484333,-28.12958492581315,-55.579837978928076,124.18838163883322,-14.078230890421414,-53.085630388270204,80.6402222104554
2026-06-17T17:25:59.038000,2529,-105.45531325967366,75.93541145281539,112.72772496857284,-0.0067810421568834656,1.964011821275531,-1.520392557672255,-28.02959338846206,-55.2747444293405,123.87879270806508,-14.842918937957997,-52.37276854839969,80.52471147528958
2026-06-17T17:25:59.048000,2530,-105.5263931819596,75.9015805470223,113.59848312955256,0.14159984616456733,1.8626647697917638,-1.0331886502910368,-28.130728992439813,-55.23837505840502,124.74991362102328,-14.298040050097782,-53.12416383343883,79.81135392017475
2026-06-17T17:25:59.058000,2531,-105.67729874019503,75.52662537728682,113.85828600538511,-0.03094821655125224,1.5312332357453478,-1.436111604622511,-28.16525914907681,-55.63843379971049,123.69656053991689,-14.562558690168377,-52.70350935559771,79.49834393391164
2026-06-17T17:25:59.068000,2532,-105.49651377650153,75.73242601805698,113.26778133153597,-0.20780365108118592,1.662708822456475,-1.0222128675346955,-27.849784258310045,-55.54751037237178,123.83862127731265,-14.484181952153733,-52.17047140913891,80.51887843107518
2026-06-17T17:25:59.078000,2533,-105.76965355717233,75.51816765083856,114.19368800132494,-0.41404846582012356,1.5202747310345728,-1.4718523976240465,-27.7062742631576,-55.917261304564356,123.45551144993834,-14.243620344102569,-53.27829416623883,80.06906349737116
2026-06-17T17:25:59.091000,2534,-105.92319994456837,75.78317237674659,114.75581283703939,-0.21954615690738144,1.9119692177175294,-0.6721343833715113,-28.409662669679626,-55.2747444293405,124.24567001984747,-14.760638243858537,-52.78057624593495,80.59771285624862
2026-06-17T17:25:59.099000,2535,-105.67065470438212,75.64221228734431,114.06827487515048,-0.5097823164379398,1.3504502600175519,-0.46177108194938765,-27.594315226560987,-55.45860891196888,122.90856138236595,-14.888063187383395,-53.178750582178054,79.89415616209197
2026-06-17T17:25:59.109000,2536,-105.57191503843953,75.75216273117177,113.63066427217176,-0.7121200150353333,2.0078370168459068,-0.7221668855409579,-27.7422734969152,-55.46669027123485,123.90384933749247,-14.206370304900398,-53.130583775717284,80.73688458263285
2026-06-17T17:25:59.119000,2537,-105.93907422009838,75.67322496002237,114.68793387831978,-0.26468967640476493,1.323059880422428,-0.3601364715615105,-27.75309079254786,-55.62428870912953,123.74594822344652,-14.635626340905684,-52.46589219018202,79.6947905614041
2026-06-17T17:25:59.129000,2538,-105.85406534879982,75.21933201913745,114.53136762313288,-0.23929614300841937,1.3340154440422949,-0.11057502286545831,-28.230824554524077,-55.636411832774684,124.62948081131988,-14.902488871625788,-52.517268967782016,80.5768051961031
2026-06-17T17:25:59.139000,2539,-105.61919021305961,75.37156806810302,113.59901071832903,-0.3284577094544456,1.8078810695106182,0.07478591331971762,-28.328124613032617,-55.365665687186784,125.2035654514989,-14.409034326570286,-52.76130952335065,80.13033102075337
2026-06-17T17:25:59.149000,2540,-105.94263582094601,75.62811506756277,114.51049242428715,-0.20403940267808754,1.3449739487530699,0.4040494696396306,-27.891675154752107,-55.913221709677586,124.50313134148962,-14.426864793776756,-52.86085310741142,80.38708524174999
2026-06-17T17:25:59.159000,2541,-105.73067886948013,75.38848352099954,114.11439030623374,-0.7996351513878617,1.0902372422275333,0.008087570346780204,-28.11743938967719,-55.52528609201727,123.9797339871305,-14.16512898675127,-52.581489077813394,80.74871034031473
2026-06-17T17:25:59.169000,2542,-105.79282184776962,75.59992365510297,114.72082226341156,-0.9324775762033467,1.4134513682863283,0.20087500595494062,-28.095093121175235,-55.583879743307264,124.07787254565312,-14.545297189945844,-52.62002252298202,80.94603447343482
2026-06-17T17:25:59.180000,2543,-106.0341412173606,75.68731915270065,115.03612409514767,-0.5980101803667126,1.665446978088716,0.2226736131974806,-28.31600295248638,-55.27676422678389,124.32985753529447,-14.247531680842899,-52.78378621707418,80.70531970042379
2026-06-17T17:25:59.190000,2544,-106.0288688091487,75.56045628307989,115.16429495790888,-0.14269944255029393,1.6161454712538583,0.17080724820547918,-27.882197221868974,-55.61216775497679,124.69504824487771,-14.551949639148635,-52.941129968887886,80.05476580472974
2026-06-17T17:25:59.200000,2545,-105.72277298695914,76.12429664068901,114.67305453509448,-0.273992764451553,1.7804906899154944,0.136008874381983,-28.36763275066844,-55.549532339307596,125.00877493705032,-14.723581741391126,-53.400314444023145,80.05989804853718
2026-06-17T17:25:59.210000,2546,-106.17338172483392,75.89875928680407,115.62497066693533,-0.5166111955613868,1.4490591558690782,-0.04187402362674071,-28.144863249990983,-55.543470777485005,124.31013136444432,-14.80188694266317,-53.050306914240814,80.27461018541484
2026-06-17T17:25:59.220000,2547,-106.03620297965777,75.81982151565465,115.27980699167829,-0.41859992534376084,2.0653588727592984,-0.3643659572529303,-27.906422050066837,-55.30303027151759,124.54477124988475,-14.818215525542346,-52.69387599430556,80.16616800560806
2026-06-17T17:25:59.230000,2548,-106.18913922527327,75.5379013368501,115.95971699893776,-0.5484216560910956,1.5668410233280976,-0.18211293376846202,-28.14916455158925,-55.55559390113017,123.95343702062453,-14.428802032340664,-52.976453442917276,81.48341092514329
2026-06-17T17:25:59.240000,2549,-106.05237324555335,75.73242601805698,115.45611239932654,-0.07901121014572707,1.4463210002368372,-0.16722541896410414,-27.79954674226819,-55.759662866669686,124.260087386809,-14.875843270475816,-53.050306914240814,80.9994805300768
2026-06-17T17:25:59.250000,2550,-106.0235954533079,76.0171674570798,115.29246609239827,-0.4028146257788715,1.470973224199715,0.024961424861131218,-28.410369932996062,-55.49295848546098,124.46332879906697,-14.390501001164852,-53.6026150311584,80.01706247028447
2026-06-17T17:25:59.260000,2551,-105.80137069400435,75.60556314843623,114.23434955896158,-0.41469362012679917,1.662708822456475,-0.1751194027250487,-28.430725848985738,-55.551552136750985,125.01361446051455,-14.58753063135493,-53.60582500229763,80.5485351221958
2026-06-17T17:25:59.270000,2552,-106.02843344098201,75.84519469499946,115.1960881965677,-0.7113909053673373,1.4572765638567042,0.019138177531788536,-28.217158835925062,-55.49295848546098,124.4155316533382,-15.011323670648643,-52.4980022451977,80.37266216124038
2026-06-17T17:25:59.281000,2553,-105.64367436730339,75.55199855663162,113.72769783193976,-0.5596763200160683,1.9147073733497706,-0.5872405200530202,-28.15837202446619,-55.517202563258884,123.88773454098745,-14.627782593932078,-52.97324347177805,80.92238216444932
2026-06-17T17:25:59.291000,2554,-105.63396590933286,75.73806551139023,113.73048168746566,-0.4938741620937072,1.4819287878195821,-0.2177789023413378,-27.825394146565145,-55.260599338759526,123.68508446931202,-14.734601617860882,-52.989296775348656,79.60217922384258
2026-06-17T17:25:59.301000,2555,-105.65186749897617,75.76625692385005,113.71629968140795,-0.33122846765429703,1.673664386076342,0.14240102556596512,-28.19793921847884,-55.21817057549389,124.5930420171091,-14.290909749269705,-53.002140107780036,80.27290191783382
2026-06-17T17:25:59.311000,2556,-105.48112048417373,75.83391873543619,113.55718173399778,-0.2509560998401191,1.7585766215848524,0.1426145316625849,-28.048086852262287,-55.21817057549389,123.98242058450965,-14.828501659179668,-53.29435091768392,81.09704819984682
2026-06-17T17:25:59.321000,2557,-105.6460918441625,75.4730607854822,113.4963061745522,-0.1549578686870519,1.4161895239185696,-0.11489439766424658,-27.943950957436705,-55.5414488105492,124.66587197899983,-14.768134544663129,-52.96682008162512,80.22499708179383
2026-06-17T17:25:59.331000,2558,-105.6366914910381,75.2136925258042,113.8066028632501,-0.10662466434071952,1.3668850759928037,-0.45733004827772566,-27.4662410710502,-55.462650676348076,123.11727912662475,-14.989915620033415,-52.68103266187418,80.81360300459932
2026-06-17T17:25:59.341000,2559,-105.67023890497,76.2145103714017,113.86031038056011,-0.2470317190888366,0.9751935304007551,-0.7598259380866644,-28.216896715342124,-55.55761369857356,124.20921389864432,-14.589099439457257,-52.37919193855262,79.98976100848814
2026-06-17T17:25:59.351000,2560,-105.6079258132732,75.5632745161949,113.70628502312593,0.06528543420979459,2.144791855912424,-0.544854849503243,-27.918704977674857,-55.55761369857356,123.32579823189621,-14.656997531908399,-52.75488958107219,80.81024488177917
2026-06-17T17:25:59.361000,2561,-105.48604288508162,75.99461251085,113.2345982942492,-0.5962239644019565,1.9420977529448893,-0.6433288383970892,-27.866409713320657,-55.48487495670259,123.82812274923751,-14.537051741057086,-53.10168369184081,80.19738265186271
2026-06-17T17:25:59.372000,2562,-105.39250075471814,75.80854555609139,112.95834186304667,-0.37263333073294147,1.8736203334116357,-1.4713773809467425,-28.144876003334357,-55.29494891225163,123.97760407634921,-14.525115451434342,-52.92507666531727,79.80553254462798
2026-06-17T17:25:59.382000,2563,-105.66568129914876,75.38848352099954,113.40474231425006,-0.21619801521061116,1.4572765638567042,-1.0702253021122663,-27.80697804908532,-55.89503702420985,123.81649591485926,-14.032310196437326,-53.15306391731529,79.51698448478145
2026-06-17T17:25:59.392000,2564,-105.60580163213469,75.67886142625238,113.81546038775741,-0.15700206802813826,1.509319167414706,-1.614774954466125,-27.602877846661386,-55.80613556380694,123.35902918070141,-14.092491492077526,-52.404878603415376,79.71712621513726
2026-06-17T17:25:59.402000,2565,-105.45095815045951,75.78881187007984,113.0456237646892,0.05037714928555892,1.7257099307252515,-1.0821475021166158,-27.577876728249986,-55.61216775497679,122.72407589603812,-14.43432918513929,-53.1177404432859,79.69322014398065
2026-06-17T17:25:59.412000,2566,-105.38699814824878,75.63093632778103,112.85588027704301,-0.015337755925936725,1.6928402987747428,-1.374626344903046,-27.793597174932888,-55.46669027123485,123.14381073334289,-14.369719073833021,-52.70350935559771,79.98349749688195
2026-06-17T17:25:59.422000,2567,-105.46209096602973,75.20241656624093,112.91124562468623,0.2779652516163962,2.120139631949541,-1.2962248822453546,-27.80930788850085,-55.82229828233888,123.60942877157476,-14.903643646986996,-52.81910969110357,80.23060905797851
2026-06-17T17:25:59.432000,2568,-105.25757986122368,75.66476723357408,112.89751234903696,-0.2443521063916564,1.7092751147499947,-1.0782983578486638,-28.25490356084441,-55.476793597436625,123.51032485848182,-14.70806786835963,-52.91222988501141,80.36574300565799
2026-06-17T17:25:59.442000,2569,-105.30825560380873,75.36029210853974,112.83774698876476,-0.5225527700934731,1.9256629369696374,-1.209378325261528,-27.6745540865057,-55.695007653557106,123.31554517137756,-14.482238738610786,-52.9282866364565,79.73383456301018
2026-06-17T17:25:59.452000,2570,-105.34571496520319,75.55199855663162,112.90843038885009,-0.10894626457499573,1.6216217825183403,-1.0964803896685342,-28.36482095663517,-55.428301102855976,123.63933711242585,-14.310474488032675,-53.25260750137607,80.01036928490826
2026-06-17T17:25:59.462000,2571,-105.16918858300949,75.18550111334439,112.16290399599853,-0.26152141088178066,1.662708822456475,-1.4338177898013496,-27.66811047353151,-55.646515158976456,123.51805450866233,-14.62510461274811,-52.74204280076633,79.95967464359748
2026-06-17T17:25:59.472000,2572,-105.14508949257157,75.14885197443631,112.41861037169512,0.11305187852773985,1.649015103204367,-1.8223742105362521,-27.60627994298346,-55.61418755242018,123.14592331713186,-14.662623180721232,-52.81910969110357,79.98350127693843
2026-06-17T17:25:59.483000,2573,-105.40689233481439,75.17140389356287,112.70541907114779,-0.09284211388964475,1.5339713913775888,-1.4424557513224183,-27.606088001023664,-55.60812599059759,123.50717057660162,-14.558777758884318,-53.29435091768392,80.14668423049547
2026-06-17T17:25:59.493000,2574,-105.54488881731815,75.56045628307989,113.03678233792934,-0.4288175138732636,1.2518443052569335,-1.4589849504115568,-28.293147499613955,-55.46669027123485,123.68282032378802,-13.659168847886166,-53.01177346907219,79.77220966472892
2026-06-17T17:25:59.503000,2575,-105.61084350277821,75.47023952526396,113.45665231641075,0.11534097650293176,1.5367095470098298,-0.6131612307163007,-28.40278666731532,-55.58994130512985,124.10431104451148,-14.956949229730078,-52.88654322014865,80.32896233327116
2026-06-17T17:25:59.513000,2576,-105.62934649298825,75.47023952526396,113.62776685076895,-0.5015232963878223,1.7640558739402423,-0.7900442146071865,-27.871418278235403,-55.87079077691952,123.68908718463724,-14.756157602931342,-53.12416383343883,79.8232802601946
2026-06-17T17:25:59.523000,2577,-105.36562335257634,75.69577687914891,113.1877033404317,-0.3834057210488231,1.3668850759928037,-0.8445359432832318,-27.824070891322048,-55.25251797949356,123.15227245849657,-14.715142755767602,-52.91544330402512,80.51688211993817
2026-06-17T17:25:59.533000,2578,-105.52433047203354,75.9015805470223,113.35480050475019,0.02827029439959075,2.142053700280183,-0.7635439330260185,-27.45523681871786,-55.438404429057755,123.47016425507375,-14.36644226584015,-52.95076333018004,80.12772123563623
2026-06-17T17:25:59.544000,2579,-105.75868211379566,75.43359038635589,114.17874125354524,-0.14922699708745535,1.4819287878195821,-1.0139674840856907,-28.0940069591994,-55.347481001719046,124.41644504030639,-14.677773484261223,-52.9282866364565,81.15509167050999
2026-06-17T17:25:59.554000,2580,-105.75029126648771,75.57173224264317,114.14947889144744,-0.8912470210063016,1.6188836268860993,-0.6481120814272276,-27.740574125835707,-55.77178599031484,123.92726780258818,-14.27174709328982,-52.706722774611414,80.94542020583293
2026-06-17T17:25:59.564000,2581,-105.91142460401781,75.75216273117177,113.78210268641736,-0.16479521450312345,0.8848049836277625,-1.123895400569423,-28.056210945986404,-55.57175661966211,124.25528980156419,-14.746514403505616,-53.1691172208859,80.9278657663311
2026-06-17T17:25:59.574000,2582,-105.80712469373645,75.85083418833271,114.32769510839381,-0.0003496703565875059,1.6407976952167411,-0.9342234100013168,-28.357818685045146,-55.66268004700082,124.59306583037451,-14.265834361898497,-52.472312132460466,80.13680804027632
2026-06-17T17:25:59.584000,2583,-105.94666723814419,75.44768760613742,114.49124367546437,-0.39971916829980064,1.7284480863574927,-0.43021098207868813,-27.65917509175783,-55.43032306979178,123.45754825285982,-14.535539708386334,-52.93471002660944,80.14346395783294
2026-06-17T17:25:59.594000,2584,-105.87059132925734,75.75498096428679,114.23259847686303,0.12958187686998304,1.7613177183080013,0.17762366538981722,-27.509124075255315,-55.4828551592592,123.54071194648648,-14.685847875584663,-52.603965771536934,80.60928027808116
2026-06-17T17:25:59.604000,2585,-105.83476010900948,75.65067001379256,114.80379214281936,-0.4432654935145347,2.0735762807469245,-0.04649608739023077,-27.57326833771246,-55.61216775497679,124.20457221620573,-14.24386434408692,-52.963610110485895,80.12828497950737
2026-06-17T17:25:59.614000,2586,-105.90633512365848,75.77753288341333,114.9234981448542,-0.365398085853729,1.7284480863574927,-0.5885411650191852,-27.919470145642087,-55.43032306979178,124.44356148795904,-14.95432447948367,-52.921863246303566,80.63111139390685
2026-06-17T17:25:59.624000,2587,-105.78342416794729,75.33773716230995,113.99522640225936,-0.3292952292348329,1.5668410233280976,0.17430773897825474,-27.793474259870234,-55.65257672079904,124.0726294932494,-14.336852585220331,-53.35857102771529,80.46230890405215
2026-06-17T17:25:59.634000,2588,-105.95715233037163,75.22778974558572,114.95416087022804,-0.42119309625463897,1.4107102715631796,0.031092065464426208,-27.970302560843987,-55.361626092300014,125.00230807659867,-14.40258556244571,-53.32003758254668,79.50468608971175
2026-06-17T17:25:59.645000,2589,-106.09925684972242,75.88748332724079,115.34315128450163,-0.016693682441849822,1.3614087647283217,0.0501678057389743,-28.09578926224536,-55.26262130569534,124.62806430127922,-14.396365699791582,-53.303984278976074,81.12708483462848
2026-06-17T17:25:59.655000,2590,-105.97125304038511,75.51816765083856,115.18986482157854,-0.29350255563483685,1.82431588548587,0.23302895334572216,-28.418494026720214,-55.36970745156598,124.73619801612149,-14.461351959417861,-53.13700716587021,80.61436199815785
2026-06-17T17:25:59.665000,2591,-105.9318628925917,75.90721701325234,114.90260739171742,-0.8701522629158754,1.8736203334116357,0.7660172958390106,-28.020088797166196,-55.60408422621839,124.73577067391653,-14.552183490789535,-53.34893766642314,80.42526499363957
2026-06-17T17:25:59.675000,2592,-105.91395013609672,75.67604319313737,114.85346065924283,-0.12578867043664452,1.6544914144688492,0.12149974288471808,-28.10053072131701,-55.414158181767434,124.44897422705182,-14.364051367234673,-53.050306914240814,80.80036948518173
2026-06-17T17:25:59.685000,2593,-106.21638749041344,75.83955822876945,115.68501485338325,-0.9103226299489552,2.03248924080879,0.1815742291744565,-27.71078542827036,-55.32727651880792,124.80153080946712,-14.66650998867497,-53.104897110854516,79.98733124352465
2026-06-17T17:25:59.695000,2594,-105.81443895618008,75.5660927493099,114.68296011559188,-0.39559382556661093,1.7750114375601094,0.21230595456341658,-27.92036436565816,-55.24241682278421,124.46623625277553,-14.240292735657206,-52.75488958107219,80.5146982285346
2026-06-17T17:25:59.705000,2595,-105.89196216468792,75.57737173597641,114.93666347523208,-0.2260292509434882,1.6818817940639679,0.2295723871498349,-27.854688798491644,-55.46062870941227,124.12960745318392,-14.941640066585357,-52.575069135534946,80.68415636236548
2026-06-17T17:25:59.715000,2596,-105.90080049464311,75.94386917926364,114.9974610654751,-0.03385909414016737,1.5531443629850816,-0.1314770936232144,-27.86163661057616,-55.37980860827533,124.838537130995,-14.63208940960601,-53.33288436285254,80.40235234012412
2026-06-17T17:25:59.725000,2597,-105.99170274347486,75.74934147095351,114.97139526506749,-0.6666315213751727,1.5476680517205996,-0.5523522571221555,-28.403934088105128,-55.426281305412594,124.49957409332333,-14.756662751031156,-52.87369988771727,80.8854263740853
2026-06-17T17:25:59.736000,2598,-106.18583472494629,75.89594105368906,115.45855528549342,-0.714958084580317,1.8078810695106182,-0.03604128584167429,-28.334224325183396,-55.644495361533075,124.55969414717863,-14.445941532570988,-52.70350935559771,80.00610964455201
2026-06-17T17:25:59.746000,2599,-106.15604405361763,75.87338610745927,115.26805785059568,-0.12731580502478138,1.3915372999556865,-0.5687269393702662,-28.248867890330658,-55.60004463133162,124.88803090830557,-14.340900639598855,-53.02783022051728,80.5056114238945
2026-06-17T17:25:59.756000,2600,-105.78055141485603,75.45896356570069,114.49816427173448,-0.6394350564044774,1.476449535464197,-0.2994213851447008,-28.3335120766068,-55.515182765815496,124.50829861302584,-14.770119815991592,-52.82231966224279,81.01991256639977
2026-06-17T17:25:59.766000,2601,-105.92052932743044,76.00870973063154,114.62991960014624,-0.7155507057265993,1.7147514260144767,-0.22718703716506183,-28.28981941544918,-55.347481001719046,124.29723444272757,-14.455057104727526,-53.10168369184081,80.33947713149887
2026-06-17T17:25:59.776000,2602,-105.75558661672093,75.96360286527519,114.14796047420208,-0.6270240215786732,1.317583569157946,-0.7291183682866353,-28.029726456996148,-55.50912120399292,125.1801989540053,-14.988361529577144,-53.104897110854516,80.74981269402858
2026-06-17T17:25:59.786000,2603,-105.63316062579669,75.61965734111452,113.80761532256582,-0.3793284696840567,1.5202747310345728,-0.5013217989512404,-27.929073776410927,-55.72935505755678,123.32282502670279,-14.773145243344604,-52.989296775348656,81.12774425866114
2026-06-17T17:25:59.796000,2604,-105.44258150395909,75.54917729641338,113.44609556006824,-0.2505163493073017,1.5202747310345728,-0.9118943310952631,-27.943289814202572,-55.4828551592592,123.11808698246544,-14.362514805777327,-53.002140107780036,80.11402455468554
2026-06-17T17:25:59.806000,2605,-105.51274983450523,75.30390625651688,113.45763865678732,-0.10222385813912169,1.5476680517205996,-0.6755469431532877,-28.341027946487465,-55.50912120399292,124.29975055545607,-14.435875894940043,-52.87369988771727,80.06828736770323
2026-06-17T17:25:59.816000,2606,-105.41008644593043,75.43359038635589,112.93972846404975,-0.4071848671461853,1.3367565407654438,-0.32688793479905187,-28.103673479879202,-55.23635526096163,124.02954981082674,-14.132172744791351,-53.127373804578056,79.95279196221298
2026-06-17T17:25:59.826000,2607,-105.58621217714843,75.42231442679261,113.90702424805954,-0.14448236116550475,1.145018001417781,-0.9242455832464442,-28.017620903956345,-55.347481001719046,123.80769481632758,-14.680049763530038,-52.75488958107219,80.1415557667445
2026-06-17T17:25:59.837000,2608,-105.67850690927557,75.32646120274667,113.55938719549084,0.06544193569062853,2.0626177760361495,-1.0863789459244102,-28.46132248043756,-55.450527552702916,124.09325742576176,-14.772908624015734,-52.963610110485895,80.75724586337307
2026-06-17T17:25:59.847000,2609,-105.51531785601708,75.65348824690757,113.01359813290532,-0.5758430067367946,1.5257539833899627,-1.2360596369345214,-28.204751179206163,-55.543470777485005,124.00056624694162,-14.765889150027826,-53.20765066605451,79.99341963715364
2026-06-17T17:25:59.857000,2610,-105.54172881507509,75.60556314843623,112.99245412907553,0.034722490083588686,1.706534018026851,-1.2690610215557054,-27.980095350749576,-55.23837505840502,123.52032515383432,-14.81938011204413,-52.825533081256495,81.07496252822827
2026-06-17T17:25:59.867000,2611,-105.52754335251694,75.25879939116054,112.98295096182251,-0.16534948523152737,1.9147073733497706,-1.5373583412475664,-27.09453297682397,-55.636411832774684,123.89465553736558,-14.193465395995739,-52.69066602316633,79.79687163370149
2026-06-17T17:25:59.877000,2612,-105.27835662959612,75.45050583925243,112.74680292399748,-0.04010339962536408,1.4572765638567042,-1.8292365922510703,-27.805921899685277,-55.25251797949356,123.32373841367098,-14.966642892405421,-52.53653569036632,80.48923420224395
2026-06-17T17:25:59.887000,2613,-105.41487250299306,75.3941230143328,113.25952804827246,0.21787280789210553,1.2271920812940504,-1.6469499227219442,-27.681694411890007,-55.52528609201727,123.49695945430237,-14.740935762648792,-52.86406652642512,79.88693650066423
2026-06-17T17:25:59.897000,2614,-105.59273640391481,75.0191678445973,113.73325525007165,-0.2864099093605518,1.5695791789603386,-1.7430928346433598,-27.79774833171576,-55.4222395410334,124.54726434730946,-14.503062723728167,-53.400314444023145,79.77727115295362
2026-06-17T17:25:59.907000,2615,-105.50343214759849,75.12629702820652,113.17532887071498,-0.1462582871795347,1.6380565984935922,-1.4976792211099945,-27.476782921416547,-55.46062870941227,123.25185568139652,-14.550957515888683,-53.40673783417608,80.4404393982869
2026-06-17T17:25:59.917000,2616,-105.32373364868121,76.00870973063154,112.32214580220551,-0.2648742562949204,1.5312332357453478,-1.209598575620988,-27.978412087176558,-55.41011641738824,123.0449473974567,-14.382062015541328,-52.517268967782016,80.47404654168547
2026-06-17T17:25:59.928000,2617,-105.37456809015774,76.07918977533268,113.14894810400078,-0.23394940691404237,1.9777055405276391,-1.2691406321308434,-28.110365308366926,-55.27878402422728,124.36589200260408,-14.543712595723946,-52.909019913872186,80.561099741726
2026-06-17T17:25:59.938000,2618,-105.54176258463721,75.93259019259713,113.18243055330313,-0.034602648475115405,1.6271010348737251,-1.5682738429212328,-27.7404171817119,-55.25049818205017,123.29092182114965,-14.558461197348787,-53.22049399848591,79.75644671068024
2026-06-17T17:25:59.948000,2619,-105.39176429724594,75.78317237674659,113.4154328346944,-0.32570803706273355,1.7394036499773595,-0.8621962058188062,-27.83336465032859,-55.52528609201727,123.15533877154984,-14.245382351736712,-52.24432488046245,79.87092185820885
2026-06-17T17:25:59.958000,2620,-105.38703191781087,75.15448844066633,113.04585670127064,-0.36213834131024875,1.476449535464197,-1.2374886031991859,-28.031605016692065,-55.74955954046791,125.12806051753496,-14.494557151532575,-53.271874223960374,79.59195737134726
2026-06-17T17:25:59.968000,2621,-105.5844983358283,75.24752343159726,113.49134823784354,0.09661672093980553,1.7284480863574927,-1.0888403023117104,-27.665543540848716,-55.79199047322597,122.85373714647815,-14.71785759656412,-53.15627388845452,79.92319447705603
2026-06-17T17:25:59.978000,2622,-105.45302641940184,75.41103846722933,112.98622073289465,-0.24627674830294438,1.3066250644471762,-0.7624588341100628,-28.104415741031623,-55.7576430692263,123.24961534913797,-14.285933727718312,-52.8769098588565,79.69130327065932
2026-06-17T17:25:59.988000,2623,-105.35544333123917,75.29544853006861,112.6658935598955,-0.4365308597031348,1.818839574221388,-1.0649951142264995,-28.3547910734624,-55.49497828290437,124.2499355297215,-14.445527499829875,-52.80626635867219,80.21868762013511
2026-06-17T17:25:59.998000,2624,-105.61504840665046,75.47587901859723,113.3514071466094,0.14798506402125883,1.5230158277577217,-0.7463186788236043,-28.33468337298625,-55.335357878073886,124.23850139733604,-14.93101386743454,-52.18652471270951,80.2968750835653
2026-06-17T17:26:00.008000,2625,-105.57962961254796,75.77471465029832,113.76415512839107,0.09843684553048922,1.5887521505678315,-0.3899784047285322,-27.847201218120784,-55.45860891196888,123.67310013660179,-14.784332384883147,-53.09205033054866,80.39822676986898
2026-06-17T17:26:00.019000,2626,-105.5735138303422,75.89875928680407,113.41307329498791,-0.3559952557961118,1.999619608858281,-0.4860829662960418,-28.047184292822962,-55.282825788606466,124.29227799813809,-14.398551888510287,-52.64249921670555,80.40508751310944
2026-06-17T17:26:00.029000,2627,-105.84390906887117,75.58864769553969,114.50261149069293,-0.3991390364535007,1.6079280632662323,-0.7606860004966894,-27.85390915411498,-55.36970745156598,123.51064610690587,-14.268575137158086,-53.40673783417608,80.17555153603702
2026-06-17T17:26:00.039000,2628,-105.63708643475587,75.3180034762984,114.25432060299738,-0.5076875393034675,1.857185517436379,-0.6236401878537859,-27.614831440837545,-55.46062870941227,123.9289240918739,-14.635027514096816,-53.233340778791764,80.80172182101022
2026-06-17T17:26:00.049000,2629,-105.87740712607115,75.42795089302263,114.97250546424088,-0.6678926715210454,1.5558854597082257,-0.6638795094667874,-28.224828867106435,-55.38587017009792,124.84333037516862,-14.554226943226041,-53.38747111159176,80.60749257268448
2026-06-17T17:26:00.059000,2630,-105.99380606891903,75.76625692385005,115.10197314559291,-0.4203297153563549,1.6407976952167411,-0.8123677192902581,-27.81992988801065,-55.347481001719046,123.9790438503767,-14.628050097894429,-53.1177404432859,80.0477672113317
2026-06-17T17:26:00.069000,2631,-105.81379599246631,75.80854555609139,114.61076859118113,-0.42489676398933135,1.848968109448753,-0.5742467096583979,-27.977394380757776,-55.66268004700082,124.1173595279632,-15.063073361320864,-52.838376413687875,80.71851104984529
2026-06-17T17:26:00.079000,2632,-105.6961517377091,75.7211500584937,114.22381311673068,-0.5698697229280372,1.6161454712538583,-0.4647478453214949,-28.352213018533263,-55.5111410014363,123.91815114394392,-14.649046546253642,-52.60717919055064,81.38567191745254
2026-06-17T17:26:00.089000,2633,-105.86589704027996,75.87620736767751,114.41940867470373,-0.21126879939852428,1.7476210579649856,-0.13104129721354524,-28.02833916011606,-55.62428870912953,123.91355219768639,-15.248483263423731,-52.75488958107219,81.24837111433712
2026-06-17T17:26:00.099000,2634,-106.00343790724068,76.13275436713728,115.02231339375227,-0.409615688417435,1.7914462535353612,-0.12520855942847586,-27.77676530155306,-55.73743858631517,124.01435843067256,-14.686659817744403,-53.03746358180943,80.8066838490169
2026-06-17T17:26:00.109000,2635,-105.82433172836545,75.81982151565465,114.6575038177992,-0.6147597472831394,1.468232127476571,-0.09567127334252824,-28.110376430613236,-55.55559390113017,124.0333590261975,-14.52796069768714,-52.73240943947417,80.49644140138228
2026-06-17T17:26:00.120000,2636,-105.99857826448505,75.56045628307989,114.99204333215934,-0.4039067851439469,1.5750584313157234,-0.10646915416328209,-27.852430768796278,-55.52528609201727,124.90424529894351,-14.70920054541931,-52.6681893294428,80.95338820496366
2026-06-17T17:26:00.130000,2637,-106.00859958693076,74.99097340503427,114.62728545062811,-0.7857047675575339,1.5202747310345728,-0.07913179572116463,-28.15364667290102,-55.78188931651662,123.56802839374159,-15.016065840559175,-52.54937902279771,80.58376161950507
2026-06-17T17:26:00.140000,2638,-105.79508574602013,75.57173224264317,114.33567405357392,-0.22158505708983625,1.492884351439454,0.1367865800239917,-27.584786759675445,-55.412138384324045,124.43059961271913,-14.278748013470173,-52.19615807400167,80.76553838025765
2026-06-17T17:26:00.150000,2639,-105.70444443105205,75.25879939116054,114.41594330802947,0.007901826034392795,1.8051429138783772,0.350807635252797,-27.95561453895496,-55.64045359715388,123.29801466279355,-14.719324364158256,-52.64571263571925,80.27852257625143
2026-06-17T17:26:00.160000,2640,-105.85434956399573,75.66476723357408,114.71222828251722,-0.6066544803644554,1.6983166100392248,0.11758047849734923,-28.045479936483346,-55.606106193154204,124.48195970830048,-14.543901182288263,-52.88975319128788,81.23300833580144
2026-06-17T17:26:00.170000,2641,-105.88101937059048,75.58864769553969,114.37888204206264,-0.3634156116234542,1.9585325689201463,-0.08345791478279836,-28.6193295242941,-55.70915057464565,123.97914994415765,-14.615805652200297,-53.33288436285254,80.52066534285011
2026-06-17T17:26:00.180000,2642,-105.99811961498615,75.68731915270065,114.89717936548176,-0.6456857411064241,1.676405482799491,-0.21000296134665988,-27.880788832222297,-55.57175661966211,124.09346095509883,-15.059323314670284,-52.652132577997705,80.12173799802343
2026-06-17T17:26:00.190000,2643,-106.14896032874239,76.11020244801072,115.14343005198305,-0.6753505847838351,1.498363603794839,-0.21280739700616194,-28.03305952642108,-55.62226891168614,124.399521589999,-14.420172029667796,-52.404878603415376,79.70221882857217
2026-06-17T17:26:00.200000,2644,-105.80431773275328,75.36311034165475,114.84418489547193,-0.14640311028498632,1.7257099307252515,-0.434531526917345,-28.278293225402994,-55.49497828290437,124.23747108924259,-14.404114743247504,-52.79341957836633,80.50230793335983
2026-06-17T17:26:00.210000,2645,-105.87341552500388,76.07637154221767,114.51224826620629,-0.5164066027121301,1.6051869665430833,-0.28409532773779245,-27.924123116147022,-55.52528609201727,124.36196506814639,-14.309328455338479,-53.515914779529005,80.04528281408275
2026-06-17T17:26:00.221000,2646,-105.75207089991594,75.75498096428679,114.57870681926643,-0.23796022945162634,1.3614087647283217,-0.4436857653369537,-27.834060791398716,-55.5414488105492,123.70553052717592,-14.92797829173811,-52.53653569036632,80.5003210980775
2026-06-17T17:26:00.231000,2647,-105.8659190346724,75.99461251085,114.54606139194777,-0.3804945815354697,1.4435799035136883,-0.18811721118962976,-28.258630667660377,-55.22625193475986,124.23737798138276,-14.877443988020207,-52.79663299738003,80.7618557396837
2026-06-17T17:26:00.241000,2648,-105.50472110898183,75.42231442679261,113.68611733848101,-0.4445363846109893,1.7722732819278684,-0.6796433213997425,-27.897698071922484,-55.5111410014363,123.457952579761,-14.865351021275249,-52.39845866113693,80.01924636168806
2026-06-17T17:26:00.251000,2649,-105.6762551255056,75.36029210853974,114.00786387213259,-0.1279056778216634,1.7969255058907512,-0.7598719026171447,-27.865491617714902,-55.31717319260614,124.4705082489227,-14.654014162340975,-52.883329801134956,80.7122848060587
2026-06-17T17:26:00.261000,2650,-105.80201285833087,76.13557260025229,113.9401398807919,-0.4526338659460801,1.512057323046947,-0.5451460080586261,-28.212972681306194,-55.45456714758969,124.00967128027987,-14.514587748297739,-52.81910969110357,80.3816984421497
2026-06-17T17:26:00.271000,2651,-105.5763302325038,75.41667493345935,113.99580452456401,-0.07663626582647687,1.6051869665430833,-1.015956651825777,-28.174909562250143,-55.284845586049855,123.80846153191052,-14.721382197037864,-52.79341957836633,81.40445409853639
2026-06-17T17:26:00.281000,2652,-105.60483939672315,75.89875928680407,113.37242729164234,-0.2939523090426558,1.3614087647283217,-1.1951354086542032,-28.180369406884523,-55.57377641710549,123.51449726049604,-14.9368179544682,-53.45811461177607,80.45331777957361
2026-06-17T17:26:00.291000,2653,-105.59821735530267,75.35183438209147,113.7090688786518,-0.253537043375452,1.150497253773166,-0.901359918971571,-28.251306739739512,-55.40607682250147,124.08467877948279,-14.462862586412141,-53.34893766642314,80.66827579001121
2026-06-17T17:26:00.301000,2654,-105.61910579982583,75.52662537728682,113.82521626224703,-0.35890639530946455,1.9859229485152652,-1.1425016983896463,-27.771140744711687,-55.531347653839845,123.83824076367691,-13.851539018060334,-53.07278705583882,80.11232118928095
2026-06-17T17:26:00.311000,2655,-105.46182095164136,75.48151851193047,113.16011912277872,-0.4123186758075482,1.8900551493868876,-1.023850635586724,-27.915582740539257,-55.63843379971049,123.2464313169978,-14.298065984560814,-53.2044406949153,80.44378505881762
2026-06-17T17:26:00.322000,2656,-105.51997327649245,75.4730607854822,113.30629361019378,-0.24797126976486572,1.5942314029232165,-1.606655146122738,-27.9832943828655,-55.31717319260614,124.00099952614111,-14.430141601769627,-53.03746358180943,80.2428615029957
2026-06-17T17:26:00.332000,2657,-105.58802825344083,75.36311034165475,113.49033605025605,0.03687006230287365,1.7284480863574927,-0.9577556305895953,-28.128800867516354,-55.59196110257324,123.56941540220534,-14.515599202171245,-52.95397674919374,79.06218430478405
2026-06-17T17:26:00.342000,2658,-105.17535709521394,75.70141637248217,112.46420955192883,-0.07693395954541221,1.5421887993652148,-1.1984635717143683,-27.76864120782895,-55.50912120399292,123.74148921361804,-14.55894181666201,-53.21407405620745,80.18616658810451
2026-06-17T17:26:00.352000,2659,-105.32830242135412,75.65348824690757,112.84104260704787,-0.07475192970005562,1.6407976952167411,-1.2833499026935102,-27.86836842216003,-55.543470777485005,124.01102283679737,-14.3648794327169,-52.84800977498004,80.37521353401557
2026-06-17T17:26:00.362000,2660,-105.54366168780106,75.84237646188446,113.57543384952406,0.028393149178933957,1.1888431969881568,-0.9088791355320303,-28.15865523781576,-55.61216775497679,123.42899282914132,-14.711020734161458,-52.41130199356831,80.14255866024035
2026-06-17T17:26:00.372000,2661,-105.38431845058614,75.5407195699651,113.03306399229028,-0.21410713086794492,1.4572765638567042,-1.4059689406071638,-27.925929866122747,-55.54751037237178,123.742255929201,-14.233593996569205,-53.07278705583882,80.14111363068506
2026-06-17T17:26:00.383000,2662,-105.51027868001853,75.43359038635589,113.73880686337596,-0.21729406736749296,1.670926230444101,-1.3755304137271778,-27.94522627854932,-55.365665687186784,123.96605302283847,-14.611804224909852,-53.37141780802115,80.17594772204393
2026-06-17T17:26:00.393000,2663,-105.62816905951397,75.53226184351684,113.75023666594628,-0.43024961016692226,1.6188836268860993,-1.724479792560293,-27.9671323895779,-55.24241682278421,123.69031019472347,-14.363538838479347,-53.34251772414469,80.04950028444294
2026-06-17T17:26:00.403000,2664,-105.61366466456889,75.63375456089604,113.3698966868095,-0.0010968555588850293,1.7613177183080013,-0.5838414487969292,-28.224939028825727,-55.476793597436625,124.24703890335725,-14.55420241443945,-52.401668632276156,79.97506633621805
2026-06-17T17:26:00.413000,2665,-105.55545181613422,75.89875928680407,113.57657991710012,-0.22526090833964513,1.9448359085771305,-1.0386192377110866,-27.8078004593812,-55.45456714758969,123.27159997720068,-14.433957210183689,-52.8769098588565,79.91566973610466
2026-06-17T17:26:00.423000,2666,-105.56467168838685,75.63093632778103,114.02176229219398,-0.6319790985086748,2.0763144363791657,-0.924364414089217,-27.58883486050002,-55.43638246212195,123.70131698490394,-14.592532924572303,-52.857643136272195,80.19629654049476
2026-06-17T17:26:00.433000,2667,-105.67516130587791,75.14039424798806,113.53772694081148,-0.3033081921742366,1.6983166100392248,-1.1721645595812171,-28.09617314616496,-55.67682296808937,123.90556978233971,-14.354921414634992,-53.271874223960374,79.52329805499484
2026-06-17T17:26:00.443000,2668,-105.66293675700695,75.61683910799951,113.56837384016612,-0.7800572558770154,1.2929313451950681,-0.8813131244773666,-28.100989769119906,-55.67884276553275,124.1277814772092,-14.376183961280084,-52.85121974611926,79.98658290582165
2026-06-17T17:26:00.453000,2669,-105.7056178829416,75.47587901859723,113.9270683456358,-0.3524769788761567,1.3504502600175519,-0.7302034672025965,-27.72797452715701,-55.53336745128323,123.87354965566131,-15.031156938182583,-53.12416383343883,80.80177724691742
2026-06-17T17:26:00.463000,2670,-105.7678003380511,75.3941230143328,114.05398959613574,-0.17322792905040882,1.139541690153299,-0.9495906457922321,-27.89070356841563,-55.39597349629969,124.24541725468129,-14.497721727008805,-53.2558174725153,80.67310295429505
2026-06-17T17:26:00.473000,2671,-105.48027677086897,75.58582946242468,113.07792427801287,-0.548929790818064,1.7832288455477354,-0.4701439986203806,-27.89222211978163,-55.549532339307596,124.2507130726488,-14.601866562250128,-52.84800977498004,79.95645437093495
2026-06-17T17:26:00.484000,2672,-105.52600241089579,75.27289661094207,113.88357677115079,-0.5972285375383427,1.6435358508489821,-0.5239000699521612,-27.979708112666874,-55.864729215096936,124.409088606152,-14.23354455812818,-53.15627388845452,80.44251892729602
2026-06-17T17:26:00.494000,2673,-105.72637440393768,75.87620736767751,114.01610713420442,-0.3863352696143013,1.5668410233280976,-0.5831442236437904,-28.185958965889945,-55.61418755242018,124.68820816839997,-14.836892612038604,-53.31040422125453,80.94147432723322
2026-06-17T17:26:00.504000,2674,-105.88130358578641,76.0453588695396,114.55974270144701,-0.3332907425296857,1.503839915059321,-0.2657925069587769,-28.131991560209066,-55.55963349601695,124.38262195295704,-14.188205747159463,-52.963610110485895,80.71244746174648
2026-06-17T17:26:00.514000,2675,-105.66037686839087,75.70141637248217,113.70933768363585,-0.17506612917539394,1.9311421893250225,-0.5567655190982764,-27.904813950377108,-55.49295848546098,124.470695262604,-14.62776404012453,-52.98608680420943,79.9786741126546
2026-06-17T17:26:00.524000,2676,-105.92379131698152,75.4194961936776,115.24418660132397,0.005115478725201572,1.6188836268860993,-0.45094268324020903,-27.693708693540053,-55.61216775497679,124.9669580443565,-14.732771280775246,-52.92507666531727,80.72428647533953
2026-06-17T17:26:00.534000,2677,-105.74640260035737,75.95232387860868,114.25916021400855,-0.6601656919488044,1.5230158277577217,-0.36237483139647175,-28.171232592001793,-55.17169787835663,124.14777692888131,-14.668087202241356,-52.941129968887886,80.68354288838535
