Timestamp,Sample,S1_X,S1_Y,S1_Z,S2_X,S2_Y,S2_Z,S3_X,S3_Y,S3_Z,S4_X,S4_Y,S4_Z
2026-06-24T14:32:57.647000,0,0.9699767346172994,75.55481678974662,-1.3555685370950117,-93.23069964226107,0.6629349679618319,25.706079948927986,-0.1598843355735152,-55.907160147855,1.4270357374999678,0.10700016526551422,-54.37327359090737,-0.9418359297059853
2026-06-24T14:32:57.653000,1,0.5953201998986606,75.70705283871219,-1.6683205531366947,-93.26800609038537,0.4821549333249439,25.83905348043911,0.042387481470296265,-56.032430979193386,1.026062395666881,-0.09718566752051354,-54.67511431422893,-0.6921035156199168
2026-06-24T14:32:57.664000,2,0.6218908366618798,75.32927943586168,-1.4744664794079252,-93.23869367677744,0.9505413064378772,25.719649747026974,-0.07471755552917625,-56.097086192305966,0.6717818913952791,0.2305876936970888,-54.05858953515443,-0.7454810455543653
2026-06-24T14:32:57.674000,3,0.1622099761426734,75.08119016285018,-1.5287463971445696,-93.54246412725736,1.0190187259711307,25.448277095844904,0.20739990390243038,-55.92332286638694,1.1935921919726409,-0.0756939402775835,-54.48566050739952,-0.886550670435383
2026-06-24T14:32:57.684000,4,0.6006354684791141,75.64221228734431,-1.6295519586554994,-93.26001205586897,1.0738024262522814,25.711508450937522,-0.1705294686406286,-56.00414296752387,0.4438321412687999,0.44014790069168397,-54.08748617115642,-0.8808315762666968
2026-06-24T14:32:57.694000,5,1.6103424900376344,75.87338610745927,-1.3426465973781778,-93.32396433200017,0.8848049836277625,26.08600224335283,0.18078564235778893,-55.88291390056468,1.004093111857798,0.22521620428415207,-54.315473423154444,-1.1229371668479258
2026-06-24T14:32:57.711000,6,0.985919687289155,75.46460305903395,-1.2935371207266737,-93.42255647065467,0.4985897493001958,25.817342386250672,0.49750478532661374,-55.82229828233888,0.7596649244259295,0.21446745586709548,-54.69759445582694,-0.873206799681741
2026-06-24T14:32:57.714000,7,0.9168326080213177,76.25398077052802,-0.9471814006275486,-93.20938412431288,0.6930664442800997,25.944890329601968,0.4708876660281402,-56.19002941708806,0.4960128764368147,0.12043465838905872,-54.78108128844263,-1.0161821069790284
2026-06-24T14:32:57.724000,8,0.5634342945549881,75.78881187007984,-1.0996802716672012,-92.97489339887956,0.7149805126107415,25.67623047249981,0.12223312385805267,-55.670761406266784,0.5427027651011456,0.026401860911061035,-54.11317628389366,-0.9647102594608461
2026-06-24T14:32:57.734000,9,0.7016056000210806,75.15167020755132,-1.0686659511483836,-92.95624160538908,0.7588057081811173,25.820058094180293,-0.2743288037446964,-55.907160147855,0.8036064409412496,-0.18853272029206242,-54.62695095564263,-0.8713011172654782
2026-06-24T14:32:57.750000,10,1.0895460265865573,75.47587901859723,-1.3012913946890514,-93.30264595290868,0.31506861794015895,25.82819939026975,-0.08003869318579752,-55.828359844161454,1.0480346283731181,-0.2664452799400668,-54.395750284630914,-0.7664517398128472
2026-06-24T14:32:57.754000,11,0.9194916688463354,74.95432426612618,-1.3736636932276889,-93.27066981484305,0.7286742318628495,26.197267594525222,-0.19182259252864875,-56.00616276496726,0.6305857981317959,0.29506864501717933,-54.408597064936764,-0.7683574222291135
2026-06-24T14:32:57.765000,12,0.7122332841124441,75.1657644002296,-0.9833689375622188,-93.60641640338856,0.8848049836277625,26.376373194643428,0.042387481470296265,-56.02232765299161,0.9656424418461617,0.29506864501717933,-53.91729908691133,-1.15153263769136
2026-06-24T14:32:57.775000,13,0.8052347923880263,75.32646120274667,-1.4951454684178305,-93.13743781366527,0.4684612140728309,25.94760312368188,-0.01084104161894788,-55.747539743024525,0.8585355482582752,0.4697026316452608,-54.80034801102694,-1.1305619434328782
2026-06-24T14:32:57.785000,14,0.6537767420055524,75.82827924210292,-1.520992123182192,-93.40923212607956,0.802630903751493,25.472698070263544,-0.19714658793910214,-56.00414296752387,0.7239626265632939,0.2843227813956752,-54.1356529776172,-0.9342091062011455
2026-06-24T14:32:57.801000,15,0.8344616369066812,75.59428718887295,-1.4667122054455382,-93.14276812372398,0.7807168354208512,25.898755347145176,0.37773632174501787,-56.044554102838546,0.5317151742994503,-0.08375117439696905,-54.21914325810737,-0.8713011172654782
2026-06-24T14:32:57.805000,16,0.7999195238075342,75.3828440276663,-1.3865856329445228,-93.73964840456634,1.0327153863141467,26.11856742771063,0.3085386701781682,-55.77986734958081,0.957403223193467,0.023713231408981565,-55.22421246000729,-1.0714653193297434
2026-06-24T14:32:57.815000,17,1.062975389823338,75.63375456089604,-1.4589579314831602,-93.47318440221076,0.43285048539917825,25.632811197972643,0.042387481470296265,-55.864729215096936,1.097469940289296,0.415970428742266,-55.04439201447004,-0.7969528930725477
2026-06-24T14:32:57.825000,18,0.4970062761121684,75.59992365510297,-1.200485833178131,-93.10013136554096,1.0299772306819057,25.91503793932408,-0.10133181707381768,-55.84452473218581,0.3339768755319026,0.3138746275536606,-54.315473423154444,-0.9399282003698317
2026-06-24T14:32:57.836000,19,0.3960361445702405,75.65630950712583,-1.6088729696455848,-93.0681580886187,0.8574116629417358,25.66266067440082,0.39104488139425464,-55.70308901282307,0.6580488773417268,-0.04345346461755778,-54.48245053626031,-0.7035417039572891
2026-06-24T14:32:57.851000,20,1.0257742158991734,75.39694124744781,-1.3142133344058855,-93.02552133043565,0.7834579321440001,25.858048866697924,0.2020787662458091,-56.07082014757226,1.0425408329722705,0.22790194899063998,-54.44713051010538,-0.9761484477982184
2026-06-24T14:32:57.856000,21,0.8264901605707533,75.41667493345935,-1.241841035867248,-93.24136026237848,0.8601527596648846,25.619241399873655,0.12755711926850605,-56.10516755157193,1.0700068610793652,0.10700016526551422,-54.700804426966165,-0.6006000558408117
2026-06-24T14:32:57.866000,22,0.7520906657920445,74.97406097924097,-1.3865856329445228,-92.9935480535134,0.7944134957638671,25.901468141225088,-0.18383802828986537,-55.93948775441129,0.8887440507200529,0.3488008479201351,-54.283363368138744,-0.6749462331138548
2026-06-24T14:32:57.876000,23,0.9487185133649904,75.43077215324088,-1.601118695683207,-93.54779443731607,0.9478031508056362,25.874331458876828,0.30587524359604484,-55.644495361533075,0.5729112675629234,-0.5216804557182713,-54.58841751047401,-0.825548363915982
2026-06-24T14:32:57.886000,24,0.8344616369066812,75.52944361040183,-1.2961209536039018,-93.26267578032667,0.6930664442800997,26.02358758256685,0.18078564235778893,-55.947569113677254,0.6910057519525153,0.00490724887250034,-54.62373753662892,-1.00093255380912
2026-06-24T14:32:57.900000,25,0.791948047471645,75.78881187007984,-1.3323057152078785,-93.40923212607956,0.9998457543636379,25.887901256975812,0.0690046007687698,-55.91119974274178,0.7184688311624462,0.2843227813956752,-54.84209142733478,-0.9761484477982184
2026-06-24T14:32:57.906000,26,0.9088611316854286,75.4730607854822,-1.208240107140509,-93.47584812666847,0.41093935815944427,26.007304990387947,0.2606312847455453,-56.240541709112094,0.7816371571321664,-0.062259447154039006,-54.752181204566156,-0.8141101755786062
2026-06-24T14:32:57.916000,27,1.1400310923575212,75.51252815750529,-1.4356951095960269,-92.99887550242876,0.476675680969554,26.012733492397484,0.17014050929071425,-55.84856432707259,0.6278403748799489,0.4079103098272889,-54.418230426228924,-1.0638405427447875
2026-06-24T14:32:57.926000,28,1.0762621347397194,75.72396829160871,-1.5959482545980574,-93.32396433200017,0.9039779552352604,26.433362267269576,0.27127641781262,-55.86877097947613,0.6937511752043624,0.4267162923637701,-55.10861212450142,-1.1439078611064075
2026-06-24T14:32:57.937000,29,0.9752891501282095,75.37156806810302,-1.3271380494534224,-92.92160174286578,0.7861960877762362,25.657232172391282,0.55871787265468,-56.15770181053177,0.5564328302575341,0.2682025435656819,-54.819614733611246,-0.9494607062909377
2026-06-24T14:32:57.948000,30,0.8636913344949181,75.52380411706858,-1.0040451512414306,-92.9722296744219,0.7177186682429825,25.592104717525388,0.5613784414829712,-56.0283892148142,0.5564328302575341,0.49119724368382156,-54.84209142733478,-1.4641730407130957
2026-06-24T14:32:57.957000,31,0.7441191894561168,75.52098588395357,-1.6114568025228129,-93.23602995231978,0.24111488714242327,26.275964847490105,-0.032134165506968036,-56.12739400141887,1.2183098479307348,-0.1643523635470529,-54.85814817877987,-0.9342091062011455
2026-06-24T14:32:57.967000,32,0.9806044187087016,75.25315989782729,-1.5003131341722866,-93.17740798624727,0.3506793466138116,25.849907570608472,-0.2450511156178929,-55.77178599031484,0.6607972494907275,0.18760135441559805,-54.607684233058315,-0.9323034237848793
2026-06-24T14:32:57.978000,33,1.0337456922351012,76.02562518352806,-1.0040451512414306,-93.51581829925047,0.47941677769270286,25.665373468480734,0.04771147688074964,-56.07082014757226,0.5427027651011456,-0.2180874512456393,-54.23840998069168,-1.0543100837435686
2026-06-24T14:32:57.987000,34,0.6670634869219336,75.68731915270065,-1.1979020003009029,-93.16675022727321,1.3614087647283217,25.91503793932408,0.12489369268634395,-55.95969223732242,0.4548167831733415,-0.16972673775558117,-54.47281717496814,-0.8998945411890217
2026-06-24T14:32:57.998000,35,1.0124903240523742,75.65630950712583,-1.6321357915327275,-93.33462209097428,0.7149805126107415,25.966598509940695,0.06102003653002514,-55.828359844161454,0.4905220299331208,0.22521620428415207,-54.45997384253676,-1.0333393894850869
2026-06-24T14:32:58.007000,36,0.722863821273351,75.76343869073504,-1.5830263148812234,-93.34794357440602,0.6848490362924737,26.042582968825663,0.3138598078347895,-55.82229828233888,0.6910057519525153,0.4428365301937634,-54.45355045238383,-0.8026719872412339
2026-06-24T14:32:58.017000,37,0.7414629817006424,75.52098588395357,-1.3917560740296726,-92.8416613977018,0.4383297377545681,25.904183849154716,0.09029486690295786,-55.65257672079904,0.5207305323949086,-0.08106542969052023,-54.267310064568136,-1.477516911466738
2026-06-24T14:32:58.028000,38,0.7547497266170623,75.59428718887295,-1.7148461969109707,-93.1267800546912,0.9121953632228863,26.08871795128245,0.324507798655735,-55.56569505783953,0.4658043739750369,-0.27719402835716245,-54.25767670327598,-0.8922697646040693
2026-06-24T14:32:58.038000,39,0.8344616369066812,75.57173224264317,-1.208240107140509,-93.41988988505364,0.8464560993218688,26.213550186704126,0.03706634381367498,-55.7879508783392,0.792621799036708,0.14461501513410732,-54.65906101065832,-0.8751124820980073
2026-06-24T14:32:58.048000,40,0.7520906657920445,75.4194961936776,-1.3012913946890514,-93.48117843672716,0.7286742318628495,25.84719477652856,0.28192155087969467,-55.759662866669686,0.9271947207316892,0.0962543016440492,-54.090699590170125,-0.9704293536295322
2026-06-24T14:32:58.058000,41,0.5714057708909158,75.7859906098616,-1.4434493835584048,-93.26267578032667,1.1011928058474052,26.159273908157882,-0.29828249646100785,-55.903118383475814,0.9381793626362308,-0.09718566752051354,-54.57557073016814,-0.8350788229172007
2026-06-24T14:32:58.068000,42,0.5182644973644774,75.47587901859723,-1.4046780137465158,-93.26267578032667,0.1945485948488986,26.129424431729703,-0.3169121937668659,-56.185987652708874,0.7788887849831657,0.18491560970914925,-54.549884065305385,-0.7149798922946649
2026-06-24T14:32:58.078000,43,0.635177581578261,75.70705283871219,-1.2030696660553593,-93.17474426178958,0.9067161108675015,26.13213722580962,0.111587990790978,-56.28499243931354,1.0343016143195758,0.2628281693571536,-54.11317628389366,-0.8369865522533543
2026-06-24T14:32:58.088000,44,0.613919360325952,74.97406097924097,-1.4434493835584048,-92.92959577738219,0.805369059383734,25.727791043116426,0.042387481470296265,-55.890995259830646,0.814594031742945,0.1123745394740816,-54.08748617115642,-1.2335056384692429
2026-06-24T14:32:58.098000,45,0.6272061052423332,75.92977195948212,-1.0298945813364948,-93.48384216118487,0.6930664442800997,25.719649747026974,0.1488473854026941,-55.8768523387421,0.7459348592695408,0.22790194899063998,-54.44713051010538,-0.9342091062011455
2026-06-24T14:32:58.108000,46,0.9434032447845369,75.5407195699651,-1.4176027287940434,-93.61973788682035,0.9231509268427533,26.056152766924647,0.29256954170064015,-55.83644120342742,1.3721066301829523,0.010281623081028628,-54.395750284630914,-1.1000607901731776
2026-06-24T14:32:58.119000,47,0.4996653369371861,75.33210069607992,-1.2702742988395404,-93.95814819982354,0.4821549333249439,25.7413579273657,0.04771147688074964,-55.893015057274035,1.004093111857798,0.1123745394740816,-54.70401439810539,-0.9551798004596274
2026-06-24T14:32:58.129000,48,0.720204760448372,76.03408290997633,-1.6114568025228129,-93.23069964226107,0.8957605472476294,25.72236254110689,-0.19182259252864875,-55.66671964188758,1.0892307216366013,0.14998938934263562,-54.57557073016814,-0.9151461412788173
2026-06-24T14:32:58.139000,49,0.7786613025552638,75.8903015603558,-1.0919259977048235,-93.41189585053726,0.4821549333249439,26.01815908055731,0.2313535966187418,-56.044554102838546,0.7733979384794718,0.2789484071871469,-54.148499757923055,-1.2506629209753048
2026-06-24T14:32:58.149000,50,0.6803502318383149,75.35183438209147,-1.3219676083682632,-93.09214019216789,0.7095012602553565,26.007304990387947,0.3484614913720464,-55.903118383475814,0.8173394549947919,0.2359620679056562,-54.06179950629366,-0.9761484477982184
2026-06-24T14:32:58.159000,51,0.7892918397161707,75.63375456089604,-1.259933416669241,-93.32662805645788,1.0327153863141467,25.901468141225088,0.3883814548120925,-55.62226891168614,0.9381793626362308,0.12043465838905872,-54.434283729799525,-1.0390584836537764
2026-06-24T14:32:58.169000,52,0.9806044187087016,75.59428718887295,-1.2237486550652643,-93.32396433200017,0.6985456966354846,26.180985002346322,-0.01616503702943999,-55.67480317064598,0.789876375784861,0.1338691515126032,-54.81640476247202,-1.1000607901731776
2026-06-24T14:32:58.179000,53,0.6909779159296784,75.04171976372386,-1.2521791427068538,-93.20938412431288,0.6026749564162043,26.077860947263378,-0.08536268859625092,-56.14557868688661,0.8805048320673583,0.29506864501717933,-54.44391709109168,-1.1210314844316593
2026-06-24T14:32:58.189000,54,0.9407470370291011,75.70987409893043,-1.4796369204930748,-93.0361819505531,0.8902812948922445,25.969314217870316,0.13554168350728943,-55.99808140570129,0.4905220299331208,0.16610962717266803,-54.395750284630914,-0.9723370829656858
2026-06-24T14:32:58.200000,55,1.062975389823338,75.9410479190454,-1.5158216820970423,-92.88696188034251,0.9916283463760119,25.83091218434966,-0.19182259252864875,-55.93342619258871,0.9766300326478671,-0.17778685667059738,-54.687961094534785,-0.9018022705251787
2026-06-24T14:32:58.210000,56,0.8318054291512454,75.89875928680407,-1.4150188959168153,-93.47584812666847,0.3561556578782937,25.754927725464693,-0.2743288037446964,-55.93342619258871,0.36418832689084424,0.13118052201056282,-54.34116353589168,-0.8560495171756826
2026-06-24T14:32:58.220000,57,0.9912321028000651,75.40821720701109,-1.657982446297089,-93.3159702974838,0.8848049836277625,25.80920109016122,0.30587524359604484,-56.16578316979774,1.1084545821938376,0.015653112493965362,-54.98659184671711,-1.1076876136780174
2026-06-24T14:32:58.230000,58,0.5474913418831324,75.5632745161949,-1.097096438789973,-93.04683970952718,0.8409768469664839,25.64094958021238,0.29789067935726143,-55.59398306950904,0.7624103476777764,0.08550843802258418,-54.21592983909367,-0.8922697646040693
2026-06-24T14:32:58.240000,59,1.163945521365266,75.76625692385005,-1.3659094192653112,-93.19872350419543,0.6958045999123407,25.773923111723505,-0.4286960931097171,-55.78390911396001,0.2048977492377791,0.17685549079413304,-54.2062964778015,-0.903707952941445
2026-06-24T14:32:58.250000,60,0.5714057708909158,75.38566528788454,-1.3012913946890514,-93.33195836651657,0.9888901907437709,26.05343997284474,-0.3009430652893379,-56.28903420369274,0.7404410638686832,0.27088828827213074,-54.549884065305385,-1.0943416960044914
2026-06-24T14:32:58.260000,61,0.38540846047887695,75.3151852431834,-1.1617144633662329,-92.59651577443775,0.7697612718009842,26.452357653528395,0.36975175750623446,-56.2082141025558,0.701990393857057,-0.19121846499855033,-54.76181456585832,-0.652071903358994
2026-06-24T14:32:58.271000,62,0.6590920105860059,75.60556314843623,-1.1668849044513825,-92.95624160538908,0.46572011734968705,26.11856742771063,-0.18649859711815664,-56.28903420369274,0.6717818913952791,-0.005838614748964683,-54.34116353589168,-0.8179235873310295
2026-06-24T14:32:58.281000,63,0.9752891501282095,75.93541145281539,-1.1668849044513825,-92.83633394878643,0.8793257312723776,25.966598509940695,-0.25569910643883836,-55.82027848489549,0.8612809715101221,0.21715608536917497,-54.395750284630914,-0.6063191500095013
2026-06-24T14:32:58.291000,64,1.0045188477164464,75.58582946242468,-1.3555685370950117,-93.21471157322826,0.6081542087715891,25.87975996088636,-0.2530356798566763,-55.92332286638694,1.1935921919726409,-0.15360649992558786,-54.98016845656418,-1.0638405427447875
2026-06-24T14:32:58.301000,65,0.7999195238075342,75.498433964827,-1.5003131341722866,-93.29998222845097,0.6081542087715891,25.863477368707457,0.2872455462901868,-55.93948775441129,0.7679041430786241,0.08550843802258418,-54.08748617115642,-0.4194967717789839
2026-06-24T14:32:58.312000,66,1.0656315975787738,75.19677707290766,-1.4667122054455382,-93.0948039166256,1.2874520928396782,25.67623047249981,0.021097215336146936,-55.62024911424275,0.5976289235210174,-0.2718196541486342,-54.08748617115642,-0.9914000478880141
2026-06-24T14:32:58.321000,67,0.5607780867995136,75.37720756143628,-1.5907805888436013,-93.13743781366527,0.808110156106878,25.920466441333616,-0.0055170462084945015,-55.97181536096758,0.8722656134146637,0.04789358815399108,-55.0540253757622,-0.896083176356489
2026-06-24T14:32:58.331000,68,0.7016056000210806,75.90721701325234,-1.5287463971445696,-93.17740798624727,0.6930664442800997,25.858048866697924,0.25530728933505326,-55.7879508783392,0.5866442816164658,0.16342099767058854,-54.34116353589168,-0.537690019985257
2026-06-24T14:32:58.341000,69,1.0975175029224464,75.59992365510297,-1.4977293012950585,-93.28132757381715,0.23837379041927437,25.814629592170757,0.1568319496414775,-55.775827754694035,0.9546577999416201,0.13118052201056282,-54.47281717496814,-0.9799618595506383
2026-06-24T14:32:58.351000,70,0.8158624764793898,75.29544853006861,-1.469298813653469,-93.33462209097428,0.8519353516772536,26.16470241016742,0.1861096377682423,-55.91928327150016,1.144156880056473,0.0962543016440492,-54.6719043430897,-0.8331731405009344
2026-06-24T14:32:58.361000,71,0.7892918397161707,75.52944361040183,-1.4072646219544376,-93.13743781366527,0.3945045421841874,26.083289449272915,0.17812507352945892,-55.775827754694035,0.534463546448451,-0.22883331486710431,-54.61410417533677,-0.8789258938504306
2026-06-24T14:32:58.372000,72,1.1108042478388278,75.5632745161949,-1.3917560740296726,-93.15608960715575,0.9450649951733952,25.578534919426403,-0.10931638131256234,-56.3860170233616,1.144156880056473,0.20909596645415876,-54.04895617386228,-0.9151461412788173
2026-06-24T14:32:58.382000,73,0.8876057635026628,75.64503052045931,-1.8130651502139696,-93.49183619570124,0.3945045421841874,26.110426131621182,-0.0028564773802032236,-56.183967855265486,0.8887440507200529,0.4428365301937634,-54.44070711995246,-1.1286562610166118
2026-06-24T14:32:58.392000,74,0.7627212029529514,75.79163010319485,-1.2754419645939965,-93.29998222845097,0.9368475871857642,25.94760312368188,-0.1385940694393659,-55.529325686904045,0.5289697510476032,-0.09718566752051354,-54.35400686832306,-1.0333393894850869
2026-06-24T14:32:58.402000,75,0.6272061052423332,75.89875928680407,-1.4899750273326808,-93.3159702974838,0.641023840722098,25.871618664796912,-0.4473257904155752,-55.864729215096936,1.0782460797320597,-0.5969072706597877,-54.70401439810539,-1.0066516479778096
2026-06-24T14:32:58.412000,76,0.2950660130282739,75.7211500584937,-1.2806124056791464,-93.68102643849384,0.5122864096432117,25.94217462167234,0.21804789472333713,-55.92332286638694,1.0425408329722705,-0.3174946229322044,-54.023266061125035,-1.1686899201974184
2026-06-24T14:32:58.422000,77,0.5395198655472432,75.71269233204545,-1.4046780137465158,-93.29198819393457,0.8190657197267449,26.075148153183466,0.26595528015599873,-55.82027848489549,0.6168527840782536,0.4267162923637701,-54.71043778825832,-0.903707952941445
2026-06-24T14:32:58.432000,78,1.1692607899457195,75.52098588395357,-1.520992123182192,-93.35593760892243,0.5013279049324368,25.82819939026975,0.12755711926850605,-55.95161087805646,0.6690364681434322,0.28163415189363483,-54.408597064936764,-1.1210314844316593
2026-06-24T14:32:58.442000,79,0.4544926866771323,75.92131423303385,-1.3271380494534224,-93.46519036769439,0.6081542087715891,26.099572041451818,0.08231030266417447,-55.97181536096758,0.8667747669109698,-0.09181129331198526,-54.851724788626946,-1.244943826806615
2026-06-24T14:32:58.453000,80,0.6750349632578615,76.08764750178094,-1.4020941808692877,-93.22803591780337,0.7423708922058604,25.7413579273657,-0.1598843355735152,-55.68692412479872,0.5893897048683127,-0.14823212571705957,-54.31868684216815,-1.0714653193297434
2026-06-24T14:32:58.463000,81,0.3960361445702405,75.69577687914891,-1.567517766956468,-93.03884567501076,0.43285048539917825,25.841766274519024,0.2313535966187418,-55.94958891112064,0.6964995473533631,0.07744831910756797,-54.16455306149366,-0.873206799681741
2026-06-24T14:32:58.473000,82,0.6670634869219336,75.70141637248217,-1.0298945813364948,-93.26001205586897,0.5478941972259564,25.91503793932408,0.0716651695970998,-55.95565047294323,0.6305857981317959,-0.08643980389904853,-54.34116353589168,-0.9227709178637697
2026-06-24T14:32:58.483000,83,0.6165784211509697,75.75498096428679,-1.3736636932276889,-93.60908012784623,0.7177186682429825,25.708795656857614,0.5613784414829712,-55.64247339459727,0.8557871761092744,-0.19121846499855033,-54.65906101065832,-0.8026719872412339
2026-06-24T14:32:58.493000,84,0.9832606264641373,75.27853307717207,-1.3271380494534224,-93.17474426178958,0.6930664442800997,25.65451937831137,-0.1279460786184204,-55.87079077691952,0.8557871761092744,0.1123745394740816,-54.62373753662892,-1.0600291779122584
2026-06-24T14:32:58.503000,85,0.8105472078989363,75.89875928680407,-1.0686659511483836,-93.33728581543194,0.816324623003601,25.84719477652856,0.03706634381367498,-55.75158150740371,0.9931084699532563,0.29506864501717933,-54.687961094534785,-0.7111685274621323
2026-06-24T14:32:58.513000,86,0.8211777450598432,75.09810561574672,-1.4899750273326808,-93.24136026237848,0.7861960877762362,25.936749033512513,0.02641835299276822,-56.01424629372565,0.3916514061007751,-0.05151358353253489,-54.254463284262286,-1.00093255380912
2026-06-24T14:32:58.523000,87,0.4704356393489492,75.86211014789599,-1.241841035867248,-93.36926195349754,0.654717559974206,26.05072426491511,0.03706634381367498,-56.305196922224674,0.7074841892579047,-0.24226780799064881,-54.53061734272107,-0.7969528930725477
2026-06-24T14:32:58.533000,88,1.1108042478388278,75.48433674504548,-1.55976349299409,-93.63039850693775,0.3506793466138116,25.673514764570182,-0.34885045072196075,-56.19406901197484,0.9381793626362308,-0.13480051738910664,-54.06500947743289,-0.6806653272825409
2026-06-24T14:32:58.547000,89,1.0443762293960468,75.18267985312615,-1.5571768847861684,-93.41189585053726,0.8300212833466168,26.16470241016742,0.09029486690295786,-56.086982866104194,0.701990393857057,0.16342099767058854,-54.68474767552108,-1.2811640742350052
2026-06-24T14:32:58.554000,90,0.8371206977316988,75.38566528788454,-1.3865856329445228,-93.02818791603669,0.805369059383734,26.24882816514184,0.32982893631235627,-55.99201984387871,0.8777594088155114,0.3380549842986701,-54.03610939355642,-1.2716315683138957
2026-06-24T14:32:58.564000,91,1.0656315975787738,75.30390625651688,-1.3710770850197673,-92.9775599844806,0.40546010580405933,25.82819939026975,-0.09600782166332557,-55.579837978928076,0.6086135654255589,0.10968879476759369,-54.581994120321085,-1.0314337070688206
2026-06-24T14:32:58.574000,92,0.9699767346172994,75.74088374450525,-1.3374761562930282,-93.11611943457375,0.7807168354208512,26.237971161122765,-0.3914338407441689,-56.16780296724112,0.7074841892579047,0.2682025435656819,-54.79392462087401,-0.9608988946283135
2026-06-24T14:32:58.584000,93,0.9593461974563925,75.67322496002237,-1.2702742988395404,-93.08147957205048,0.38902528982880247,26.180985002346322,0.1861096377682423,-55.87079077691952,0.5289697510476032,-0.011212988957532066,-54.30905348087599,-0.7378562689694095
2026-06-24T14:32:58.598000,94,0.7122332841124441,75.58582946242468,-1.3607389781801615,-92.95357788093138,0.6738934726726067,25.920466441333616,-0.14125463826765716,-55.95767243987904,0.5179851091430616,0.22521620428415207,-54.42465036850737,-0.7969528930725477
2026-06-24T14:32:58.604000,95,0.8025757315630085,75.32082170941341,-1.23925720299002,-93.26800609038537,0.9395857428180052,26.00187648837841,0.1914307754248636,-55.74147818120194,0.9271947207316892,0.2843227813956752,-54.270520035707364,-0.9723370829656858
2026-06-24T14:32:58.614000,96,1.0550039134874103,75.42795089302263,-1.1513763565266268,-93.53180636828326,1.0655850182646556,26.221691482793574,-0.10133181707381768,-55.86068745071775,0.4960128764368147,-0.3604809622136951,-54.296206700570124,-1.052402354407415
2026-06-24T14:32:58.625000,97,0.8424331132426089,75.17422212667788,-1.7742965557327743,-93.43321422962879,0.5424149448705716,25.882472754966276,-0.11996151437967574,-55.67884276553275,0.7267080498151409,0.32193474646867676,-54.607684233058315,-0.8369865522533543
2026-06-24T14:32:58.635000,98,0.9513747211204647,75.75779919740178,-1.3064590604435076,-93.10013136554096,1.0957135534920153,25.803775502001393,0.02641835299276822,-56.07082014757226,0.9052224880254423,0.3702954599586958,-54.51777401028969,-1.161065143612466
2026-06-24T14:32:58.648000,99,0.6564358028305701,75.66758546668909,-1.6734909942218446,-93.22803591780337,0.7177186682429825,25.814629592170757,-0.407402969221697,-56.097086192305966,0.8118456595939443,-0.13748626209555545,-54.52098398142892,-0.5910675499197057
2026-06-24T14:32:58.655000,100,1.2011466952894307,75.33773716230995,-1.23925720299002,-93.17740798624727,1.1231068741780421,25.920466441333616,-0.2450511156178929,-55.816236720516294,0.4905220299331208,-0.0756939402775835,-54.54667409416616,-1.212534944210761
2026-06-24T14:32:58.665000,101,1.0124903240523742,75.74088374450525,-1.4667122054455382,-93.50516054027639,0.34793824989066774,26.373660400563512,-0.024149601268223377,-55.7576430692263,0.8283240968993335,-0.12405176897201098,-54.585204091460305,-0.9551798004596274
2026-06-24T14:32:58.675000,102,0.930119352937699,75.37156806810302,-1.1306973675167218,-93.04150939946847,0.2739845190929271,26.01815908055731,0.33515293172280963,-55.92736463076613,0.770649566330471,-0.10256004172908093,-54.203086506662274,-0.8141101755786062
2026-06-24T14:32:58.685000,103,0.8530607973339724,75.64221228734431,-1.259933416669241,-93.16675022727321,0.5862401404409473,25.860764574627545,-0.15456034016306183,-56.12739400141887,0.8173394549947919,0.46164251273024465,-54.62695095564263,-1.0752787310821632
2026-06-24T14:32:58.699000,104,0.6484643264946423,75.35465261520648,-1.4486198246435544,-93.80093409509654,0.9176716744873684,25.697938652838538,-0.14391520709598715,-55.91119974274178,1.0233169724150342,0.03446197982607724,-54.48245053626031,-0.9227709178637697
2026-06-24T14:32:58.705000,105,0.6325213738227866,75.63375456089604,-0.8722252692116831,-93.22004188328695,0.9067161108675015,26.343808010285624,0.042387481470296265,-56.06879818063645,0.6964995473533631,0.3004430192257076,-54.45355045238383,-0.6673214565289024
2026-06-24T14:32:58.716000,106,0.7414629817006424,75.11783930175827,-1.254765750914785,-93.2253721933457,0.7204568238752235,25.82548368234012,0.3883814548120925,-55.77986734958081,0.982120879151551,0.023713231408981565,-54.700804426966165,-0.6139439265944537
2026-06-24T14:32:58.726000,107,0.8876057635026628,75.75779919740178,-1.7148461969109707,-93.43321422962879,0.9121953632228863,25.795634205911945,-0.08536268859625092,-55.74955954046791,0.982120879151551,0.37566983416722405,-54.360430258475986,-0.8579551995919488
2026-06-24T14:32:58.736000,108,0.720204760448372,75.7183318253787,-1.6398900654951054,-93.56644623080656,0.9395857428180052,26.064294063014103,0.05835660994786304,-56.044554102838546,0.6415704400363375,0.09087992743552091,-54.52098398142892,-0.9227709178637697
2026-06-24T14:32:58.749000,109,0.8450921740676267,75.44204811280416,-1.4124322877088937,-93.2253721933457,0.9505413064378772,26.01001778446786,-0.3435264553115074,-55.87483037180629,0.7843825803840133,0.00490724887250034,-53.987942587095645,-1.0981551077569114
2026-06-24T14:32:58.756000,110,0.8849467026776451,75.70987409893043,-1.5830263148812234,-93.20938412431288,0.5424149448705716,25.920466441333616,-0.08536268859625092,-55.72531546267001,0.7569195011740825,-0.09181129331198526,-54.395750284630914,-1.069559636913477
2026-06-24T14:32:58.766000,111,1.163945521365266,75.45332407236744,-1.4744664794079252,-93.7769519915473,1.0354535419463877,26.237971161122765,0.4921807899161604,-56.17588649599952,0.8942378461209006,0.27088828827213074,-54.21271986795444,-1.1362810376015642
2026-06-24T14:32:58.776000,112,0.30569369711967614,75.21933201913745,-1.425357002756421,-93.3159702974838,0.3945045421841874,25.73864513328579,-0.07737812435746752,-56.12537203448306,0.9271947207316892,0.12043465838905872,-53.93335583835643,-1.0752787310821632
2026-06-24T14:32:58.786000,113,1.2038029030448665,75.30390625651688,-1.2315029290276422,-93.15342588269809,0.48763418568032885,26.330238212186632,0.38572088598376253,-55.814216923072905,1.1880983965717933,-0.17509822716851792,-54.52098398142892,-0.6901978332036505
2026-06-24T14:32:58.799000,114,0.685662647349225,75.991794277735,-1.3917560740296726,-93.36659822903988,1.1066720582027902,26.045298676755284,-0.19714658793910214,-55.8121949561371,0.4877736577841201,-0.13480051738910664,-54.62695095564263,-0.652071903358994
2026-06-24T14:32:58.807000,115,0.9938911636250828,75.92413246614888,-1.2961209536039018,-92.76705136259648,0.9587587144255031,25.450989889924816,0.4495973998939909,-55.91928327150016,0.4960128764368147,0.2305876936970888,-54.64942764936616,-0.8331731405009344
2026-06-24T14:32:58.817000,116,0.9487185133649904,75.64503052045931,-1.3038752275662795,-93.08947360656686,0.5889812371640912,25.814629592170757,0.4708876660281402,-56.248623068378066,0.7349472684678355,-0.04345346461755778,-54.41180703607599,-0.9018022705251787
2026-06-24T14:32:58.827000,117,1.193175218953503,75.22215025225246,-1.2134105482256585,-93.3159702974838,0.5369386336060895,26.297675941678545,-0.07737812435746752,-55.71723193391162,0.8063548130902504,0.05864233657108675,-54.44070711995246,-1.1667842377811521
2026-06-24T14:32:58.837000,118,0.9088611316854286,75.24470519848225,-1.1798068441682164,-93.58776460989809,0.3780697262089355,26.042582968825663,-0.024149601268223377,-55.943527349298066,0.6415704400363375,-0.2180874512456393,-54.40538364592307,-1.3059461333260163
2026-06-24T14:32:58.849000,119,0.6883188551046994,75.65348824690757,-1.1151888195919661,-92.96157191544779,0.641023840722098,26.137565727819158,-0.053424431641156095,-55.99808140570129,0.47678901587957845,0.08013406381401679,-54.71686117841124,-1.0142764245627622
2026-06-24T14:32:58.857000,120,0.7706898262193359,75.70705283871219,-1.0867583319503673,-92.98821774345468,0.41093935815944427,25.727791043116426,-0.3861127030875477,-55.9354459900321,0.6470642354371852,0.031773350323997765,-54.768237956011255,-1.1229371668479258
2026-06-24T14:32:58.867000,121,1.1373748846020468,75.95232387860868,-1.7562013996000878,-93.15342588269809,0.8601527596648846,25.966598509940695,-0.47660062078854665,-55.94958891112064,0.2817961403638778,0.4105960545337377,-54.25767670327598,-0.7492944573067852
2026-06-24T14:32:58.877000,122,0.6458052656696246,75.44486634591917,-1.5158216820970423,-93.10013136554096,0.7368916398504755,25.925892029493443,0.03706634381367498,-55.93948775441129,0.512491313742204,0.010281623081028628,-54.960901733979874,-0.7740765163977996
2026-06-24T14:32:58.887000,123,1.0124903240523742,75.46742129214896,-1.6217976846931217,-93.36926195349754,0.9286301791981383,25.70065436076816,0.4495973998939909,-55.981918687169355,0.419114485310706,0.4105960545337377,-54.30584006186229,-0.8427056464220405
2026-06-24T14:32:58.899000,124,0.9832606264641373,75.22215025225246,-1.8182355912991193,-92.89228932925788,0.26028785874991617,26.020874788486935,0.36709118867790447,-55.71925390084743,0.7679041430786241,0.14461501513410732,-54.52419395256815,-1.0161821069790284
2026-06-24T14:32:58.908000,125,0.8849467026776451,75.91285650658558,-1.4046780137465158,-93.44120826414516,0.5095453129200628,25.77121031764359,0.26595528015599873,-55.75562110229049,0.7514257057732348,0.0962543016440492,-55.009068540440644,-0.9265843296161896
2026-06-24T14:32:58.918000,126,1.3844877979459953,75.95232387860868,-1.2651038577543907,-93.44120826414516,0.6629349679618319,25.931320531502976,0.24200158743968728,-55.947569113677254,0.6141073608264066,0.3004430192257076,-54.421440397368144,-0.6882921507873841
2026-06-24T14:32:58.928000,127,1.0337456922351012,75.54635906329837,-1.2961209536039018,-94.01943675149703,0.8957605472476294,26.335666714196176,-0.2743288037446964,-55.903118383475814,0.3037683730701248,0.49656873309675825,-54.30263009072306,-1.0638405427447875
2026-06-24T14:32:58.938000,128,0.879634287166735,75.7183318253787,-1.1306973675167218,-92.9935480535134,0.7478472034703424,25.589389009595763,-0.1226249409617991,-55.88493369800806,0.6635426727425745,-0.40615304620167375,-54.77787131730341,-0.8922697646040693
2026-06-24T14:32:58.951000,129,1.12143193193023,75.72396829160871,-1.241841035867248,-93.05749746850125,0.6821108806602327,25.890614051055724,0.17812507352945892,-56.0283892148142,0.9162100788271477,0.1284947773040749,-54.569150787889704,-1.0180877893952947
2026-06-24T14:32:58.958000,130,0.228637994585493,75.40539897389608,-1.1022668798751323,-93.55312188623144,0.5807638291764653,26.034441672736214,0.15949537622360088,-56.04051233845936,0.5454481883529926,0.06670245548610296,-54.69759445582694,-1.029525977732667
2026-06-24T14:32:58.968000,131,1.0071750554718821,75.43922987968915,-0.9316728527027931,-93.3745922635563,0.6875871919247147,25.93403332558289,-0.01616503702943999,-55.87483037180629,0.7596649244259295,-0.08643980389904853,-54.19345314537012,-0.9246786471999233
2026-06-24T14:32:58.978000,132,1.0656315975787738,75.69859511226392,-1.7200166379961206,-93.25201802135255,0.6245890247468411,26.096859247371906,-0.47660062078854665,-55.85664785583097,0.5619266256583818,0.37566983416722405,-53.87876564174272,-0.9227709178637697
2026-06-24T14:32:58.989000,133,0.6564358028305701,75.58300820220643,-1.5261625642673415,-92.79636377620442,0.4931104969448109,26.17555650033679,0.24998615167843194,-56.01626609116904,0.8393116877010389,0.27088828827213074,-54.62695095564263,-0.798858575488814
2026-06-24T14:32:59,134,0.7786613025552638,75.60838138155124,-1.259933416669241,-93.0681580886187,0.6656760646849758,26.460498949617843,0.04771147688074964,-56.01424629372565,0.6470642354371852,-0.25032504211007345,-54.47924056512108,-1.117218072679236
2026-06-24T14:32:59.009000,135,1.2064591108003022,75.68450091958563,-1.3116295015286574,-92.79369719060338,0.9916283463760119,25.953031625691416,-0.06406956470823076,-55.82229828233888,0.6415704400363375,0.28163415189363483,-54.633370897921075,-0.8941754470203355
2026-06-24T14:32:59.019000,136,0.6962903314405885,75.66758546668909,-1.3012913946890514,-93.23069964226107,0.7177186682429825,26.368231898553976,-0.2902979322222245,-55.816236720516294,0.7816371571321664,0.4052216803252094,-54.52098398142892,-0.8274540463322483
2026-06-24T14:32:59.029000,137,0.8025757315630085,76.19195845227514,-1.5778558737960737,-93.79827037063883,0.5862401404409473,26.2433996631323,-0.15189977133477056,-55.83037964160484,0.7294564219641416,0.3944758167037444,-54.37969698106029,-0.554847302491319
2026-06-24T14:32:59.039000,138,0.8557198581589902,75.47587901859723,-1.5184082903049638,-93.20938412431288,0.8300212833466168,25.559539533167587,0.06368060535831642,-56.0283892148142,0.7349472684678355,0.2305876936970888,-54.33153017459952,-0.9246786471999233
2026-06-24T14:32:59.050000,139,0.8424331132426089,75.59428718887295,-1.285782846764296,-93.26267578032667,1.0984546502151642,25.841766274519024,-0.4153875334604804,-55.7232934957342,0.9217009253308416,0.49119724368382156,-54.33474014573875,-1.317384321663392
2026-06-24T14:32:59.059000,140,1.1719169977011938,75.84237646188446,-1.6114568025228129,-92.90028336377429,0.4821549333249439,25.97745260011006,-0.21577628524496018,-55.58994130512985,0.5454481883529926,0.3649210857501675,-54.51777401028969,-1.0371528012375102
2026-06-24T14:32:59.070000,141,0.7122332841124441,75.86774964122925,-1.0815878908652177,-93.45186602311927,0.4985897493001958,26.13213722580962,0.0077886556869101705,-56.25670442764403,0.7486802825213879,0.5825442964553704,-54.30584006186229,-0.6959169273723366
2026-06-24T14:32:59.080000,142,0.7388067739452067,75.19395883979266,-1.1487925236493988,-93.30530967736634,1.4134513682863283,26.045298676755284,0.12755711926850605,-56.135475360684836,0.9985993164569502,-0.032704716200462114,-54.45997384253676,-0.8922697646040693
2026-06-24T14:32:59.090000,143,0.8264901605707533,75.51816765083856,-1.5959482545980574,-93.53713381719862,0.8190657197267449,25.79292141183203,0.21006333048459247,-55.68692412479872,0.5893897048683127,0.22790194899063998,-54.700804426966165,-0.8846449880191167
2026-06-24T14:32:59.100000,144,0.6378337893336967,75.75216273117177,-1.5003131341722866,-93.32129774639917,0.6958045999123407,25.597530305685215,0.20739990390243038,-55.8465445296292,0.7514257057732348,0.32193474646867676,-54.280153396999516,-0.8713011172654782
2026-06-24T14:32:59.110000,145,0.28443547586736706,75.17140389356287,-1.2625200248771626,-93.19072946967906,1.1121483694672722,26.460498949617843,-0.11730094555134572,-56.15366004615258,0.32573765687920797,-0.03001897149401329,-55.11824548579359,-0.873206799681741
2026-06-24T14:32:59.120000,146,0.8982334475940263,75.1657644002296,-1.7148461969109707,-92.90028336377429,0.654717559974206,25.814629592170757,0.1541713808131475,-56.09506639486258,1.0562738470258128,-0.027333226787525377,-54.569150787889704,-0.7531078690592051
2026-06-24T14:32:59.130000,147,0.6803502318383149,75.66758546668909,-1.259933416669241,-93.35593760892243,1.0628468626324143,25.904183849154716,0.18877020659657232,-56.17386452906371,0.6937511752043624,0.20909596645415876,-54.18060981293874,-0.9837752713030616
2026-06-24T14:32:59.140000,148,1.0895460265865573,75.51816765083856,-1.4744664794079252,-93.27866384935945,0.7971516513961081,25.91503793932408,-0.08536268859625092,-55.549532339307596,1.2814752250032913,0.0962543016440492,-54.71686117841124,-0.9990248244729665
2026-06-24T14:32:59.151000,149,0.528892181455841,75.74088374450525,-1.567517766956468,-93.49449992015894,1.0409327943017725,26.232545572962938,0.15949537622360088,-56.072839945015645,0.605868142173712,-0.005838614748964683,-54.30905348087599,-0.8713011172654782
2026-06-24T14:32:59.161000,150,0.5740648317158948,75.96923933150521,-1.5184082903049638,-93.48384216118487,1.2408858005461585,25.974739806030144,0.12755711926850605,-55.98798024899194,0.509745890490357,0.22521620428415207,-54.49850728770539,-1.2087235793782285
2026-06-24T14:32:59.171000,151,0.5953201998986606,75.93259019259713,-1.107434545629579,-92.9775599844806,0.295895646332666,25.858048866697924,0.30587524359604484,-55.78188931651662,0.8228332503956496,0.46164251273024465,-54.44713051010538,-0.8713011172654782
2026-06-24T14:32:59.181000,152,0.7441191894561168,75.69013738581566,-1.4382817178039486,-92.79902750066208,0.5889812371640912,26.411651173081143,0.09029486690295786,-55.907160147855,0.5619266256583818,0.3837299530822403,-54.53061734272107,-1.1477192259389366
2026-06-24T14:32:59.191000,153,0.5846925158072971,74.97123971902272,-1.2521791427068538,-92.9775599844806,0.8793257312723776,26.362803396544436,0.3537826290286677,-55.798052035048556,0.512491313742204,0.4052216803252094,-54.18060981293874,-0.9532720711234702
2026-06-24T14:32:59.201000,154,0.8424331132426089,75.55199855663162,-1.5287463971445696,-93.0042058124875,0.5451560415937154,25.868905870717,-0.09867124824548767,-55.7576430692263,1.1112000054456845,0.21446745586709548,-54.768237956011255,-0.9399282003698317
2026-06-24T14:32:59.211000,155,0.7547497266170623,75.72396829160871,-1.2521791427068538,-93.83291023316214,0.8409768469664839,25.651806584231455,0.55871787265468,-56.01626609116904,1.0343016143195758,-0.30943450401718814,-54.768237956011255,-0.8331731405009344
2026-06-24T14:32:59.266000,156,0.6776911710132971,75.39975948056282,-1.1306973675167218,-93.78761261166476,0.5341975368829456,25.77121031764359,-0.09867124824548767,-55.87483037180629,0.6278403748799489,0.49388298839027034,-54.315473423154444,-0.7588269632278913
2026-06-24T14:32:59.266000,157,0.6032916762345885,76.01434922396479,-1.4020941808692877,-93.49183619570124,0.7314123874950905,25.96388571586078,-0.19448316135694002,-55.901098586032425,0.9931084699532563,0.15267513404908442,-54.187029755217196,-0.7111685274621323
2026-06-24T14:32:59.272000,158,0.930119352937699,75.97487882483846,-1.3245514412454913,-93.53180636828326,0.6191097723914561,25.93403332558289,-0.06939356011868414,-55.8121949561371,0.6141073608264066,-0.03001897149401329,-54.64942764936616,-0.8941754470203355
2026-06-24T14:32:59.272000,159,0.9620052582813715,75.54635906329837,-1.6217976846931217,-93.29198819393457,0.8409768469664839,26.275964847490105,0.1568319496414775,-55.76572442849226,0.9601515953424677,0.05864233657108675,-54.50814064899754,-1.1153123902629698
2026-06-24T14:32:59.272000,160,0.8477483818230624,75.45332407236744,-1.5080674081346643,-93.04683970952718,0.9258890824749944,25.77121031764359,0.03972691264200499,-55.79199047322597,0.8063548130902504,-0.09449992281406472,-54.41180703607599,-0.7512001397230516
2026-06-24T14:32:59.272000,161,0.8238339528153176,75.50125219794202,-1.5830263148812234,-93.19872350419543,0.7259360762306084,26.208121684694586,0.21006333048459247,-55.74147818120194,1.0425408329722705,0.2789484071871469,-54.80034801102694,-0.7435753631380991
2026-06-24T14:32:59.282000,162,1.2117743793807942,75.79726959652811,-1.4382817178039486,-93.10546167559967,1.139541690153299,25.985593896199507,-0.04277929857408143,-55.98393848461274,0.9876146745524087,-0.0703195660690552,-54.09711953244857,-1.183941520287214
2026-06-24T14:32:59.292000,163,0.8424331132426089,75.34055539542496,-0.9368432937879427,-93.65171402488595,0.49037234131256985,26.064294063014103,-0.03745530316358932,-55.83644120342742,0.5729112675629234,0.4697026316452608,-54.47924056512108,-0.8179235873310295
2026-06-24T14:32:59.302000,164,0.5714057708909158,75.91285650658558,-1.5365006711069473,-93.34527984994835,0.5369386336060895,25.78749290982249,0.3085386701781682,-56.032430979193386,0.5756596397119241,0.0962543016440492,-54.33474014573875,-1.052402354407415
2026-06-24T14:32:59.312000,165,0.6059478839900242,75.43922987968915,-1.2340867619048703,-93.34261612549065,0.7615438638133583,25.901468141225088,-0.10665581248427106,-55.78188931651662,0.5646720489102288,0.07744831910756797,-54.1902431742309,-1.2239731325481333
2026-06-24T14:32:59.323000,166,0.5714057708909158,76.15812754648208,-1.3736636932276889,-93.35860419452347,0.6519794043419649,26.18641059050615,0.08497372924633657,-56.044554102838546,0.7624103476777764,-0.24495355269713673,-54.62373753662892,-0.8331731405009344
2026-06-24T14:32:59.333000,167,0.5315483892113154,75.58300820220643,-1.3840018000672947,-93.42788391957004,0.7314123874950905,25.83091218434966,0.29523011052893144,-55.85664785583097,0.5838988583646189,0.053267962362558464,-54.52419395256815,-1.1629708260287321
2026-06-24T14:32:59.343000,168,0.8158624764793898,75.18267985312615,-1.8621774021961672,-93.49716650575999,0.6711523759494579,25.852623278538097,-0.07471755552917625,-55.65055692335565,0.6910057519525153,0.4267162923637701,-54.090699590170125,-0.7683574222291135
2026-06-24T14:32:59.353000,169,0.8318054291512454,75.75216273117177,-1.4977293012950585,-93.58776460989809,1.0190187259711307,26.213550186704126,-0.07471755552917625,-56.20619213562,1.141411456804626,-0.22345894065857602,-54.2062964778015,-0.7645460573965809
2026-06-24T14:32:59.363000,170,0.7547497266170623,75.17140389356287,-1.4356951095960269,-93.42255647065467,1.2299302369262914,26.18641059050615,0.13287825692512734,-56.08092130428162,0.7679041430786241,0.07476257440108006,-54.851724788626946,-0.9875866361355942
2026-06-24T14:32:59.373000,171,0.8450921740676267,75.33773716230995,-1.345230430255406,-93.43321422962879,0.6985456966354846,25.920466441333616,-0.013501610447277887,-55.636411832774684,1.2430275038888188,0.19297572862412635,-54.36685364862891,-0.9914000478880141
2026-06-24T14:32:59.383000,172,0.9752891501282095,75.91849599991885,-1.208240107140509,-93.55845219629015,0.5670671688334544,26.007304990387947,0.17812507352945892,-55.97585712534678,0.6690364681434322,-0.08375117439696905,-54.620527565489695,-0.5986923265046581
2026-06-24T14:32:59.401000,173,0.9593461974563925,75.1657644002296,-1.3840018000672947,-93.05749746850125,0.6629349679618319,25.643665288142007,0.31652323441695157,-55.84452473218581,0.31200759172281944,0.2467079315271212,-54.53061734272107,-0.9914000478880141
2026-06-24T14:32:59.404000,174,0.8105472078989363,75.32082170941341,-1.3142133344058855,-93.21737815882929,0.5122864096432117,25.803775502001393,0.10360342655219462,-55.890995259830646,0.7376956406168362,0.12312040309554663,-54.45997384253676,-0.9628045770445798
2026-06-24T14:32:59.414000,175,1.21443058713623,75.19395883979266,-1.6295519586554994,-93.66503836946106,0.6081542087715891,26.012733492397484,0.24200158743968728,-56.16780296724112,0.6278403748799489,0.031773350323997765,-54.50492722998384,-1.0447775778224626
2026-06-24T14:32:59.424000,176,0.9806044187087016,75.2644388844938,-1.1177754277998877,-93.36659822903988,0.9669761224131291,25.94217462167234,-0.25835967526712966,-56.08900483304,0.7404410638686832,-0.3067458745151087,-54.66227098179754,-0.8674877055130549
2026-06-24T14:32:59.434000,177,0.9062049239299542,75.61683910799951,-1.510654016342586,-93.25201802135255,0.791675340131626,25.63009549004302,-0.23174541372248822,-55.816236720516294,0.814594031742945,-0.30943450401718814,-54.21271986795444,-0.9323034237848793
2026-06-24T14:32:59.451000,178,0.34023581021878446,76.16940350604536,-1.510654016342586,-93.51581829925047,0.816324623003601,25.50797896255097,0.010452082269033542,-56.0283892148142,0.36418832689084424,0.15536087875557233,-55.12466887594651,-1.0600291779122584
2026-06-24T14:32:59.454000,179,0.6484643264946423,75.45614533258568,-1.2185782139801147,-93.05217001958589,0.6766316283048478,26.172843706256874,-0.00019590855187321592,-56.09506639486258,0.8283240968993335,0.015653112493965362,-53.92372247706426,-1.212534944210761
2026-06-24T14:32:59.464000,180,0.6218908366618798,75.42795089302263,-1.1694687373286106,-93.43854167854415,0.5561116052135875,25.73864513328579,0.13554168350728943,-55.890995259830646,0.9271947207316892,0.2628281693571536,-55.092555373056335,-0.7874203871514383
2026-06-24T14:32:59.474000,181,0.579377247226805,75.51252815750529,-1.1798068441682164,-93.22004188328695,1.0025839099958789,25.83905348043911,-0.1652083309840073,-55.46669027123485,0.7239626265632939,-0.212713077037111,-54.55630745545831,-0.9380225179535654
2026-06-24T14:32:59.485000,182,0.5102930210285497,75.11783930175827,-1.885437448752607,-93.25734833141131,0.8355005357020018,26.30853003184791,0.12755711926850605,-55.747539743024525,0.7679041430786241,-0.005838614748964683,-54.80355798216617,-0.9837752713030616
2026-06-24T14:32:59.503000,183,0.8902619712580986,75.98897604461999,-1.1203592606771158,-93.50782426473405,1.2162365176741836,26.2271170709534,0.021097215336146936,-55.99000004643532,0.40812984340616437,0.12043465838905872,-53.679678473621166,-0.863674293760635
2026-06-24T14:32:59.505000,184,0.9513747211204647,75.80854555609139,-1.6398900654951054,-92.9722296744219,0.816324623003601,26.21626298078404,0.005128086858580163,-55.85664785583097,0.8832532042163591,0.5556753102082814,-54.67832773324263,-0.9837752713030616
2026-06-24T14:32:59.515000,185,0.4146353049975319,75.37156806810302,-1.6502281723347112,-93.48650588564253,0.7505883001934913,26.208121684694586,-0.19182259252864875,-55.644495361533075,0.6525580308380329,0.026401860911061035,-54.26409664555444,-0.8045776696575001
2026-06-24T14:32:59.525000,186,0.9752891501282095,75.51816765083856,-1.2831962385563744,-93.34261612549065,0.8382386913342428,25.82819939026975,0.5454093130054433,-55.97383515841097,0.5289697510476032,-0.019273107872509174,-54.68474767552108,-0.652071903358994
2026-06-24T14:32:59.535000,187,0.7600621421279724,75.2644388844938,-1.5571768847861684,-93.56378250634886,1.161452817393033,25.752214931384778,0.03972691264200499,-55.854625888895164,0.9134617066781469,0.26014242465066567,-54.90631498524064,-0.7664517398128472
2026-06-24T14:32:59.551000,188,1.001862639960972,75.63093632778103,-0.9445975677503206,-93.45986005763564,0.6108923644038302,25.901468141225088,0.12223312385805267,-56.072839945015645,0.9546577999416201,0.021027486702532745,-54.4310737586603,-1.0238068835639809
2026-06-24T14:32:59.555000,189,1.1692607899457195,75.2108742926892,-1.2521791427068538,-93.38525002253037,0.7533264558257323,26.28139334949964,0.1914307754248636,-55.79199047322597,0.7129779846587523,0.5825442964553704,-54.241619951830906,-0.9113327295263974
2026-06-24T14:32:59.565000,190,0.9115201925104076,76.04254063642459,-1.3736636932276889,-93.47318440221076,0.8793257312723776,25.752214931384778,-0.19182259252864875,-55.8121949561371,0.5976289235210174,0.3138746275536606,-54.739337872134776,-0.8179235873310295
2026-06-24T14:32:59.576000,191,0.7388067739452067,75.18267985312615,-1.5365006711069473,-93.29465191839228,0.5862401404409473,25.4645596880238,0.29256954170064015,-55.996061608257904,0.8832532042163591,-0.03001897149401329,-54.585204091460305,-1.046683260238729
2026-06-24T14:32:59.586000,192,1.0576601212428847,75.30390625651688,-1.345230430255406,-93.44920229866156,1.3504502600175519,25.89332684513564,0.12223312385805267,-55.78997067578259,0.6745273146471261,-0.0703195660690552,-54.44070711995246,-1.178222426118528
2026-06-24T14:32:59.605000,193,0.8211777450598432,75.65067001379256,-1.6993376489862153,-93.1587561927568,0.9286301791981383,26.075148153183466,0.11424855961926929,-56.06475858574968,0.9217009253308416,0.3138746275536606,-54.51777401028969,-0.9875866361355942
2026-06-24T14:32:59.606000,194,0.8132062687239154,75.84519469499946,-1.376247526104917,-93.0361819505531,1.164190973025274,26.01815908055731,0.0716651695970998,-55.92736463076613,0.7349472684678355,-0.15898087413411616,-54.1902431742309,-1.052402354407415
2026-06-24T14:32:59.616000,195,0.6165784211509697,75.35183438209147,-1.3659094192653112,-93.1267800546912,0.8272831277143758,25.719649747026974,-0.30626706069979126,-56.19406901197484,0.8502963296055805,0.37835557887371196,-54.639794288074,-1.0543100837435686
2026-06-24T14:32:59.626000,196,0.791948047471645,75.45332407236744,-1.345230430255406,-93.49716650575999,0.7396297954827165,25.901468141225088,-0.013501610447277887,-55.947569113677254,0.6937511752043624,0.5153747156332396,-54.5338273138603,-1.2640067917289433
2026-06-24T14:32:59.636000,197,0.7334915053647533,75.50689169127527,-1.4356951095960269,-93.14276812372398,0.7177186682429825,25.874331458876828,0.324507798655735,-55.75562110229049,0.7239626265632939,0.28969427080861193,-54.16776648050736,-0.9018022705251787
2026-06-24T14:32:59.651000,198,0.2684953762650934,75.55199855663162,-1.2315029290276422,-93.24668771129384,0.9916283463760119,25.619241399873655,0.5613784414829712,-56.060716821370484,0.8557871761092744,-0.16703810825354082,-53.94298919964858,-0.886550670435383
2026-06-24T14:32:59.657000,199,0.8690037500058281,75.5660927493099,-1.0479869621384785,-93.37991971247166,1.1751494777360487,26.15384540614835,0.02641835299276822,-55.7232934957342,0.9711362372470094,0.3702954599586958,-54.37006361976814,-1.0028382362253863
2026-06-24T14:32:59.667000,200,0.6537767420055524,75.92131423303385,-1.3529847042177836,-93.27333353930075,0.5917193927963322,25.868905870717,-0.24239054678960162,-56.23852191166871,0.3339768755319026,0.30312876393215643,-54.241619951830906,-0.7645460573965809
2026-06-24T14:32:59.677000,201,0.579377247226805,75.81982151565465,-1.5313302300217977,-93.61707416236264,0.613633461126974,25.708795656857614,-0.20513115217788552,-56.02232765299161,0.9107162834263,0.21446745586709548,-54.38290695219952,-0.6463528091903079
2026-06-24T14:32:59.687000,202,0.9752891501282095,75.91849599991885,-1.5390845039841754,-93.11345571011609,1.0847579898721484,25.73864513328579,0.3750757529166878,-56.11325108033032,1.2649997365950558,-0.019273107872509174,-54.0328994224172,-1.1705956026136848
2026-06-24T14:32:59.701000,203,0.722863821273351,75.51816765083856,-1.4744664794079252,-93.63306223139546,0.7533264558257323,25.93403332558289,0.1568319496414775,-56.15366004615258,0.7074841892579047,0.25745379514858624,-54.55951742659754,-1.0943416960044914
2026-06-24T14:32:59.707000,204,0.7308352976092789,75.69859511226392,-1.4460359917663264,-93.45452974757694,1.0464120466571576,25.858048866697924,0.30587524359604484,-55.87079077691952,0.9985993164569502,0.16342099767058854,-54.68474767552108,-0.6673214565289024
2026-06-24T14:32:59.717000,205,0.5740648317158948,75.7690781840683,-1.3710770850197673,-93.35327388446477,0.980672782756145,26.346520804365536,0.08497372924633657,-55.93342619258871,0.6964995473533631,0.28969427080861193,-54.5338273138603,-1.0771844134984294
2026-06-24T14:32:59.727000,206,0.9434032447845369,75.45050583925243,-1.4046780137465158,-93.02552133043565,0.4985897493001958,26.15384540614835,0.0796497338358832,-55.75158150740371,0.6800211100479737,0.2628281693571536,-54.66227098179754,-0.8941754470203355
2026-06-24T14:32:59.737000,207,0.9752891501282095,75.65630950712583,-1.7148461969109707,-92.95624160538908,0.8355005357020018,25.65451937831137,0.3085386701781682,-55.981918687169355,0.9903600978042556,0.1177489136826099,-54.283363368138744,-0.9856809537193278
2026-06-24T14:32:59.752000,208,0.512949228784024,75.56045628307989,-1.3917560740296726,-93.49716650575999,0.6601968123295908,26.042582968825663,0.36975175750623446,-55.90917994529839,0.9601515953424677,0.2923829003106914,-54.54667409416616,-0.8560495171756826
2026-06-24T14:32:59.758000,209,1.1054889792583742,75.55481678974662,-1.3167971672831136,-92.85764946673457,0.7971516513961081,25.841766274519024,0.18078564235778893,-56.25670442764403,0.6717818913952791,0.4294020370702189,-54.7264945397034,-1.0447775778224626
2026-06-24T14:32:59.768000,210,1.4456005478083613,75.45614533258568,-0.9420137348730925,-93.24668771129384,0.632806432734472,25.497121958531896,0.02641835299276822,-55.636411832774684,0.8914924228690537,0.015653112493965362,-54.64942764936616,-1.0161821069790284
2026-06-24T14:32:59.778000,211,1.0178027395632843,75.67886142625238,-1.5778558737960737,-92.92959577738219,0.5424149448705716,26.01815908055731,0.15949537622360088,-55.92332286638694,1.3721066301829523,0.24133644211418448,-54.549884065305385,-1.0676539544972108
2026-06-24T14:32:59.788000,212,0.6776911710132971,75.46460305903395,-1.2030696660553593,-93.15342588269809,1.2408858005461585,26.300388735758457,-0.28497393681177113,-56.200130573797416,0.33672229878374954,-0.027333226787525377,-54.10996631275443,-1.1477192259389366
2026-06-24T14:32:59.801000,213,1.036404753060119,75.42795089302263,-1.241841035867248,-93.18540202076369,1.0957135534920153,25.912325145244164,-0.3275573268339793,-55.92332286638694,0.7514257057732348,-0.2180874512456393,-54.177396393925044,-1.2335056384692429
2026-06-24T14:32:59.808000,214,0.9088611316854286,75.54635906329837,-1.3426465973781778,-93.19872350419543,0.7505883001934913,25.999163694298495,0.47621166143859356,-56.16578316979774,1.3254196904157751,-0.14554638101057166,-54.15170972906228,-0.9342091062011455
2026-06-24T14:32:59.818000,215,0.9008896553495007,75.61683910799951,-1.572685432710924,-92.9935480535134,0.654717559974206,26.05343997284474,-0.08536268859625092,-56.10516755157193,0.5619266256583818,0.088194182729033,-54.36685364862891,-1.1629708260287321
2026-06-24T14:32:59.829000,216,0.613919360325952,75.62811506756277,-1.2521791427068538,-93.65438061048698,0.40272195017181833,26.213550186704126,0.11690912844759929,-55.87079077691952,0.6607972494907275,0.2493965610292007,-54.07464283872504,-0.7797956105664858
2026-06-24T14:32:59.839000,217,0.9752891501282095,75.27571484405706,-1.4356951095960269,-93.15608960715575,0.7861960877762362,25.931320531502976,-0.14391520709598715,-56.305196922224674,0.9601515953424677,0.088194182729033,-54.392540313491686,-1.0142764245627622
2026-06-24T14:32:59.851000,218,0.879634287166735,75.54635906329837,-1.4873911944554528,-93.20671753871184,0.7396297954827165,25.985593896199507,0.12489369268634395,-55.82027848489549,1.3364043323203167,0.327309120677205,-54.77787131730341,-0.9647102594608461
2026-06-24T14:32:59.859000,219,0.6378337893336967,75.72960778494198,-1.422773169879193,-93.35860419452347,0.9012368585121115,25.874331458876828,-0.024149601268223377,-56.044554102838546,0.9271947207316892,0.37566983416722405,-54.585204091460305,-1.0257146129001344
2026-06-24T14:32:59.869000,220,0.1967520892418204,75.3151852431834,-1.6062891367683567,-93.15608960715575,0.7314123874950905,26.01001778446786,0.24466215626797858,-56.046573900281935,0.5234759556467555,0.1177489136826099,-54.30905348087599,-0.8026719872412339
2026-06-24T14:32:59.879000,221,0.5501504027081501,76.00307023729827,-1.567517766956468,-93.35593760892243,1.0409327943017725,26.159273908157882,-0.35151101955029074,-55.85664785583097,0.9271947207316892,-0.021958852578997087,-54.68474767552108,-0.4919372666357608
2026-06-24T14:32:59.889000,222,1.0337456922351012,75.24188393826401,-1.1772230112909883,-93.57977057538167,0.632806432734472,25.643665288142007,0.021097215336146936,-55.95565047294323,1.075497707583059,0.7947902481564144,-54.957691762840646,-0.9723370829656858
2026-06-24T14:32:59.900000,223,0.7653774107084258,75.80290606275813,-0.9368432937879427,-93.19605977973777,0.29315749070042496,25.958457213851243,-0.29828249646100785,-55.74350014813775,1.119439224098379,-0.14554638101057166,-54.893468204934784,-0.9151461412788173
2026-06-24T14:32:59.910000,224,0.5315483892113154,75.10374208197673,-1.2909505125187521,-93.16941395173087,1.2710172768644263,25.63552399205256,-0.10665581248427106,-56.086982866104194,0.789876375784861,0.07476257440108006,-54.32189681330737,-0.7359505865531432
2026-06-24T14:32:59.920000,225,0.7175485526928976,75.88466509412578,-1.3736636932276889,-93.20671753871184,0.641023840722098,25.469985276183632,0.111587990790978,-55.9354459900321,0.5674204210592295,0.46164251273024465,-54.77787131730341,-0.8846449880191167
2026-06-24T14:32:59.930000,226,0.7095770763569698,75.51252815750529,-1.520992123182192,-93.3159702974838,0.9998457543636379,26.121283135640255,0.2020787662458091,-55.71521213646823,0.5893897048683127,0.6309021251497978,-54.35722028733676,-1.0638405427447875
2026-06-24T14:32:59.940000,227,0.8264901605707533,75.50689169127527,-1.1901477263385252,-93.39058033258907,0.6848490362924737,25.7413579273657,0.49750478532661374,-55.6929856866213,0.8612809715101221,0.012967367787516544,-54.30905348087599,-0.8122044931623399
2026-06-24T14:32:59.952000,228,0.7999195238075342,75.58300820220643,-0.8334538993997942,-93.13743781366527,1.0436709499340135,25.904183849154716,-0.11730094555134572,-55.97181536096758,0.8036064409412496,0.25745379514858624,-54.34116353589168,-0.9189595530312372
2026-06-24T14:32:59.960000,229,1.0576601212428847,75.45614533258568,-1.5261625642673415,-93.18540202076369,1.164190973025274,25.83091218434966,0.17812507352945892,-55.670761406266784,1.1331722381519214,0.2682025435656819,-53.987942587095645,-0.9456472945385178
2026-06-24T14:32:59.970000,230,0.30569369711967614,75.62811506756277,-1.1203592606771158,-93.4065684016219,0.8355005357020018,25.874331458876828,-0.01616503702943999,-55.68490432735533,0.7294564219641416,0.03446197982607724,-53.881979060756414,-1.1534383201076261
2026-06-24T14:32:59.980000,231,0.9380908292736267,75.85647368166597,-1.1798068441682164,-93.57977057538167,0.9505413064378772,26.31124282592782,0.21272389931288374,-55.8465445296292,1.0562738470258128,-0.12136602426556216,-54.569150787889704,-0.7226046688796173
2026-06-24T14:32:59.991000,232,0.6644072791664593,75.72396829160871,-1.0505707950157066,-92.96689936436316,0.8930223916153884,25.836340686359197,-0.032134165506968036,-55.63035027095211,1.1304268149000745,0.010281623081028628,-54.755394623579875,-0.8274540463322483
2026-06-24T14:33:00.001000,233,0.5528066104636244,75.84519469499946,-1.3607389781801615,-93.0361819505531,0.6711523759494579,25.94217462167234,0.12223312385805267,-55.57377641710549,0.8942378461209006,0.0022215041660124247,-54.30263009072306,-0.8331731405009344
2026-06-24T14:33:00.011000,234,1.142690153182539,75.47869725171223,-1.3167971672831136,-93.28932160833357,0.6766316283048478,26.22440427687349,-0.07737812435746752,-56.00414296752387,0.7184688311624462,0.06401382598402348,-54.562727397736765,-1.1400944493539842
2026-06-24T14:33:00.021000,235,1.0337456922351012,75.68731915270065,-1.4977293012950585,-93.08414615765149,0.7834579321440001,25.540544146908772,-0.0906866840067043,-55.965753799145006,0.5756596397119241,0.19297572862412635,-54.148499757923055,-1.056215766159835
2026-06-24T14:33:00.031000,236,1.142690153182539,75.30672751673514,-1.735525185920876,-92.88696188034251,0.07402857175763829,25.64094958021238,0.0077886556869101705,-55.83240160854065,0.9107162834263,0.26014242465066567,-54.37969698106029,-1.1324696727690318
2026-06-24T14:33:00.041000,237,1.0895460265865573,75.51252815750529,-1.016969866288958,-93.49449992015894,0.6958045999123407,25.923179235413528,0.18078564235778893,-56.15770181053177,0.47678901587957845,0.14461501513410732,-54.59483745275246,-0.8217349521635586
2026-06-24T14:33:00.052000,238,1.0178027395632843,75.92413246614888,-1.6631528873822385,-93.2493542968949,1.0957135534920153,26.48220712995657,0.11690912844759929,-56.06475858574968,1.026062395666881,0.25745379514858624,-54.01363269983288,-0.9914000478880141
2026-06-24T14:33:00.061000,239,0.8238339528153176,75.79163010319485,-1.23925720299002,-93.14809557263935,0.6601968123295908,25.936749033512513,-0.1598843355735152,-55.93948775441129,1.0562738470258128,0.07476257440108006,-54.51135062013677,-0.995213459640434
2026-06-24T14:33:00.071000,240,0.5714057708909158,76.32164258211415,-1.4046780137465158,-93.57977057538167,1.150497253773166,25.82819939026975,0.042387481470296265,-56.06475858574968,0.7129779846587523,0.34611510321368627,-54.581994120321085,-0.7912337989038581
2026-06-24T14:33:00.082000,241,0.8450921740676267,75.74088374450525,-1.422773169879193,-93.43054764402774,0.49037234131256985,25.904183849154716,-0.29828249646100785,-55.98798024899194,1.0919761448884482,0.37566983416722405,-54.31868684216815,-1.1076876136780174
2026-06-24T14:33:00.092000,242,0.8902619712580986,74.99943113148252,-1.3840018000672947,-93.47584812666847,0.5698053244656954,26.099572041451818,-0.46063435006481196,-55.84452473218581,0.5619266256583818,0.28163415189363483,-54.83888145619555,-0.9532720711234702
2026-06-24T14:33:00.102000,243,0.7122332841124441,75.58582946242468,-1.3348923234158,-93.65438061048698,1.0135424147066487,26.365519104474064,0.23933816085752518,-56.07082014757226,0.7788887849831657,0.19566147333061426,-53.99436597724857,-0.9990248244729665
2026-06-24T14:33:00.112000,244,0.7016056000210806,75.15167020755132,-1.3348923234158,-93.27333353930075,0.8409768469664839,26.1945518865956,0.14352624774607284,-56.14557868688661,0.7816371571321664,0.2467079315271212,-54.36685364862891,-1.1305619434328782
2026-06-24T14:33:00.122000,245,1.086889818831083,75.43359038635589,-1.570101599833696,-93.65438061048698,0.5561116052135875,25.849907570608472,-0.14391520709598715,-56.135475360684836,0.6360795935326437,0.04520784344754226,-54.537040732874004,-1.1629708260287321
2026-06-24T14:33:00.132000,246,0.8530607973339724,75.5632745161949,-1.6838291010614503,-92.8789678458261,0.7067631046231155,26.01815908055731,0.09029486690295786,-55.92332286638694,0.7267080498151409,-0.04882495403049452,-54.52419395256815,-0.7378562689694095
2026-06-24T14:33:00.142000,247,0.44652121034120446,75.69859511226392,-1.833744139223875,-93.26800609038537,0.5999368007839632,26.129424431729703,0.1861096377682423,-55.62226891168614,1.12218759624738,-0.11599165005699477,-54.21914325810737,-1.1286562610166118
2026-06-24T14:33:00.152000,248,0.6272061052423332,75.83955822876945,-1.4848045862475312,-93.36926195349754,0.8820638869046186,26.029016084576387,0.1861096377682423,-55.82229828233888,0.7184688311624462,0.14998938934263562,-54.79392462087401,-1.0714653193297434
2026-06-24T14:33:00.163000,249,1.2170896479612476,75.50125219794202,-1.1462059154414772,-93.33195836651657,0.9149335188551274,26.324812624026812,0.3537826290286677,-56.20215254073322,1.0864852983847544,-0.32555474184722055,-54.2062964778015,-0.9551798004596274
2026-06-24T14:33:00.173000,250,0.8264901605707533,75.18550111334439,-1.5003131341722866,-93.43054764402774,0.5807638291764653,26.343808010285624,0.3537826290286677,-55.97383515841097,0.789876375784861,0.37835557887371196,-54.25767670327598,-1.1362810376015642
2026-06-24T14:33:00.183000,251,0.879634287166735,75.60838138155124,-1.6192110764851906,-92.85764946673457,0.9149335188551274,26.137565727819158,0.21006333048459247,-55.97383515841097,1.12218759624738,0.015653112493965362,-54.177396393925044,-1.0104630128103387
2026-06-24T14:33:00.193000,252,0.9806044187087016,75.72396829160871,-1.0919259977048235,-93.29998222845097,0.7944134957638671,26.313955620007736,-0.3382053176548861,-55.967773596588394,0.7376956406168362,0.31656325705574,-54.12923303533875,-1.1439078611064075
2026-06-24T14:33:00.203000,253,0.9407470370291011,75.0586352166204,-1.6838291010614503,-93.41189585053726,0.8491942549541098,26.012733492397484,0.21006333048459247,-55.84452473218581,1.1304268149000745,-0.04882495403049452,-54.19987653552305,-1.2144426735469147
2026-06-24T14:33:00.213000,254,0.5182644973644774,75.3151852431834,-1.254765750914785,-93.43854167854415,0.6245890247468411,26.107713337541266,0.2632918535738366,-55.65459651824243,0.5756596397119241,-0.08643980389904853,-54.562727397736765,-1.1076876136780174
2026-06-24T14:33:00.223000,255,0.6059478839900242,75.53226184351684,-1.9164545446021275,-93.01486357146158,0.9231509268427533,26.31938412201727,-0.21577628524496018,-56.15770181053177,0.4905220299331208,0.2493965610292007,-54.620527565489695,-1.1153123902629698
2026-06-24T14:33:00.233000,256,0.5209207051199132,75.48433674504548,-1.3348923234158,-93.48117843672716,0.8683701676525106,26.020874788486935,0.7955913732357484,-55.92736463076613,0.8557871761092744,0.18760135441559805,-54.19987653552305,-1.2335056384692429
2026-06-24T14:33:00.253000,257,0.1542384998067456,75.58582946242468,-1.567517766956468,-93.44387198860287,0.7067631046231155,26.11585463363072,-0.00019590855187321592,-56.16982493417693,0.8832532042163591,0.18491560970914925,-54.30584006186229,-1.1934719792884327
2026-06-24T14:33:00.254000,258,0.9434032447845369,76.13557260025229,-1.3064590604435076,-93.53713381719862,0.2739845190929271,25.90960943731454,0.22070846355166712,-55.93948775441129,1.0370499864685765,-0.005838614748964683,-54.4310737586603,-0.9246786471999233
2026-06-24T14:33:00.264000,259,1.0417171685710291,75.38848352099954,-1.2625200248771626,-93.38791374698803,0.47941677769270286,25.93403332558289,0.0716651695970998,-56.17588649599952,0.8393116877010389,-0.24226780799064881,-54.38290695219952,-0.9723370829656858
2026-06-24T14:33:00.274000,260,0.6165784211509697,75.67604319313737,-1.2185782139801147,-93.65970805940235,0.9341064904626203,25.70065436076816,0.05303547229124175,-55.74955954046791,0.5756596397119241,0.16610962717266803,-54.267310064568136,-0.825548363915982
2026-06-24T14:33:00.284000,261,0.6378337893336967,76.24834127719477,-1.5778558737960737,-93.69434792192563,0.8190657197267449,25.77121031764359,0.14352624774607284,-56.12739400141887,0.6745273146471261,0.15536087875557233,-54.280153396999516,-0.7149798922946649
2026-06-24T14:33:00.303000,262,1.0310894844796656,75.35465261520648,-1.0919259977048235,-92.9029499493753,0.7642820194455993,25.82819939026975,-0.247714542200055,-56.09304442792677,0.701990393857057,-0.07300531077550403,-54.69117106567401,-1.1000607901731776
2026-06-24T14:33:00.304000,263,0.8902619712580986,75.67604319313737,-1.46412837256831,-93.18540202076369,0.5122864096432117,25.76306902155414,0.6971160335421339,-56.086982866104194,0.47678901587957845,0.1123745394740816,-54.44391709109168,-0.6311012091005122
2026-06-24T14:33:00.314000,264,0.7414629817006424,75.66758546668909,-1.3736636932276889,-93.28132757381715,0.9971075987313969,25.931320531502976,0.07432573842539109,-55.707130777202266,0.792621799036708,-0.2100273323306231,-54.81319134345832,-1.2563820151439908
2026-06-24T14:33:00.325000,265,0.8636913344949181,75.42795089302263,-1.5390845039841754,-93.53180636828326,0.9176716744873684,25.953031625691416,0.4176591429388573,-55.7879508783392,0.9354339393843839,0.27088828827213074,-54.607684233058315,-0.8884583997715366
2026-06-24T14:33:00.335000,266,0.879634287166735,75.5632745161949,-1.6321357915327275,-93.3745922635563,0.9669761224131291,26.14027852189907,0.5454093130054433,-55.73945838375856,0.4630560018260361,-0.2986857556001316,-55.147145569670045,-0.9189595530312372
2026-06-24T14:33:00.354000,267,1.2330326006331034,75.33773716230995,-1.5907805888436013,-93.39590778150443,0.7040220078999666,25.97745260011006,-0.15456034016306183,-55.78390911396001,1.1716229081635576,0.4267162923637701,-54.57557073016814,-1.00093255380912
2026-06-24T14:33:00.355000,268,0.6378337893336967,75.55481678974662,-1.6295519586554994,-93.22004188328695,0.7697612718009842,25.87975996088636,0.3085386701781682,-55.775827754694035,1.3858396442364946,0.1284947773040749,-54.639794288074,-1.216348355963181
2026-06-24T14:33:00.365000,269,0.6962903314405885,75.7437050047235,-1.425357002756421,-93.02818791603669,0.7177186682429825,26.170127998327246,-0.05874842705160947,-56.032430979193386,0.9683908139951625,0.10700016526551422,-54.23198659053875,-0.7797956105664858
2026-06-24T14:33:00.375000,270,0.8318054291512454,75.2644388844938,-1.2702742988395404,-93.26800609038537,0.8245420309912269,25.985593896199507,-0.1226249409617991,-55.57781818148469,0.7843825803840133,-0.05957370244755109,-54.67832773324263,-0.8789258938504306
2026-06-24T14:33:00.385000,271,0.6909779159296784,76.09046573489596,-0.9859527704394468,-93.50516054027639,0.8820638869046186,25.752214931384778,0.3378135005511396,-55.596002866952425,0.701990393857057,-0.3067458745151087,-54.07785280986427,-0.6997303391247565
2026-06-24T14:33:00.402000,272,0.4598079552575857,75.73524727827522,-1.660566279174317,-93.33462209097428,0.6738934726726067,25.711508450937522,0.1062639953804859,-55.8465445296292,0.8914924228690537,0.06938820019255178,-54.68474767552108,-1.1153123902629698
2026-06-24T14:33:00.406000,273,1.0523477057319746,76.13557260025229,-1.8156517584218912,-93.68102643849384,0.7314123874950905,25.673514764570182,-0.06939356011868414,-55.668741608823396,0.7459348592695408,-0.20733870282854364,-54.49529386869168,-0.9570854828758936
2026-06-24T14:33:00.416000,274,0.5182644973644774,75.33210069607992,-1.3917560740296726,-93.68369016295155,0.5780227324533214,26.067006857094015,-0.1332700740289125,-55.98393848461274,0.7596649244259295,0.327309120677205,-55.04760198560927,-0.825548363915982
2026-06-24T14:33:00.426000,275,0.9115201925104076,75.48433674504548,-1.1022668798751323,-93.31330371188275,0.5341975368829456,25.912325145244164,-0.14923920250644054,-55.7879508783392,0.7514257057732348,0.026401860911061035,-54.418230426228924,-1.326916827584498
2026-06-24T14:33:00.436000,276,0.4890347997762406,75.52944361040183,-1.1823934523761475,-92.48193556675042,0.7944134957638671,26.579902683029978,-0.322236189177358,-55.814216923072905,1.0645130656785173,0.17416686129205358,-54.49529386869168,-0.863674293760635
2026-06-24T14:33:00.453000,277,1.001862639960972,75.78035414363157,-1.5261625642673415,-93.32662805645788,0.7861960877762362,25.890614051055724,0.49750478532661374,-55.71925390084743,1.0590192702776597,0.04789358815399108,-54.83888145619555,-0.8026719872412339
2026-06-24T14:33:00.456000,278,0.5900077843877505,75.32082170941341,-1.2030696660553593,-93.34261612549065,0.9478031508056362,26.246112457212217,0.08231030266417447,-55.85664785583097,0.9766300326478671,0.6416508735668935,-54.07143286758581,-1.2887888508199576
2026-06-24T14:33:00.466000,279,0.6165784211509697,75.30672751673514,-1.6786614353069942,-93.55845219629015,0.9505413064378772,26.105000543461355,0.09295829348511996,-56.03647057408016,0.7514257057732348,-0.032704716200462114,-54.51135062013677,-0.9227709178637697
2026-06-24T14:33:00.477000,280,0.6458052656696246,75.37156806810302,-1.2806124056791464,-93.33462209097428,0.980672782756145,26.26511075732074,0.042387481470296265,-55.68490432735533,0.7239626265632939,0.27357403297861865,-54.187029755217196,-0.9933057303042803
2026-06-24T14:33:00.487000,281,1.0231180081437377,75.57737173597641,-1.2237486550652643,-93.31330371188275,0.9368475871857642,25.89332684513564,-0.08802325742454219,-55.99808140570129,1.0864852983847544,-0.0380790904089904,-54.86778154007203,-1.2811640742350052
2026-06-24T14:33:00.503000,282,0.8344616369066812,75.61119961466625,-1.2728581317167684,-93.08414615765149,1.0299772306819057,25.665373468480734,0.5187950514608017,-55.97383515841097,0.7074841892579047,-0.10524578643552975,-54.85814817877987,-1.0257146129001344
2026-06-24T14:33:00.507000,283,0.7441191894561168,75.22215025225246,-1.5003131341722866,-93.61707416236264,0.7615438638133583,26.061578355084475,0.06368060535831642,-55.80613556380694,1.2759843784995972,0.21446745586709548,-54.3283202034603,-0.995213459640434
2026-06-24T14:33:00.517000,284,0.6590920105860059,75.35183438209147,-1.254765750914785,-93.0681580886187,0.8902812948922445,25.711508450937522,0.1568319496414775,-55.78997067578259,0.7404410638686832,-0.5001858436797105,-54.270520035707364,-0.6959169273723366
2026-06-24T14:33:00.527000,285,0.6962903314405885,75.36311034165475,-1.3271380494534224,-93.53180636828326,1.0546294546447885,25.749499223455153,-0.1705294686406286,-55.83037964160484,0.9354339393843839,0.10968879476759369,-54.244829922970126,-1.216348355963181
2026-06-24T14:33:00.537000,286,0.512949228784024,75.65067001379256,-1.4951454684178305,-93.35593760892243,0.4931104969448109,26.197267594525222,0.3457980647898843,-55.97585712534678,1.119439224098379,0.1338691515126032,-54.32189681330737,-1.0371528012375102
2026-06-24T14:33:00.554000,287,0.9938911636250828,75.5632745161949,-1.7742965557327743,-93.24136026237848,0.48763418568032885,26.213550186704126,0.27393698664091126,-55.99808140570129,0.8942378461209006,-0.1992785839135665,-54.58841751047401,-0.7378562689694095
2026-06-24T14:33:00.557000,288,0.722863821273351,75.47869725171223,-1.347814263132634,-93.73431809450763,0.5013279049324368,25.999163694298495,-0.06673299129039285,-55.981918687169355,0.7267080498151409,-0.13480051738910664,-54.639794288074,-1.1991910734571225
2026-06-24T14:33:00.568000,289,0.685662647349225,75.34055539542496,-1.2030696660553593,-93.15608960715575,0.9039779552352604,26.061578355084475,-0.175853464051082,-55.95969223732242,0.6031227189218651,0.3246233759707171,-54.392540313491686,-0.7874203871514383
2026-06-24T14:33:00.578000,290,0.8663475422503537,75.37156806810302,-1.3633228110573896,-93.18540202076369,1.0792787375167634,25.643665288142007,0.18078564235778893,-55.915241507120975,0.6800211100479737,0.13924064092553995,-54.67832773324263,-0.9323034237848793
2026-06-24T14:33:00.588000,291,0.6883188551046994,75.8903015603558,-1.1591306304890048,-92.9722296744219,0.8628909152971207,25.795634205911945,0.23933816085752518,-55.94150755185468,0.6278403748799489,0.010281623081028628,-54.30905348087599,-0.896083176356489
2026-06-24T14:33:00.602000,292,0.9699767346172994,75.8113637892064,-1.241841035867248,-93.34261612549065,0.32602712265093375,25.920466441333616,-0.032134165506968036,-55.79199047322597,0.8173394549947919,-0.13748626209555545,-54.21592983909367,-1.1019685195093312
2026-06-24T14:33:00.608000,293,1.062975389823338,75.62247860133276,-1.567517766956468,-93.10279795114197,1.1833668857236748,25.77121031764359,0.10360342655219462,-56.08092130428162,0.5427027651011456,0.4186561734487539,-54.38611692333875,-0.84842474059073
2026-06-24T14:33:00.618000,294,0.9327755606931734,75.69013738581566,-1.570101599833696,-93.40923212607956,0.7807168354208512,26.191839092515686,0.20739990390243038,-55.99201984387871,0.9903600978042556,0.31656325705574,-54.537040732874004,-1.2487551916391477
2026-06-24T14:33:00.628000,295,0.7122332841124441,75.70141637248217,-1.3710770850197673,-93.25734833141131,1.2984076564595501,26.02358758256685,0.21804789472333713,-55.87079077691952,0.534463546448451,0.5503038207953447,-54.19345314537012,-0.7054494332934427
2026-06-24T14:33:00.638000,296,0.9434032447845369,75.92131423303385,-1.210823940017737,-93.11611943457375,1.0957135534920153,26.075148153183466,-0.03479473433529804,-55.98393848461274,0.9656424418461617,0.2467079315271212,-54.34116353589168,-0.9570854828758936
2026-06-24T14:33:00.650000,297,0.5820363080518227,74.91767512721812,-1.3710770850197673,-93.37991971247166,0.7752405241563691,25.923179235413528,0.03706634381367498,-55.78997067578259,0.5179851091430616,0.22521620428415207,-54.4310737586603,-0.6844787390349608
2026-06-24T14:33:00.659000,298,0.8238339528153176,75.0078888579308,-1.3167971672831136,-93.11345571011609,0.6711523759494579,25.782064407812953,-0.15456034016306183,-56.05263546210451,0.7514257057732348,-0.12674039847409044,-54.40538364592307,-1.0485909895748826
2026-06-24T14:33:00.669000,299,0.4970062761121684,75.46742129214896,-1.4434493835584048,-93.21737815882929,0.6711523759494579,26.387227284812788,0.5667024368934247,-55.759662866669686,0.8585355482582752,-0.1992785839135665,-54.52098398142892,-0.873206799681741
2026-06-24T14:33:00.679000,300,0.7414629817006424,75.63939405422929,-1.200485833178131,-93.39058033258907,0.4684612140728309,26.14027852189907,0.1914307754248636,-56.27286931566838,0.9024770647735953,0.18491560970914925,-54.5338273138603,-0.9723370829656858
2026-06-24T14:33:00.689000,301,0.8238339528153176,75.4617817988157,-1.3865856329445228,-93.61174385230393,0.969717219136273,25.73864513328579,-0.21577628524496018,-55.66671964188758,1.2485212992896664,0.00490724887250034,-54.10996631275443,-0.9875866361355942
2026-06-24T14:33:00.701000,302,0.8344616369066812,75.21651075891921,-1.3917560740296726,-93.35860419452347,0.5807638291764653,26.105000543461355,0.3191838032452816,-56.05263546210451,0.6168527840782536,0.20909596645415876,-54.15491970020151,-0.8198292697472959
2026-06-24T14:33:00.709000,303,0.9832606264641373,75.65630950712583,-1.4486198246435544,-93.59842236887215,0.8409768469664839,25.505263254621347,-0.056087858223318195,-55.97585712534678,1.0809915029839066,0.05864233657108675,-54.241619951830906,-1.1286562610166118
2026-06-24T14:33:00.719000,304,0.7733488870443537,75.59428718887295,-1.376247526104917,-93.10013136554096,0.8683701676525106,25.82548368234012,0.12489369268634395,-55.57377641710549,0.8338178923001912,0.238647812612105,-54.63658431693478,-0.9532720711234702
2026-06-24T14:33:00.729000,305,0.7627212029529514,75.84519469499946,-1.510654016342586,-93.53713381719862,0.40272195017181833,25.988309604129135,-0.08802325742454219,-55.8121949561371,0.8887440507200529,0.14998938934263562,-54.12280964518582,-0.7950472106562815
2026-06-24T14:33:00.740000,306,0.8557198581589902,75.28699080362036,-1.598534862805979,-93.46252378209334,0.5369386336060895,25.966598509940695,0.0796497338358832,-55.763704631048874,0.8832532042163591,0.015653112493965362,-54.59805087176616,-0.9189595530312372
2026-06-24T14:33:00.750000,307,0.8743190185862816,75.16012793399959,-1.5080674081346643,-93.29998222845097,0.8957605472476294,25.912325145244164,-0.08802325742454219,-55.82229828233888,1.0205715491631873,0.37835557887371196,-54.42465036850737,-0.7683574222291135
2026-06-24T14:33:00.760000,308,0.685662647349225,75.45614533258568,-1.8466688542714118,-93.44387198860287,0.9067161108675015,26.01001778446786,-0.08802325742454219,-55.72531546267001,0.22137618654316837,0.06670245548610296,-54.270520035707364,-1.235411320885509
2026-06-24T14:33:00.770000,309,0.7653774107084258,75.65630950712583,-1.1203592606771158,-93.34261612549065,0.8601527596648846,26.159273908157882,-0.18117745946153535,-55.864729215096936,0.7376956406168362,-0.3201803676386532,-54.67511431422893,-1.0161821069790284
2026-06-24T14:33:00.780000,310,0.5607780867995136,75.55481678974662,-1.4279408356336492,-93.50249395467536,0.613633461126974,25.871618664796912,0.36709118867790447,-55.733396821935976,0.5976289235210174,0.43746215598523513,-54.915948346532794,-0.7435753631380991
2026-06-24T14:33:00.790000,311,0.9593461974563925,75.4194961936776,-1.2030696660553593,-93.20938412431288,0.6738934726726067,25.624669901883188,0.12223312385805267,-55.49093651852517,0.8118456595939443,0.09894004635053712,-54.408597064936764,-0.9933057303042803
2026-06-24T14:33:00.800000,312,1.3499456848468483,75.7859906098616,-1.4873911944554528,-93.25734833141131,0.8355005357020018,25.974739806030144,-0.10665581248427106,-55.965753799145006,0.9217009253308416,0.21446745586709548,-54.66548440081125,-1.0638405427447875
2026-06-24T14:33:00.810000,313,1.0231180081437377,75.79726959652811,-1.5907805888436013,-93.31063998742505,0.6601968123295908,25.78749290982249,0.05303547229124175,-55.78188931651662,0.6937511752043624,-0.0380790904089904,-54.33153017459952,-0.781701292982752
2026-06-24T14:33:00.821000,314,0.9274631451822632,75.43922987968915,-1.3374761562930282,-93.46519036769439,0.9067161108675015,26.039870174745747,0.0690046007687698,-56.00616276496726,0.9546577999416201,0.2682025435656819,-55.04760198560927,-1.0714653193297434
2026-06-24T14:33:00.831000,315,0.8982334475940263,75.66476723357408,-1.1151888195919661,-93.19605977973777,0.6985456966354846,25.958457213851243,-0.1279460786184204,-55.56367526039614,0.5756596397119241,0.590601530574756,-54.62695095564263,-0.9608988946283135
2026-06-24T14:33:00.841000,316,0.8052347923880263,75.3180034762984,-1.425357002756421,-93.0948039166256,0.9368475871857642,25.91503793932408,0.3032146747677148,-56.25064286582145,1.004093111857798,-0.11330590535054595,-54.04574275484858,-1.1286562610166118
2026-06-24T14:33:00.852000,317,0.8211777450598432,75.18267985312615,-0.9678603896374632,-93.15608960715575,1.0464120466571576,26.2271170709534,0.2872455462901868,-55.68490432735533,0.7047387660060577,-0.27450539885508296,-54.25125331312306,-0.8941754470203355
2026-06-24T14:33:00.861000,318,0.7520906657920445,75.87338610745927,-1.2702742988395404,-93.57710398978062,0.632806432734472,25.78478011574258,0.17014050929071425,-56.07082014757226,0.8667747669109698,0.09894004635053712,-54.148499757923055,-1.0238068835639809
2026-06-24T14:33:00.871000,319,0.7946042552270807,75.87338610745927,-1.5287463971445696,-93.46252378209334,0.7615438638133583,25.89332684513564,-0.15189977133477056,-56.200130573797416,0.9436731580370785,0.27357403297861865,-54.46639723268969,-1.0676539544972108
2026-06-24T14:33:00.881000,320,1.2383450161440135,75.62811506756277,-1.1255297017622656,-93.47584812666847,0.9341064904626203,25.752214931384778,-0.14125463826765716,-56.00616276496726,0.8887440507200529,0.679262838639856,-54.38611692333875,-1.0867169194195354
2026-06-24T14:33:00.891000,321,0.9115201925104076,74.99943113148252,-1.1798068441682164,-93.43321422962879,0.8464560993218688,25.475413778193165,0.13287825692512734,-56.10112795668516,0.8722656134146637,0.3971615614101932,-53.907665725619175,-1.1286562610166118
2026-06-24T14:33:00.901000,322,0.7706898262193359,75.37720756143628,-1.691583375023828,-92.91893801840811,1.0957135534920153,25.651806584231455,-0.35949558378907415,-56.01626609116904,0.6635426727425745,0.18222698020706976,-54.36685364862891,-0.8446113288383067
2026-06-24T14:33:00.912000,323,0.9965473713805185,75.61965734111452,-1.8156517584218912,-93.02818791603669,0.9368475871857642,25.727791043116426,-0.2370665513791095,-55.91119974274178,0.9711362372470094,0.6738884644313277,-54.63658431693478,-1.069559636913477
2026-06-24T14:33:00.922000,324,1.062975389823338,75.26161762427554,-1.2030696660553593,-93.62240447242135,0.8848049836277625,25.494409164451984,0.29523011052893144,-55.71925390084743,0.792621799036708,0.15536087875557233,-54.52098398142892,-1.212534944210761
2026-06-24T14:33:00.932000,325,1.0682906584037917,75.40821720701109,-1.3167971672831136,-93.58509802429704,0.9012368585121115,26.137565727819158,0.1062639953804859,-55.816236720516294,1.3144320996140797,-0.4571995043981807,-54.41180703607599,-0.6368203032692018
2026-06-24T14:33:00.942000,326,0.457148894432568,75.48715497816049,-1.5080674081346643,-93.32662805645788,0.7807168354208512,25.782064407812953,0.6332395196319442,-55.854625888895164,0.5536874070056872,-0.005838614748964683,-54.50814064899754,-1.090530331171959
2026-06-24T14:33:00.952000,327,0.7494344580365702,75.06991420328691,-1.7148461969109707,-93.36926195349754,0.635544588366713,26.506631018224923,0.09561886231341124,-55.967773596588394,0.3806667641962335,0.6147818873198045,-53.92051250592503,-1.0829035076671156
2026-06-24T14:33:00.962000,328,0.6776911710132971,75.3828440276663,-0.9161643047780376,-93.45186602311927,0.9450649951733952,26.045298676755284,0.22336903237995842,-56.185987652708874,1.215564424678888,0.19566147333061426,-54.58841751047401,-1.1000607901731776
2026-06-24T14:33:00.972000,329,0.6006354684791141,75.66758546668909,-1.2521791427068538,-93.51581829925047,0.980672782756145,25.84719477652856,0.111587990790978,-56.03647057408016,0.7843825803840133,0.1983472180370631,-54.49529386869168,-0.9475550238746715
2026-06-24T14:33:00.982000,330,0.6431490579141889,75.60838138155124,-1.1875611181306036,-93.70767226650074,1.0765405818845224,26.16470241016742,-0.1625449044018452,-56.22235702364435,0.7459348592695408,0.5368693276718002,-54.44391709109168,-0.8102967638261863
2026-06-24T14:33:00.993000,331,0.613919360325952,75.65630950712583,-1.572685432710924,-93.62240447242135,0.5917193927963322,25.711508450937522,0.39104488139425464,-55.80411359687113,1.075497707583059,0.15267513404908442,-54.81640476247202,-0.6463528091903079
2026-06-24T14:33:01.003000,332,0.9380908292736267,75.71269233204545,-1.1358678086018714,-92.6258253269023,0.7067631046231155,26.24882816514184,-0.11197695014089235,-56.31327828149064,1.1359176614037685,-0.019273107872509174,-54.28978675829167,-1.0161821069790284
2026-06-24T14:33:01.013000,333,0.8211777450598432,75.50125219794202,-1.4667122054455382,-93.45986005763564,0.802630903751493,25.716936952947062,-0.19448316135694002,-55.73137702449259,0.4905220299331208,0.20640733695207927,-54.67511431422893,-0.6063191500095013
2026-06-24T14:33:01.023000,334,0.7839765711357172,75.52098588395357,-1.3167971672831136,-93.46252378209334,0.7286742318628495,25.898755347145176,-0.3834492765053856,-56.060716821370484,0.8612809715101221,-0.08643980389904853,-54.37006361976814,-0.8846449880191167
2026-06-24T14:33:01.033000,335,0.2259789337604753,75.37156806810302,-1.704508090071365,-93.34261612549065,0.9505413064378772,25.57039362333695,0.30587524359604484,-55.82027848489549,0.8008610176894027,0.22521620428415207,-54.68474767552108,-0.7569192338917377
2026-06-24T14:33:01.043000,336,0.4890347997762406,75.67322496002237,-1.345230430255406,-93.24668771129384,0.9121953632228863,25.836340686359197,-0.2104522898345068,-55.92332286638694,0.9381793626362308,0.042522098741054344,-54.21592983909367,-0.7950472106562815
2026-06-24T14:33:01.053000,337,1.12143193193023,75.39975948056282,-1.1617144633662329,-92.79902750066208,1.1121483694672722,25.849907570608472,0.20739990390243038,-55.85664785583097,1.0809915029839066,0.30581450863864434,-54.79392462087401,-1.1305619434328782
2026-06-24T14:33:01.063000,338,0.6458052656696246,76.22578935806821,-1.347814263132634,-93.50782426473405,0.3945045421841874,25.733216631276253,-0.14923920250644054,-55.86877097947613,0.9217009253308416,0.4831371247688053,-54.456763871397534,-0.8846449880191167
2026-06-24T14:33:01.073000,339,0.8158624764793898,75.46742129214896,-1.0454031292612505,-92.61783129238589,0.7396297954827165,25.79292141183203,0.0317423484032216,-55.682884529911945,1.026062395666881,0.31656325705574,-54.48245053626031,-0.9990248244729665
2026-06-24T14:33:01.084000,340,0.6697196946773694,75.87338610745927,-1.0867583319503673,-93.38525002253037,0.6108923644038302,26.02358758256685,-0.056087858223318195,-55.75158150740371,0.792621799036708,-0.33630060546868557,-54.469607203828915,-0.8922697646040693
2026-06-24T14:33:01.100000,341,0.7334915053647533,75.2672571176088,-1.0583250689780843,-93.12144974463246,1.4052339602987025,25.874331458876828,0.010452082269033542,-55.69096588917791,0.7816371571321664,0.5234348345482557,-54.64942764936616,-1.069559636913477
2026-06-24T14:33:01.104000,342,1.0842336110756472,75.57173224264317,-1.2030696660553593,-92.74573584464834,0.5917193927963322,26.08600224335283,0.21272389931288374,-55.92332286638694,0.7569195011740825,0.9076319129665239,-54.174186422785816,-0.7226046688796173
2026-06-24T14:33:01.114000,343,0.6059478839900242,75.37156806810302,-1.1901477263385252,-93.1587561927568,1.0436709499340135,25.958457213851243,-0.06406956470823076,-55.9354459900321,0.4850282345322731,0.3380549842986701,-54.55951742659754,-0.8427056464220405
2026-06-24T14:33:01.124000,344,0.6032916762345885,75.52098588395357,-1.2625200248771626,-93.26800609038537,0.8957605472476294,25.597530305685215,0.48419622567737697,-55.8768523387421,0.8722656134146637,-0.1643523635470529,-54.84209142733478,-1.1057798843418638
2026-06-24T14:33:01.134000,345,0.2605238999291656,75.88466509412578,-0.9730308307226129,-93.3745922635563,0.9587587144255031,25.858048866697924,0.03972691264200499,-55.67480317064598,0.8393116877010389,0.28163415189363483,-54.736127900995555,-1.0257146129001344
2026-06-24T14:33:01.151000,346,0.8318054291512454,75.3151852431834,-1.141038249687021,-93.28132757381715,0.8519353516772536,25.860764574627545,0.41233514752840394,-55.981918687169355,0.4328474993642483,0.1983472180370631,-54.1902431742309,-0.9914000478880141
2026-06-24T14:33:01.154000,347,0.7547497266170623,75.86774964122925,-1.6424738983723335,-93.44120826414516,0.18907228358441655,26.2271170709534,-0.1332700740289125,-56.09506639486258,1.0700068610793652,0.15267513404908442,-54.49529386869168,-1.0848112370032692
2026-06-24T14:33:01.165000,348,1.2277173320526114,75.5660927493099,-1.4072646219544376,-93.12411346909016,0.6245890247468411,25.944890329601968,0.29523011052893144,-55.97989672023355,0.8283240968993335,0.4105960545337377,-54.44391709109168,-0.8922697646040693
2026-06-24T14:33:01.175000,349,0.7388067739452067,75.7211500584937,-1.3064590604435076,-93.3745922635563,0.39176344546104347,26.02358758256685,0.24200158743968728,-56.149618281773385,1.119439224098379,-0.054199328239022806,-54.71686117841124,-0.9227709178637697
2026-06-24T14:33:01.185000,350,0.7786613025552638,75.76625692385005,-1.0996802716672012,-93.16675022727321,1.008063162351264,26.007304990387947,0.2632918535738366,-55.7273352601134,0.5234759556467555,-0.11599165005699477,-54.16776648050736,-1.1629708260287321
2026-06-24T14:33:01.201000,351,0.8876057635026628,75.22215025225246,-1.4977293012950585,-93.35860419452347,0.5698053244656954,25.80920109016122,-0.1279460786184204,-55.90917994529839,0.8695201901628167,0.35954959633723077,-54.83888145619555,-1.2678202034813633
2026-06-24T14:33:01.205000,352,0.8849467026776451,75.61965734111452,-1.0273079731285637,-93.41189585053726,0.43285048539917825,26.05343997284474,0.04771147688074964,-56.02030785554823,0.46854979722688384,-0.26107379052713003,-54.244829922970126,-0.8846449880191167
2026-06-24T14:33:01.215000,353,0.7122332841124441,75.17140389356287,-1.285782846764296,-93.23069964226107,0.630068277102231,26.029016084576387,0.12223312385805267,-56.00010120314467,0.8557871761092744,-0.14554638101057166,-54.61410417533677,-0.8217349521635586
2026-06-24T14:33:01.225000,354,0.8663475422503537,75.52380411706858,-1.3064590604435076,-93.0361819505531,0.5999368007839632,26.303101529838372,-0.056087858223318195,-55.901098586032425,0.8008610176894027,0.4831371247688053,-54.418230426228924,-0.9456472945385178
2026-06-24T14:33:01.235000,355,0.6670634869219336,75.66758546668909,-1.3555685370950117,-93.34261612549065,0.4164156694239263,25.858048866697924,0.042387481470296265,-55.644495361533075,0.6168527840782536,0.4267162923637701,-54.7746578982897,-0.8503304230069963
2026-06-24T14:33:01.250000,356,0.7600621421279724,75.48997623837874,-1.4563740986059321,-93.03884567501076,0.8930223916153884,25.535115644899236,0.12489369268634395,-55.6343920353313,0.7486802825213879,0.19297572862412635,-54.55951742659754,-1.1305619434328782
2026-06-24T14:33:01.256000,357,0.8158624764793898,75.55481678974662,-1.2625200248771626,-93.47318440221076,0.7944134957638671,26.14027852189907,-0.4153875334604804,-56.19204921453145,0.979375455899704,-0.09181129331198526,-54.3443735070309,-0.9265843296161896
2026-06-24T14:33:01.266000,358,0.4651203707684958,75.57455047575817,-1.520992123182192,-93.29465191839228,0.5780227324533214,26.020874788486935,-0.19182259252864875,-56.32742337207161,0.8722656134146637,0.13924064092553995,-54.54667409416616,-1.0371528012375102
2026-06-24T14:33:01.276000,359,0.791948047471645,75.37720756143628,-1.2211648221880362,-93.39857436710548,0.6191097723914561,25.589389009595763,0.21272389931288374,-55.89503702420985,0.8832532042163591,0.13118052201056282,-54.00720930967995,-0.7797956105664858
2026-06-24T14:33:01.286000,360,0.9274631451822632,75.67886142625238,-1.4176027287940434,-93.62240447242135,0.6985456966354846,25.78478011574258,0.39902944563299925,-55.86068745071775,0.7349472684678355,-0.06494519186048783,-54.49850728770539,-0.9532720711234702
2026-06-24T14:33:01.301000,361,1.392459274281923,75.68731915270065,-1.3038752275662795,-93.28132757381715,0.4931104969448109,25.87975996088636,-0.19182259252864875,-55.79199047322597,1.1523960987091677,0.24133644211418448,-54.33474014573875,-0.8350788229172007
2026-06-24T14:33:01.306000,362,1.1745760585262115,75.68731915270065,-1.2702742988395404,-93.59575578327112,0.8628909152971207,25.83905348043911,-0.15456034016306183,-56.03849254101597,1.0672584889303642,0.2628281693571536,-54.57236075902892,-0.7264180806320372
2026-06-24T14:33:01.316000,363,0.8690037500058281,75.67886142625238,-0.7895148638334398,-93.28132757381715,0.635544588366713,25.385859521209213,0.010452082269033542,-55.96373400170162,0.6964995473533631,0.6309021251497978,-54.392540313491686,-1.1153123902629698
2026-06-24T14:33:01.327000,364,0.9088611316854286,75.42231442679261,-1.4899750273326808,-93.36926195349754,0.6875871919247147,26.254253753301665,0.0716651695970998,-55.71723193391162,0.509745890490357,0.49388298839027034,-54.33474014573875,-1.0867169194195354
2026-06-24T14:33:01.337000,365,0.6431490579141889,75.8113637892064,-1.833744139223875,-93.60908012784623,0.9258890824749944,26.24882816514184,0.37773632174501787,-55.8465445296292,0.5866442816164658,0.09894004635053712,-54.241619951830906,-1.0771844134984294
2026-06-24T14:33:01.352000,366,0.5368636577917688,75.93259019259713,-1.2315029290276422,-93.06016405410229,0.5478941972259564,25.985593896199507,0.06368060535831642,-55.699047248443875,0.49876124858581544,0.3380549842986701,-54.0007893674015,-1.0333393894850869
2026-06-24T14:33:01.357000,367,0.6803502318383149,75.46460305903395,-1.8570069611110176,-93.38525002253037,0.5917193927963322,26.28139334949964,0.0317423484032216,-55.79199047322597,0.7788887849831657,0.5825442964553704,-54.177396393925044,-1.1153123902629698
2026-06-24T14:33:01.367000,368,0.8344616369066812,75.61119961466625,-1.4020941808692877,-93.42788391957004,0.7861960877762362,25.868905870717,0.05037204570907965,-55.76774422593565,0.6031227189218651,0.21446745586709548,-54.33153017459952,-0.9494607062909377
2026-06-24T14:33:01.377000,369,0.791948047471645,75.96360286527519,-1.6114568025228129,-93.32396433200017,0.5369386336060895,25.727791043116426,0.09561886231341124,-55.670761406266784,0.4438321412687999,-0.20733870282854364,-54.6719043430897,-0.886550670435383
2026-06-24T14:33:01.387000,370,1.001862639960972,75.30954574985014,-1.1979020003009029,-93.15608960715575,0.9368475871857642,25.904183849154716,-0.14125463826765716,-56.35773118118451,0.4658043739750369,0.04789358815399108,-54.58841751047401,-1.0924360135882252
2026-06-24T14:33:01.403000,371,0.8158624764793898,75.57173224264317,-1.2340867619048703,-93.61174385230393,0.9176716744873684,26.077860947263378,-0.08802325742454219,-55.77380578775823,0.8036064409412496,-0.3416720948816223,-54.408597064936764,-1.0161821069790284
2026-06-24T14:33:01.407000,372,0.9088611316854286,75.02762557104558,-1.6812452681842223,-93.50782426473405,0.81358646737136,25.540544146908772,0.1461868165743641,-55.85260609145178,1.100215363541143,0.2682025435656819,-54.21592983909367,-0.6978226097886029
2026-06-24T14:33:01.418000,373,0.720204760448372,75.37720756143628,-1.4486198246435544,-93.46519036769439,0.4821549333249439,25.82819939026975,-0.1598843355735152,-56.044554102838546,0.4795344391314254,0.20909596645415876,-54.54346067515245,-1.090530331171959
2026-06-24T14:33:01.428000,374,0.685662647349225,75.55199855663162,-1.3555685370950117,-93.32129774639917,0.8738464789169926,26.077860947263378,-0.06939356011868414,-55.75562110229049,0.8667747669109698,0.18222698020706976,-53.881979060756414,-1.1248448961840793
2026-06-24T14:33:01.438000,375,1.2224020634721577,75.78035414363157,-1.4356951095960269,-93.33728581543194,0.8848049836277625,25.56768082925704,0.05303547229124175,-56.06879818063645,1.031556191067729,0.5449294465867773,-54.161343090354436,-0.6882921507873841
2026-06-24T14:33:01.452000,376,0.9115201925104076,75.48715497816049,-1.3969237397841288,-93.10279795114197,0.8491942549541098,26.22440427687349,-0.37546471226660216,-55.83037964160484,0.8502963296055805,0.5395550723782491,-54.63658431693478,-0.903707952941445
2026-06-24T14:33:01.458000,377,0.6325213738227866,76.0961052282292,-1.3710770850197673,-93.28932160833357,0.816324623003601,26.362803396544436,0.03972691264200499,-55.828359844161454,0.814594031742945,0.026401860911061035,-54.21914325810737,-1.3040404509097498
2026-06-24T14:33:01.468000,378,1.1719169977011938,75.69577687914891,-1.2935371207266737,-93.36926195349754,0.7505883001934913,26.17555650033679,-0.4286960931097171,-56.12537203448306,0.6498096586890322,0.14998938934263562,-54.203086506662274,-0.7740765163977996
2026-06-24T14:33:01.478000,379,1.2542879688158304,75.75216273117177,-1.4977293012950585,-93.44120826414516,0.9669761224131291,26.151132612068434,0.1861096377682423,-56.25872639457984,0.5399543929521449,-0.25569941631860177,-54.44391709109168,-1.1019685195093312
2026-06-24T14:33:01.488000,380,0.4890347997762406,75.23342621181574,-1.704508090071365,-93.14543184818169,0.5561116052135875,25.87975996088636,0.22336903237995842,-55.74350014813775,1.097469940289296,-0.35779233271161565,-54.47281717496814,-0.7664517398128472
2026-06-24T14:33:01.502000,381,0.46777943159351354,75.27571484405706,-1.5003131341722866,-93.97680285445736,0.45476455372982005,25.858048866697924,-0.01084104161894788,-55.94150755185468,1.075497707583059,-0.15898087413411616,-54.55630745545831,-1.0867169194195354
2026-06-24T14:33:01.509000,382,0.8876057635026628,75.70141637248217,-1.691583375023828,-93.27866384935945,0.7971516513961081,26.235258367042853,-0.08003869318579752,-55.917261304564356,0.6031227189218651,0.33268349488573334,-54.6719043430897,-1.1458135435226737
2026-06-24T14:33:01.519000,383,0.7122332841124441,75.77753288341333,-1.0764174497800678,-93.18806574522135,0.81358646737136,25.66266067440082,0.21272389931288374,-55.52124432763807,1.2402820806369719,-0.26107379052713003,-54.39896370364461,-0.995213459640434
2026-06-24T14:33:01.529000,384,0.706920868601534,75.1375729877698,-0.9652765567602352,-92.9109439838917,0.7752405241563691,25.860764574627545,0.21272389931288374,-55.733396821935976,0.8365633155520381,0.17148111658560475,-54.64942764936616,-0.9113327295263974
2026-06-24T14:33:01.539000,385,1.2064591108003022,75.46742129214896,-1.1022668798751323,-93.71833002547481,0.643761996354339,25.68437176858926,0.09295829348511996,-56.00818473190307,0.512491313742204,0.2520823057356495,-54.639794288074,-1.0409641660700428
2026-06-24T14:33:01.551000,386,0.44652121034120446,75.79163010319485,-1.4486198246435544,-93.81425843967165,0.45476455372982005,25.89332684513564,0.01843664650781693,-56.10516755157193,0.7404410638686832,-0.26107379052713003,-54.23840998069168,-0.9551798004596274
2026-06-24T14:33:01.559000,387,0.8371206977316988,75.43077215324088,-1.2521791427068538,-93.11611943457375,0.81358646737136,25.953031625691416,0.6971160335421339,-55.72531546267001,0.8365633155520381,-0.24226780799064881,-54.41180703607599,-1.056215766159835
2026-06-24T14:33:01.569000,388,1.062975389823338,75.38848352099954,-1.5003131341722866,-93.71833002547481,0.3232860259277849,25.999163694298495,-0.06939356011868414,-55.83644120342742,0.9464185812889254,0.29506864501717933,-54.52419395256815,-0.7797956105664858
2026-06-24T14:33:01.580000,389,0.7016056000210806,75.43359038635589,-0.7714197077007626,-93.23069964226107,1.1011928058474052,25.953031625691416,0.17546450470116765,-55.828359844161454,0.9271947207316892,-0.09449992281406472,-54.38611692333875,-0.9837752713030616
2026-06-24T14:33:01.590000,390,0.5421789263722223,76.02280695041306,-1.6838291010614503,-93.16408364167216,0.6848490362924737,26.039870174745747,-0.15456034016306183,-56.012224326789834,0.789876375784861,0.679262838639856,-54.33153017459952,-0.7283237630483034
2026-06-24T14:33:01.600000,391,0.613919360325952,75.75216273117177,-1.3426465973781778,-93.49716650575999,0.31506861794015895,26.05072426491511,-0.10133181707381768,-55.76774422593565,0.4438321412687999,0.055953707069007284,-53.824178893003484,-0.9704293536295322
2026-06-24T14:33:01.610000,392,0.9699767346172994,75.95796337194193,-1.4279408356336492,-93.08147957205048,0.654717559974206,25.7413579273657,0.0077886556869101705,-55.901098586032425,0.35594910823814957,-0.38197268945666424,-54.50814064899754,-1.216348355963181
2026-06-24T14:33:01.620000,393,0.7016056000210806,75.25598115804553,-1.285782846764296,-93.10013136554096,0.9121953632228863,26.30853003184791,-0.1226249409617991,-56.062736618813865,0.8365633155520381,-0.39540718258020874,-54.52419395256815,-0.7588269632278913
2026-06-24T14:33:01.630000,394,0.6458052656696246,76.01152796374654,-1.1358678086018714,-93.53447009274096,0.980672782756145,26.126708723800082,-0.23440598255081824,-56.032430979193386,0.770649566330471,0.17685549079413304,-54.418230426228924,-1.1667842377811521
2026-06-24T14:33:01.640000,395,0.8025757315630085,75.5407195699651,-1.5158216820970423,-93.3159702974838,0.654717559974206,26.2433996631323,0.3032146747677148,-55.733396821935976,0.6635426727425745,-0.1562922446320367,-54.62373753662892,-1.0104630128103387
2026-06-24T14:33:01.650000,396,1.1692607899457195,75.22215025225246,-1.5571768847861684,-93.14543184818169,0.43285048539917825,26.129424431729703,0.13287825692512734,-56.00414296752387,0.9381793626362308,-0.38197268945666424,-54.54667409416616,-0.9933057303042803
2026-06-24T14:33:01.660000,397,0.7175485526928976,75.67604319313737,-1.4796369204930748,-93.43854167854415,0.805369059383734,25.535115644899236,0.3750757529166878,-55.66268004700082,0.7184688311624462,0.26014242465066567,-54.76181456585832,-0.6901978332036505
2026-06-24T14:33:01.671000,398,0.9806044187087016,75.68731915270065,-1.2909505125187521,-92.89228932925788,1.0135424147066487,25.94760312368188,0.13287825692512734,-55.907160147855,0.45207135992149455,0.18491560970914925,-54.59805087176616,-0.8674877055130549
2026-06-24T14:33:01.681000,399,0.6776911710132971,75.1883193464594,-1.7717099475248528,-93.34261612549065,1.145018001417781,25.912325145244164,-0.0055170462084945015,-55.77986734958081,0.789876375784861,-0.5028744731817509,-54.44391709109168,-0.7645460573965809
2026-06-24T14:33:01.691000,400,0.8211777450598432,75.44486634591917,-1.8285736981387253,-93.32662805645788,0.9176716744873684,25.83091218434966,0.1568319496414775,-55.76774422593565,1.3061928809613852,0.10162867585257748,-54.99301178899556,-0.9494607062909377
2026-06-24T14:33:01.701000,401,0.706920868601534,75.93259019259713,-1.3426465973781778,-93.46252378209334,0.8683701676525106,26.083289449272915,0.17546450470116765,-56.060716821370484,0.6388250167844906,0.5583639397103609,-54.35722028733676,-0.8751124820980073
2026-06-24T14:33:01.711000,402,0.8344616369066812,75.00507062481579,-1.141038249687021,-93.20938412431288,1.2436268972693025,26.148419817988522,-0.1226249409617991,-56.03849254101597,0.6855119565516676,-0.26107379052713003,-54.5338273138603,-0.6349146208529356
2026-06-24T14:33:01.721000,403,0.4226067813334597,75.70141637248217,-1.2030696660553593,-93.0681580886187,0.8574116629417358,25.611100103784203,0.08231030266417447,-55.67480317064598,0.9464185812889254,-0.06494519186048783,-54.549884065305385,-0.886550670435383
2026-06-24T14:33:01.731000,404,0.8530607973339724,75.60556314843623,-1.2134105482256585,-93.31063998742505,0.6930664442800997,25.890614051055724,-0.1385940694393659,-55.943527349298066,1.0892307216366013,0.37566983416722405,-54.1356529776172,-0.8350788229172007
2026-06-24T14:33:01.741000,405,0.3588349706460758,75.70141637248217,-1.1617144633662329,-93.2839941594182,1.1669320697484178,25.782064407812953,0.042387481470296265,-55.84452473218581,0.9436731580370785,0.22521620428415207,-54.948058401548494,-0.9704293536295322
2026-06-24T14:33:01.752000,406,0.613919360325952,75.59710542198796,-1.510654016342586,-93.39590778150443,0.654717559974206,25.803775502001393,0.3963660190508759,-55.92534483332275,1.12218759624738,0.3488008479201351,-55.10540215336219,-0.8503304230069963
2026-06-24T14:33:01.762000,407,0.7813203633802428,75.29826979028687,-1.3969237397841288,-93.40923212607956,0.6519794043419649,25.904183849154716,0.11424855961926929,-56.16578316979774,0.8695201901628167,0.5019431073052866,-54.713647759397546,-0.7893281164875918
2026-06-24T14:33:01.772000,408,1.0045188477164464,75.92413246614888,-1.5830263148812234,-93.11345571011609,0.7724994274332252,25.632811197972643,0.43362827141642407,-55.41819994614662,0.7788887849831657,0.3998501909122727,-54.687961094534785,-0.8179235873310295
2026-06-24T14:33:01.782000,409,0.9699767346172994,75.48997623837874,-1.7329385777129545,-93.2493542968949,0.8300212833466168,26.105000543461355,0.502825922983235,-55.668741608823396,0.40812984340616437,0.0962543016440492,-54.52419395256815,-1.0771844134984294
2026-06-24T14:33:01.792000,410,0.9168326080213177,75.38848352099954,-1.141038249687021,-93.63839254145417,0.7040220078999666,25.969314217870316,0.21804789472333713,-56.11325108033032,0.8283240968993335,0.28163415189363483,-54.549884065305385,-1.0752787310821632
2026-06-24T14:33:01.802000,411,0.9487185133649904,75.62811506756277,-1.5416711121921065,-93.11079198565838,0.8793257312723776,25.874331458876828,0.3750757529166878,-56.01626609116904,0.27630234496303013,0.36760971525224695,-54.87099151121125,-0.9323034237848793
2026-06-24T14:33:01.812000,412,0.9380908292736267,75.49561270460876,-1.2030696660553593,-93.07082181307636,1.1833668857236748,26.107713337541266,0.06102003653002514,-55.917261304564356,0.7788887849831657,0.1123745394740816,-54.1035429226015,-0.798858575488814
2026-06-24T14:33:01.822000,413,0.6670634869219336,75.32927943586168,-1.572685432710924,-92.95357788093138,0.9067161108675015,25.64094958021238,0.502825922983235,-55.99201984387871,1.0535284237739657,0.023713231408981565,-54.36685364862891,-0.9380225179535654
2026-06-24T14:33:01.833000,414,0.7281762367842611,75.03608329749385,-1.5261625642673415,-93.18007171070495,1.0244979783265207,25.923179235413528,-0.01616503702943999,-56.09506639486258,0.6470642354371852,0.088194182729033,-54.755394623579875,-1.1095932960942836
2026-06-24T14:33:01.843000,415,0.8530607973339724,75.57737173597641,-1.3012913946890514,-93.43321422962879,0.5670671688334544,26.099572041451818,0.1488473854026941,-55.87483037180629,1.1633836895108631,0.20372159224563047,-54.44713051010538,-0.8198292697472959
2026-06-24T14:33:01.853000,416,1.1798884740371216,75.59992365510297,-1.3064590604435076,-93.51581829925047,1.0628468626324143,25.589389009595763,0.111587990790978,-55.943527349298066,1.1990859873734887,0.47238837635170966,-54.87741490136418,-0.8941754470203355
2026-06-24T14:33:01.863000,417,0.5687495631354414,75.70705283871219,-1.1203592606771158,-93.41189585053726,0.8957605472476294,26.020874788486935,-0.25569910643883836,-55.74147818120194,0.7267080498151409,0.37566983416722405,-54.0328994224172,-1.0390584836537764
2026-06-24T14:33:01.873000,418,0.8849467026776451,75.63093632778103,-1.1927315592157532,-93.42788391957004,1.2052780129634086,26.110426131621182,0.36975175750623446,-55.814216923072905,1.119439224098379,0.20372159224563047,-54.44713051010538,-0.8274540463322483
2026-06-24T14:33:01.883000,419,0.8530607973339724,75.78881187007984,-1.3607389781801615,-93.10013136554096,0.8300212833466168,26.08600224335283,0.8993878505859841,-55.711170372089036,0.6690364681434322,0.43208778177670687,-54.148499757923055,-0.9761484477982184
2026-06-24T14:33:01.893000,420,0.7999195238075342,75.70705283871219,-1.2030696660553593,-92.88696188034251,1.0655850182646556,25.73864513328579,-0.14125463826765716,-56.11729067521709,0.6745273146471261,-0.34973221379663855,-54.59483745275246,-0.7683574222291135
2026-06-24T14:33:01.905000,421,0.9832606264641373,75.17422212667788,-1.453790265728704,-93.58509802429704,0.9286301791981383,26.01815908055731,0.11690912844759929,-55.735416619379365,1.146905252205474,0.010281623081028628,-54.45997384253676,-0.7664517398128472
2026-06-24T14:33:01.914000,422,0.558121879044078,75.24188393826401,-1.4977293012950585,-93.70500854204307,1.0902372422275333,26.172843706256874,-0.22642141831203486,-55.91119974274178,1.2375337084879712,0.28163415189363483,-54.71043778825832,-0.9914000478880141
2026-06-24T14:33:01.924000,423,0.7600621421279724,75.9015805470223,-1.7096785311565146,-93.29465191839228,0.8574116629417358,26.354662100454988,-0.2104522898345068,-55.77986734958081,0.6910057519525153,0.03714772453252606,-54.47924056512108,-0.978056177134372
2026-06-24T14:33:01.934000,424,0.8264901605707533,75.80854555609139,-1.019553699166186,-93.73431809450763,0.9286301791981383,25.868905870717,-0.05874842705160947,-55.8465445296292,0.6525580308380329,0.37566983416722405,-54.45997384253676,-1.1477192259389366
2026-06-24T14:33:01.952000,425,0.5528066104636244,75.3941230143328,-1.3917560740296726,-93.69168419746795,1.2627998688768003,25.526974348809787,0.0690046007687698,-55.88493369800806,0.6470642354371852,0.20372159224563047,-54.90310156622694,-1.046683260238729
2026-06-24T14:33:01.954000,426,1.1825446817925573,75.41103846722933,-1.4434493835584048,-93.22803591780337,0.4684612140728309,26.07243535910355,-0.13060950520058248,-55.981918687169355,0.5976289235210174,0.04789358815399108,-54.408597064936764,-1.1458135435226737
2026-06-24T14:33:01.964000,427,0.8264901605707533,75.39694124744781,-1.6269653504475778,-93.63039850693775,0.5999368007839632,25.958457213851243,0.021097215336146936,-55.88493369800806,0.8777594088155114,0.03714772453252606,-54.47924056512108,-1.008557330394076
2026-06-24T14:33:01.974000,428,0.5182644973644774,75.55481678974662,-1.210823940017737,-93.24668771129384,0.9478031508056362,25.898755347145176,-0.18383802828986537,-56.097086192305966,0.9244492974798423,-0.4464536407767157,-54.52098398142892,-1.1153123902629698
2026-06-24T14:33:01.984000,429,1.001862639960972,75.34055539542496,-1.1177754277998877,-92.92959577738219,0.4164156694239263,26.354662100454988,0.03706634381367498,-55.98393848461274,0.8612809715101221,-0.040764835115478314,-54.38290695219952,-0.9418359297059853
2026-06-24T14:33:02.002000,430,0.457148894432568,75.4617817988157,-1.0040451512414306,-93.32129774639917,0.3506793466138116,25.63552399205256,0.25530728933505326,-55.88291390056468,0.9491640045407724,0.38910144249517703,-54.434283729799525,-0.8655820230967886
2026-06-24T14:33:02.005000,431,0.4544926866771323,76.05663482910288,-1.510654016342586,-93.27333353930075,0.476675680969554,25.765781815634057,0.11424855961926929,-56.15770181053177,0.7459348592695408,0.13118052201056282,-54.71686117841124,-0.8884583997715366
2026-06-24T14:33:02.015000,432,1.0417171685710291,75.45050583925243,-1.11002115383751,-93.11345571011609,0.37259047385355054,25.901468141225088,0.021097215336146936,-56.10516755157193,0.7129779846587523,0.28163415189363483,-54.755394623579875,-0.9914000478880141
2026-06-24T14:33:02.025000,433,0.6032916762345885,75.4617817988157,-1.3426465973781778,-93.38525002253037,1.0847579898721484,25.996450900218584,0.042387481470296265,-56.03647057408016,0.4438321412687999,0.28969427080861193,-54.296206700570124,-0.8122044931623399
2026-06-24T14:33:02.035000,434,0.8982334475940263,75.36592857476977,-1.345230430255406,-93.42788391957004,0.9751935304007551,26.137565727819158,0.36975175750623446,-55.89907661909662,0.3312314522800557,0.3138746275536606,-54.1356529776172,-0.8122044931623399
2026-06-24T14:33:02.052000,435,0.6032916762345885,75.69013738581566,-1.1694687373286106,-93.12144974463246,0.9779346271239039,25.619241399873655,-0.056087858223318195,-55.80411359687113,0.9546577999416201,0.48582286947529324,-54.47924056512108,-0.6539775857752603
2026-06-24T14:33:02.055000,436,0.7388067739452067,75.42231442679261,-1.3814179671900666,-93.34261612549065,0.6821108806602327,26.05343997284474,0.30587524359604484,-55.76572442849226,0.982120879151551,0.20640733695207927,-54.41180703607599,-0.8655820230967886
2026-06-24T14:33:02.065000,437,1.0550039134874103,75.84237646188446,-1.23925720299002,-93.18007171070495,0.8793257312723776,25.931320531502976,0.32982893631235627,-55.87483037180629,0.7816371571321664,0.15536087875557233,-54.851724788626946,-1.183941520287214
2026-06-24T14:33:02.076000,438,0.5262359737004053,75.5660927493099,-1.422773169879193,-93.19605977973777,0.5205038176308376,26.0317288786563,0.0690046007687698,-55.695007653557106,0.4960128764368147,-0.12674039847409044,-54.12280964518582,-0.7683574222291135
2026-06-24T14:33:02.086000,439,1.2038029030448665,75.09528435552846,-1.4486198246435544,-93.13210750360656,0.7807168354208512,26.536483408502814,0.4283042760059707,-55.901098586032425,0.5289697510476032,-0.008524359455452598,-54.35400686832306,-0.9494607062909377
2026-06-24T14:33:02.101000,440,1.0071750554718821,75.12911526132154,-1.347814263132634,-93.37991971247166,0.5205038176308376,26.11585463363072,-0.013501610447277887,-56.15770181053177,0.6086135654255589,0.055953707069007284,-54.890258233795564,-0.9704293536295322
2026-06-24T14:33:02.106000,441,1.4588872927247427,75.55481678974662,-1.3710770850197673,-93.52647605822455,0.802630903751493,26.313955620007736,0.577347569960538,-56.07082014757226,0.6607972494907275,-0.1965928392070786,-54.34116353589168,-0.873206799681741
2026-06-24T14:33:02.116000,442,0.9088611316854286,76.02280695041306,-1.2728581317167684,-93.2253721933457,0.5561116052135875,25.931320531502976,0.2020787662458091,-56.16982493417693,0.814594031742945,0.04520784344754226,-54.549884065305385,-1.069559636913477
2026-06-24T14:33:02.126000,443,0.8132062687239154,75.0586352166204,-1.3038752275662795,-93.01486357146158,0.643761996354339,25.871618664796912,0.23933816085752518,-56.23448014728951,0.6964995473533631,0.17148111658560475,-54.174186422785816,-1.2487551916391477
2026-06-24T14:33:02.136000,444,0.2977222207837483,75.87338610745927,-1.510654016342586,-93.35593760892243,0.81358646737136,25.554111031158047,0.18078564235778893,-55.965753799145006,0.05934018563825628,0.2467079315271212,-54.21592983909367,-0.9551798004596274
2026-06-24T14:33:02.151000,445,1.2835176664040673,75.57737173597641,-1.6734909942218446,-92.91893801840811,0.4931104969448109,25.860764574627545,0.2766004132230734,-56.19406901197484,0.7679041430786241,0.5717955480382747,-54.700804426966165,-0.863674293760635
2026-06-24T14:33:02.157000,446,0.6484643264946423,75.60838138155124,-1.4020941808692877,-93.36659822903988,0.6958045999123407,25.773923111723505,-0.06939356011868414,-55.7273352601134,0.9162100788271477,-0.25301367161215293,-55.021911872872025,-0.7054494332934427
2026-06-24T14:33:02.167000,447,1.0523477057319746,75.7211500584937,-1.7251843037505767,-93.23069964226107,0.654717559974206,26.389942992742412,0.21006333048459247,-55.83240160854065,1.0864852983847544,1.0365909308110353,-54.49529386869168,-1.1686899201974184
2026-06-24T14:33:02.177000,448,1.0071750554718821,75.28699080362036,-1.3142133344058855,-93.4065684016219,0.5698053244656954,25.624669901883188,0.3591066244391598,-55.97181536096758,0.7624103476777764,-0.09718566752051354,-54.03610939355642,-0.9799618595506383
2026-06-24T14:33:02.187000,449,1.0310894844796656,75.1375729877698,-1.3840018000672947,-93.06016405410229,0.9395857428180052,25.89332684513564,0.27127641781262,-55.838463170363234,0.5729112675629234,0.18491560970914925,-54.549884065305385,-0.7969528930725477
2026-06-24T14:33:02.202000,450,0.9938911636250828,75.54354083018335,-1.259933416669241,-93.35860419452347,0.7697612718009842,25.76306902155414,0.005128086858580163,-55.58792150768646,0.5756596397119241,0.06938820019255178,-54.296206700570124,-0.8331731405009344
2026-06-24T14:33:02.207000,451,0.9327755606931734,75.28699080362036,-1.4460359917663264,-92.85764946673457,0.6711523759494579,26.05343997284474,0.324507798655735,-56.11729067521709,0.5866442816164658,-0.062259447154039006,-54.52419395256815,-1.0638405427447875
2026-06-24T14:33:02.217000,452,0.7122332841124441,75.85083418833271,-1.4977293012950585,-93.55845219629015,0.45750270936206106,26.213550186704126,0.01577321992565483,-56.24256150655548,0.6086135654255589,0.05864233657108675,-54.45355045238383,-0.7969528930725477
2026-06-24T14:33:02.227000,453,0.5634342945549881,75.33210069607992,-1.1979020003009029,-93.50249395467536,1.2600617132445593,26.034441672736214,0.26595528015599873,-56.01424629372565,0.7953672222885549,0.4804484952667259,-53.82096892186426,-0.7645460573965809
2026-06-24T14:33:02.237000,454,1.1612893136098303,75.58582946242468,-1.345230430255406,-93.41722616059596,0.6738934726726067,25.82819939026975,0.0716651695970998,-55.7879508783392,0.39989062475346976,0.2843227813956752,-54.3283202034603,-1.1229371668479258
2026-06-24T14:33:02.253000,455,0.48637859202080486,75.88748332724079,-1.2961209536039018,-93.14809557263935,0.5999368007839632,25.852623278538097,-0.024149601268223377,-55.84048296780662,0.9711362372470094,0.1284947773040749,-54.67832773324263,-1.0867169194195354
2026-06-24T14:33:02.258000,456,0.7786613025552638,75.44204811280416,-1.4848045862475312,-93.23602995231978,0.8245420309912269,25.24746040153826,0.5374247487666598,-55.816236720516294,1.0919761448884482,0.27357403297861865,-54.07143286758581,-0.9856809537193278
2026-06-24T14:33:02.268000,457,0.9938911636250828,75.61965734111452,-1.4460359917663264,-93.39590778150443,1.2189746733064246,26.0317288786563,0.47621166143859356,-55.93342619258871,0.2570784844057939,-0.05151358353253489,-54.54346067515245,-0.7283237630483034
2026-06-24T14:33:02.278000,458,0.5262359737004053,75.57455047575817,-1.1901477263385252,-93.28932160833357,0.8519353516772536,26.297675941678545,0.18078564235778893,-56.11729067521709,1.0370499864685765,0.08013406381401679,-54.408597064936764,-1.1057798843418638
2026-06-24T14:33:02.288000,459,0.7839765711357172,75.72960778494198,-1.7303547448357264,-93.31063998742505,0.5862401404409473,26.126708723800082,-0.13060950520058248,-55.93342619258871,0.6690364681434322,-0.07300531077550403,-53.98473261595642,-0.825548363915982
2026-06-24T14:33:02.304000,460,0.4970062761121684,75.7465232378385,-1.1487925236493988,-93.11079198565838,1.323059880422428,25.91503793932408,-0.0906866840067043,-56.00818473190307,0.8612809715101221,0.09894004635053712,-54.1035429226015,-0.9704293536295322
2026-06-24T14:33:02.308000,461,0.9115201925104076,75.2644388844938,-0.9652765567602352,-93.39058033258907,0.7944134957638671,25.97745260011006,0.3537826290286677,-55.83037964160484,0.3916514061007751,-0.0380790904089904,-54.19987653552305,-1.197285391040856
2026-06-24T14:33:02.318000,462,0.7414629817006424,75.75779919740178,-1.4356951095960269,-93.24136026237848,0.8930223916153884,26.083289449272915,0.27393698664091126,-56.05667722648371,0.9656424418461617,0.33268349488573334,-54.418230426228924,-1.178222426118528
2026-06-24T14:33:02.329000,463,0.7706898262193359,75.81982151565465,-1.691583375023828,-93.25734833141131,0.8902812948922445,25.820058094180293,-0.4153875334604804,-55.94150755185468,0.9326855672353831,0.5691098033318259,-54.736127900995555,-1.0257146129001344
2026-06-24T14:33:02.339000,464,0.1542384998067456,75.2926302969536,-1.3710770850197673,-93.18007171070495,1.0025839099958789,25.803775502001393,0.2313535966187418,-56.15972160797516,0.534463546448451,-0.2825655177700992,-54.07785280986427,-0.8846449880191167
2026-06-24T14:33:02.354000,465,0.8132062687239154,75.39694124744781,-1.5571768847861684,-93.2493542968949,1.0655850182646556,26.045298676755284,-0.01616503702943999,-55.88493369800806,1.001347688605951,-0.13480051738910664,-54.41180703607599,-0.9189595530312372
2026-06-24T14:33:02.359000,466,0.7813203633802428,75.66476723357408,-1.572685432710924,-93.26267578032667,0.9450649951733952,25.624669901883188,-0.08003869318579752,-55.943527349298066,0.8475479574565797,-0.2986857556001316,-54.3443735070309,-1.4241393815322891
2026-06-24T14:33:02.369000,467,1.1692607899457195,75.5632745161949,-0.88514998425922,-92.99887550242876,0.7095012602553565,25.95574441977133,0.17812507352945892,-55.907160147855,0.4026360480053167,0.14998938934263562,-54.832458066042626,-0.6901978332036505
2026-06-24T14:33:02.379000,468,0.6803502318383149,75.72396829160871,-0.9445975677503206,-93.05217001958589,0.5205038176308376,25.63009549004302,0.1461868165743641,-55.85664785583097,0.6388250167844906,0.00490724887250034,-54.54667409416616,-1.0924360135882252
2026-06-24T14:33:02.389000,469,0.7122332841124441,75.27853307717207,-1.425357002756421,-93.38791374698803,0.8683701676525106,25.744073635295322,-0.2450511156178929,-55.93948775441129,0.9271947207316892,0.21984183007562377,-54.421440397368144,-0.8922697646040693
2026-06-24T14:33:02.404000,470,1.2250611242971756,75.7859906098616,-1.5003131341722866,-93.53713381719862,0.42189492177931126,26.18641059050615,0.08231030266417447,-55.618229316799365,1.1963376152244878,0.00490724887250034,-54.42465036850737,-0.8751124820980073
2026-06-24T14:33:02.410000,471,1.1480025686934492,75.27853307717207,-1.5390845039841754,-93.48384216118487,1.0738024262522814,25.94760312368188,0.16747994046238426,-56.03849254101597,0.5069975183413563,0.04520784344754226,-54.7746578982897,-0.9170518236950835
2026-06-24T14:33:02.420000,472,0.7308352976092789,75.44486634591917,-1.4382817178039486,-93.45186602311927,0.44380899010995306,26.00187648837841,0.24998615167843194,-56.046573900281935,1.0343016143195758,0.5368693276718002,-54.90952495637987,-0.7454810455543653
2026-06-24T14:33:02.430000,473,0.8663475422503537,75.47587901859723,-1.6062891367683567,-93.48650588564253,0.37259047385355054,25.82819939026975,0.10360342655219462,-55.82229828233888,0.6360795935326437,0.3837299530822403,-54.408597064936764,-0.9761484477982184
2026-06-24T14:33:02.440000,474,0.685662647349225,75.54354083018335,-1.1668849044513825,-93.64105626591183,1.0327153863141467,25.936749033512513,-0.09867124824548767,-55.7273352601134,0.6800211100479737,0.1419292704276194,-54.187029755217196,-1.1458135435226737
2026-06-24T14:33:02.452000,475,0.6484643264946423,75.61119961466625,-1.2521791427068538,-93.40123809156314,1.476449535464197,25.958457213851243,0.1861096377682423,-55.65257672079904,0.8777594088155114,0.12312040309554663,-54.30905348087599,-0.9914000478880141
2026-06-24T14:33:02.460000,476,0.6750349632578615,75.49561270460876,-1.2315029290276422,-92.8469917077605,0.7971516513961081,26.00187648837841,0.29789067935726143,-56.00414296752387,0.9217009253308416,-0.008524359455452598,-54.44070711995246,-0.9323034237848793
2026-06-24T14:33:02.470000,477,0.9008896553495007,75.34901312187321,-1.2754419645939965,-93.02818791603669,0.7752405241563691,26.129424431729703,0.08231030266417447,-55.747539743024525,0.770649566330471,-0.00046424054043639446,-54.79392462087401,-0.9151461412788173
2026-06-24T14:33:02.480000,478,1.158633105854356,75.25315989782729,-1.1901477263385252,-93.02019388152029,0.6958045999123407,25.592104717525388,-0.3701435746099809,-55.747539743024525,0.5646720489102288,-0.14554638101057166,-54.49529386869168,-1.0543100837435686
2026-06-24T14:33:02.491000,479,0.6537767420055524,75.42231442679261,-1.3917560740296726,-93.31330371188275,0.6848490362924737,25.849907570608472,0.1861096377682423,-56.16578316979774,1.0452892051212712,0.026401860911061035,-54.27693997798582,-1.0409641660700428
2026-06-24T14:33:02.501000,480,0.9593461974563925,75.67886142625238,-1.6683205531366947,-93.43054764402774,0.4931104969448109,25.689797356749086,0.04771147688074964,-55.75158150740371,1.0205715491631873,0.2359620679056562,-54.915948346532794,-0.825548363915982
2026-06-24T14:33:02.511000,481,1.0310894844796656,75.55481678974662,-1.3529847042177836,-93.73964840456634,0.7588057081811173,25.87975996088636,-0.03745530316358932,-56.1819480578221,0.8448025342047328,-0.11599165005699477,-54.806771401179866,-1.0714653193297434
2026-06-24T14:33:02.521000,482,0.38009319189838486,75.42795089302263,-1.4848045862475312,-93.18007171070495,0.6985456966354846,26.208121684694586,0.13820225233561945,-55.64247339459727,0.7404410638686832,0.042522098741054344,-53.551238253558395,-1.1553460494437797
2026-06-24T14:33:02.531000,483,0.8371206977316988,75.82827924210292,-1.3348923234158,-93.04683970952718,1.0628468626324143,26.029016084576387,0.18877020659657232,-56.10112795668516,0.3669337501426912,-0.13748626209555545,-54.3443735070309,-1.1286562610166118
2026-06-24T14:33:02.541000,484,0.613919360325952,75.54354083018335,-1.0583250689780843,-93.18007171070495,0.9286301791981383,25.765781815634057,-0.11197695014089235,-55.816236720516294,0.7843825803840133,0.28163415189363483,-54.27693997798582,-0.9551798004596274
2026-06-24T14:33:02.551000,485,0.7122332841124441,75.48997623837874,-1.285782846764296,-93.24136026237848,1.153235409405407,25.925892029493443,-0.25569910643883836,-55.53336745128323,0.7514257057732348,0.3568609668351513,-54.55630745545831,-0.9399282003698317
2026-06-24T14:33:02.561000,486,0.9752891501282095,75.51816765083856,-1.3529847042177836,-93.19605977973777,1.0902372422275333,25.754927725464693,0.22336903237995842,-56.19002941708806,1.1633836895108631,0.18491560970914925,-54.7264945397034,-0.8331731405009344
2026-06-24T14:33:02.572000,487,0.9487185133649904,75.75779919740178,-1.851836520025868,-93.13743781366527,0.816324623003601,26.099572041451818,-0.2450511156178929,-55.71521213646823,1.1880983965717933,-0.12674039847409044,-54.60126084290539,-0.652071903358994
2026-06-24T14:33:02.582000,488,0.7494344580365702,75.61119961466625,-1.6398900654951054,-93.44120826414516,0.7040220078999666,25.719649747026974,0.01577321992565483,-55.92534483332275,0.36418832689084424,-0.2664452799400668,-54.55630745545831,-0.9246786471999233
2026-06-24T14:33:02.592000,489,0.9593461974563925,75.52098588395357,-1.3607389781801615,-93.27066981484305,0.5752845768210804,25.706079948927986,0.30587524359604484,-55.71925390084743,1.0590192702776597,0.2923829003106914,-54.41180703607599,-0.9189595530312372
2026-06-24T14:33:02.602000,490,0.9912321028000651,75.63093632778103,-1.0479869621384785,-93.68635388740921,0.7642820194455993,26.064294063014103,0.29256954170064015,-55.68490432735533,1.4352749561526625,0.20640733695207927,-54.1902431742309,-0.9094270471101311
2026-06-24T14:33:02.612000,491,0.930119352937699,75.44486634591917,-1.7096785311565146,-93.3159702974838,0.2109834108241555,25.716936952947062,0.27127641781262,-55.91928327150016,0.8173394549947919,0.15267513404908442,-54.49529386869168,-0.9075213646938649
2026-06-24T14:33:02.622000,492,1.0417171685710291,75.65067001379256,-1.2728581317167684,-92.94025353635627,0.7259360762306084,25.904183849154716,-0.09867124824548767,-55.49901787779115,0.6937511752043624,-0.12674039847409044,-54.25767670327598,-0.9018022705251787
2026-06-24T14:33:02.632000,493,0.8982334475940263,75.77471465029832,-1.5830263148812234,-93.43854167854415,0.7752405241563691,25.887901256975812,0.3537826290286677,-55.947569113677254,1.1112000054456845,-0.19121846499855033,-54.51135062013677,-0.8941754470203355
2026-06-24T14:33:02.642000,494,0.9194916688463354,75.19677707290766,-1.8130651502139696,-93.30530967736634,0.9176716744873684,26.029016084576387,0.05835660994786304,-56.133455563241455,0.6800211100479737,0.4294020370702189,-54.023266061125035,-0.8674877055130549
2026-06-24T14:33:02.653000,495,0.7122332841124441,75.59992365510297,-1.598534862805979,-93.27333353930075,0.9998457543636379,25.93403332558289,0.2313535966187418,-56.15366004615258,0.6415704400363375,-0.00046424054043639446,-54.34116353589168,-1.1667842377811521
2026-06-24T14:33:02.663000,496,0.8530607973339724,75.92131423303385,-1.3814179671900666,-93.2493542968949,0.969717219136273,25.442848593835365,-0.024149601268223377,-56.15164024870919,1.0809915029839066,0.012967367787516544,-54.50492722998384,-0.6215687031794062
2026-06-24T14:33:02.673000,497,1.1480025686934492,75.45050583925243,-1.735525185920876,-93.52381233376688,0.5889812371640912,25.526974348809787,0.21272389931288374,-55.95969223732242,0.8997316415217583,0.010281623081028628,-54.65906101065832,-1.0676539544972108
2026-06-24T14:33:02.683000,498,0.635177581578261,75.12065753487326,-1.5054835752574363,-93.57977057538167,0.5643290132012134,25.925892029493443,0.1461868165743641,-55.95969223732242,0.9546577999416201,-0.36316670692018305,-53.72784528008194,-1.2601933799765235
2026-06-24T14:33:02.693000,499,0.7414629817006424,75.21651075891921,-1.3555685370950117,-93.48117843672716,0.9505413064378772,26.11585463363072,0.0690046007687698,-55.68490432735533,1.4352749561526625,-0.42227328403170616,-54.61410417533677,-1.1210314844316593
2026-06-24T14:33:02.703000,500,1.036404753060119,75.54635906329837,-1.4563740986059321,-93.34261612549065,0.4164156694239263,26.15384540614835,0.3537826290286677,-55.95565047294323,0.8255786736474966,-0.05151358353253489,-54.55630745545831,-1.0943416960044914
2026-06-24T14:33:02.713000,501,0.6803502318383149,75.15167020755132,-1.4848045862475312,-93.51315171364944,0.7478472034703424,25.87975996088636,-0.3914338407441689,-56.200130573797416,0.7376956406168362,0.1338691515126032,-54.62695095564263,-1.244943826806615
2026-06-24T14:33:02.723000,502,0.8318054291512454,75.28417257050535,-1.657982446297089,-93.37991971247166,1.0655850182646556,25.912325145244164,0.36975175750623446,-55.93948775441129,0.5015066718376624,0.18760135441559805,-54.67832773324263,-0.9151461412788173
2026-06-24T14:33:02.734000,503,0.7600621421279724,75.93259019259713,-1.4667122054455382,-93.08147957205048,0.47941677769270286,25.578534919426403,0.03706634381367498,-55.682884529911945,0.9381793626362308,0.17148111658560475,-54.59483745275246,-0.9075213646938649
2026-06-24T14:33:02.744000,504,0.6458052656696246,75.79726959652811,-1.7717099475248528,-93.07881584759278,0.641023840722098,25.996450900218584,0.3271683674840262,-56.04859369772532,0.8777594088155114,0.3246233759707171,-54.296206700570124,-0.896083176356489
2026-06-24T14:33:02.755000,505,0.8876057635026628,75.75498096428679,-1.241841035867248,-93.18007171070495,0.5780227324533214,25.860764574627545,0.29523011052893144,-55.95969223732242,1.0535284237739657,-0.09449992281406472,-54.832458066042626,-1.1553460494437797
2026-06-24T14:33:02.764000,506,0.48106332344035146,75.36029210853974,-1.1772230112909883,-93.10546167559967,0.9286301791981383,26.105000543461355,0.30587524359604484,-55.878872136185485,1.119439224098379,0.32193474646867676,-54.85814817877987,-0.8274540463322483
2026-06-24T14:33:02.774000,507,0.7414629817006424,75.36029210853974,-1.208240107140509,-93.23869367677744,0.7095012602553565,25.776638819653126,-0.032134165506968036,-56.341566293160156,1.0452892051212712,-0.0380790904089904,-54.67511431422893,-0.9608988946283135
2026-06-24T14:33:02.784000,508,0.6325213738227866,75.3941230143328,-1.4124322877088937,-93.26267578032667,0.6821108806602327,26.020874788486935,0.010452082269033542,-55.99201984387871,1.1935921919726409,-0.37391257054164806,-54.21592983909367,-0.9723370829656858
2026-06-24T14:33:02.803000,509,0.8530607973339724,75.44486634591917,-1.1694687373286106,-93.39857436710548,0.7396297954827165,25.80920109016122,-0.42603266652755506,-56.08092130428162,0.9024770647735953,0.031773350323997765,-54.33474014573875,-0.9075213646938649
2026-06-24T14:33:02.804000,510,0.5474913418831324,75.30390625651688,-1.2625200248771626,-92.95091129533037,0.4985897493001958,26.061578355084475,-0.11730094555134572,-55.88695349545145,0.8448025342047328,0.21715608536917497,-54.562727397736765,-0.978056177134372
2026-06-24T14:33:02.815000,511,0.7839765711357172,75.30390625651688,-1.5520092190317123,-92.94291726081397,0.7697612718009842,26.16470241016742,-0.03479473433529804,-55.915241507120975,0.9766300326478671,0.1123745394740816,-54.16776648050736,-1.4565482641281433
2026-06-24T14:33:02.825000,512,0.8211777450598432,75.47587901859723,-1.8776831747902294,-93.38525002253037,0.4136775137916853,26.05343997284474,0.19941533966364697,-55.98798024899194,0.4877736577841201,-0.3416720948816223,-54.2929967294309,-0.7416696807218328
2026-06-24T14:33:02.835000,513,0.7813203633802428,75.63375456089604,-1.3943399069069007,-93.71566630101715,0.6081542087715891,25.974739806030144,0.5374247487666598,-56.12739400141887,0.9436731580370785,-0.3282404865536694,-54.59483745275246,-0.9113327295263974
2026-06-24T14:33:02.854000,514,0.879634287166735,75.54354083018335,-1.4020941808692877,-93.44920229866156,0.8491942549541098,26.020874788486935,0.55871787265468,-55.88493369800806,0.9601515953424677,0.26014242465066567,-53.679678473621166,-1.1439078611064075
2026-06-24T14:33:02.855000,515,1.2117743793807942,75.60556314843623,-1.4796369204930748,-93.16675022727321,0.5314593812507046,25.944890329601968,0.09295829348511996,-55.8768523387421,0.8365633155520381,-0.17778685667059738,-54.203086506662274,-1.1248448961840793
2026-06-24T14:33:02.865000,516,1.1400310923575212,75.45614533258568,-1.7122623640337427,-92.72974777561551,0.1972896915720425,25.980168308039683,0.12755711926850605,-55.58792150768646,1.2265490665834295,0.20372159224563047,-54.5338273138603,-0.8579551995919488
2026-06-24T14:33:02.875000,517,0.5076368132731139,75.80290606275813,-1.1823934523761475,-93.39590778150443,0.8711083232847516,26.159273908157882,-0.0028564773802032236,-56.086982866104194,0.6470642354371852,0.15536087875557233,-54.32189681330737,-0.8808315762666968
2026-06-24T14:33:02.885000,518,0.9168326080213177,75.52380411706858,-1.4563740986059321,-93.00686953694516,0.8930223916153884,25.887901256975812,-0.14391520709598715,-56.02232765299161,0.7239626265632939,0.09894004635053712,-54.37969698106029,-0.930397741368613
2026-06-24T14:33:02.903000,519,0.528892181455841,75.90721701325234,-1.4356951095960269,-92.8416613977018,0.7944134957638671,25.469985276183632,-0.09867124824548767,-55.531347653839845,0.4355929226160953,-0.3604809622136951,-54.752181204566156,-1.0676539544972108
2026-06-24T14:33:02.906000,520,0.791948047471645,75.37438630121802,-1.5080674081346643,-93.03884567501076,0.7423708922058604,25.991022398209047,0.10360342655219462,-55.75562110229049,1.2265490665834295,0.09894004635053712,-54.62373753662892,-0.8369865522533543
2026-06-24T14:33:02.916000,521,1.1745760585262115,75.52944361040183,-1.4744664794079252,-93.32129774639917,0.5232419732630786,25.556823825237963,0.22869302779045053,-55.943527349298066,0.7843825803840133,-0.24226780799064881,-54.89668162394849,-0.978056177134372
2026-06-24T14:33:02.926000,522,0.9938911636250828,75.83391873543619,-1.3710770850197673,-93.24136026237848,0.7368916398504755,25.776638819653126,0.04771147688074964,-55.88695349545145,0.9244492974798423,0.35954959633723077,-54.54667409416616,-1.0161821069790284
2026-06-24T14:33:02.936000,523,0.6272061052423332,75.61683910799951,-1.2134105482256585,-93.20938412431288,0.4985897493001958,26.246112457212217,0.27127641781262,-55.733396821935976,0.9683908139951625,0.13924064092553995,-54.456763871397534,-0.9342091062011455
2026-06-24T14:33:02.953000,524,0.8955772398385906,75.8113637892064,-1.3167971672831136,-92.81767929415257,1.150497253773166,25.988309604129135,0.2872455462901868,-56.25064286582145,1.0645130656785173,0.00490724887250034,-54.52419395256815,-0.863674293760635
2026-06-24T14:33:02.956000,525,0.9832606264641373,75.22778974558572,-1.1823934523761475,-93.43054764402774,0.7423708922058604,25.513404550710796,0.042387481470296265,-55.670761406266784,0.8118456595939443,-0.39540718258020874,-54.10996631275443,-0.9914000478880141
2026-06-24T14:33:02.966000,526,0.6909779159296784,75.75216273117177,-1.6734909942218446,-93.01752729591924,0.6081542087715891,25.73864513328579,0.1062639953804859,-55.8465445296292,0.7239626265632939,0.4213419181552027,-54.30905348087599,-0.930397741368613
2026-06-24T14:33:02.976000,527,0.8344616369066812,75.88748332724079,-1.567517766956468,-93.55312188623144,0.9669761224131291,25.754927725464693,-0.11996151437967574,-56.02232765299161,0.9162100788271477,0.29506864501717933,-54.585204091460305,-1.1305619434328782
2026-06-24T14:33:02.987000,528,0.7016056000210806,75.4730607854822,-1.2754419645939965,-92.84965543221817,0.6218508691146001,26.099572041451818,0.0796497338358832,-55.80007400198436,0.6525580308380329,0.28969427080861193,-54.79392462087401,-0.9628045770445798
2026-06-24T14:33:03.003000,529,0.3960361445702405,75.27853307717207,-1.4796369204930748,-93.26001205586897,0.5862401404409473,26.099572041451818,0.15949537622360088,-56.29711556295871,0.8942378461209006,-0.10793153114201766,-54.607684233058315,-0.903707952941445
2026-06-24T14:33:03.007000,530,0.48637859202080486,75.7859906098616,-1.3943399069069007,-93.02818791603669,0.7396297954827165,25.836340686359197,-0.14923920250644054,-55.69096588917791,1.0562738470258128,0.2493965610292007,-54.21914325810737,-1.1915662968721665
2026-06-24T14:33:03.017000,531,0.8211777450598432,75.38566528788454,-1.4563740986059321,-93.31330371188275,0.9998457543636379,26.170127998327246,0.21804789472333713,-56.24256150655548,0.6964995473533631,0.3998501909122727,-54.30584006186229,-1.1439078611064075
2026-06-24T14:33:03.027000,532,0.8211777450598432,75.30390625651688,-1.3943399069069007,-93.16941395173087,0.8628909152971207,26.042582968825663,0.24998615167843194,-55.83037964160484,0.9244492974798423,0.33536923959222126,-54.80034801102694,-0.8941754470203355
2026-06-24T14:33:03.037000,533,0.6245498974868975,75.72960778494198,-1.6476443394574831,-93.32662805645788,1.0655850182646556,25.991022398209047,0.0077886556869101705,-55.82431807978226,0.9217009253308416,0.21715608536917497,-53.84665558672702,-1.161065143612466
2026-06-24T14:33:03.054000,534,1.001862639960972,75.48433674504548,-1.241841035867248,-93.13743781366527,1.1943224493435418,25.689797356749086,-0.1705294686406286,-56.00010120314467,0.7239626265632939,-0.0165844783704688,-54.39896370364461,-1.1324696727690318
2026-06-24T14:33:03.057000,535,0.8025757315630085,75.51252815750529,-1.3323057152078785,-93.50249395467536,0.8683701676525106,25.773923111723505,0.46024253296106554,-55.82229828233888,0.8695201901628167,0.35417522212870245,-54.44070711995246,-1.0752787310821632
2026-06-24T14:33:03.068000,536,0.8264901605707533,75.40821720701109,-1.2030696660553593,-92.95357788093138,1.0765405818845224,25.974739806030144,0.16481651388022214,-56.00414296752387,1.0123323305104925,0.5395550723782491,-54.267310064568136,-0.896083176356489
2026-06-24T14:33:03.078000,537,0.722863821273351,75.80290606275813,-1.3064590604435076,-93.34261612549065,0.6492412487097239,25.836340686359197,-0.03479473433529804,-55.7232934957342,1.4407658026563563,-0.03001897149401329,-53.9301458672172,-0.8141101755786062
2026-06-24T14:33:03.088000,538,0.8477483818230624,75.27571484405706,-1.5080674081346643,-93.29465191839228,0.8601527596648846,26.30853003184791,0.2632918535738366,-55.88695349545145,0.3669337501426912,0.17685549079413304,-54.607684233058315,-0.903707952941445
2026-06-24T14:33:03.105000,539,0.8158624764793898,75.0191678445973,-1.019553699166186,-93.24668771129384,1.0436709499340135,25.974739806030144,0.4176591429388573,-55.711170372089036,0.6470642354371852,0.2305876936970888,-54.687961094534785,-0.7588269632278913
2026-06-24T14:33:03.108000,540,0.21269504191363736,75.32082170941341,-1.4899750273326808,-93.44920229866156,0.5205038176308376,25.923179235413528,0.30587524359604484,-55.71925390084743,0.7459348592695408,0.16342099767058854,-54.6719043430897,-0.6978226097886029
2026-06-24T14:33:03.118000,541,0.5368636577917688,75.89594105368906,-1.4020941808692877,-93.0361819505531,0.5588497608458285,25.65451937831137,0.4176591429388573,-55.660658080065005,0.8667747669109698,0.22521620428415207,-54.19987653552305,-0.5319709258165708
2026-06-24T14:33:03.128000,542,0.7733488870443537,75.74088374450525,-1.5494253861544842,-93.46519036769439,1.0957135534920153,26.09414353944228,-0.14391520709598715,-55.62024911424275,0.9244492974798423,-0.2019672134156069,-54.270520035707364,-1.1286562610166118
2026-06-24T14:33:03.139000,543,0.9115201925104076,75.77471465029832,-1.2030696660553593,-93.10279795114197,1.0792787375167634,26.31124282592782,-0.22642141831203486,-56.25872639457984,0.5866442816164658,-0.14823212571705957,-54.71043778825832,-0.8122044931623399
2026-06-24T14:33:03.151000,544,0.5820363080518227,75.26161762427554,-1.2806124056791464,-93.36393164343885,0.7177186682429825,25.912325145244164,-0.01084104161894788,-56.135475360684836,0.8036064409412496,0.3004430192257076,-54.3443735070309,-0.9570854828758936
2026-06-24T14:33:03.159000,545,0.228637994585493,75.44204811280416,-1.6709071613446165,-93.46519036769439,0.808110156106878,26.0317288786563,-0.06939356011868414,-55.88493369800806,0.7816371571321664,0.2923829003106914,-54.33153017459952,-0.7149798922946649
2026-06-24T14:33:03.169000,546,0.9274631451822632,75.54354083018335,-1.3426465973781778,-93.52381233376688,0.9368475871857642,25.632811197972643,-0.0055170462084945015,-56.301157327337904,0.9546577999416201,0.4267162923637701,-54.6719043430897,-0.9761484477982184
2026-06-24T14:33:03.179000,547,1.0124903240523742,75.58300820220643,-1.1823934523761475,-93.1587561927568,0.8491942549541098,25.73864513328579,0.1568319496414775,-55.94958891112064,0.5619266256583818,0.2789484071871469,-54.83888145619555,-1.1458135435226737
2026-06-24T14:33:03.189000,548,0.791948047471645,75.5407195699651,-0.8903176500136761,-93.64371999036953,0.3506793466138116,25.90960943731454,0.07432573842539109,-55.76774422593565,0.9985993164569502,0.07476257440108006,-54.42465036850737,-1.1705956026136848
2026-06-24T14:33:03.202000,549,0.8982334475940263,75.84519469499946,-1.1694687373286106,-92.9136077083494,0.7697612718009842,25.87975996088636,-0.0055170462084945015,-56.24256150655548,0.5179851091430616,0.16342099767058854,-54.64942764936616,-0.8522361054232627
2026-06-24T14:33:03.209000,550,0.8211777450598432,75.44486634591917,-1.1281135346394937,-93.32396433200017,0.7286742318628495,26.039870174745747,0.3750757529166878,-55.862709417653555,0.8777594088155114,0.327309120677205,-54.54346067515245,-0.995213459640434
2026-06-24T14:33:03.219000,551,1.01514653180781,75.39694124744781,-1.0609116771860059,-93.32396433200017,0.635544588366713,26.41979246917059,0.09295829348511996,-55.71521213646823,0.8887440507200529,0.31656325705574,-54.05216614500151,-0.5357843375689907
2026-06-24T14:33:03.230000,552,0.9806044187087016,75.95796337194193,-1.200485833178131,-93.07082181307636,0.6519794043419649,25.901468141225088,0.30587524359604484,-56.084963068660805,0.8695201901628167,0.05864233657108675,-54.45355045238383,-0.6044114206733442
2026-06-24T14:33:03.240000,553,0.7175485526928976,75.63939405422929,-1.097096438789973,-93.36659822903988,0.8519353516772536,26.05343997284474,-0.07471755552917625,-55.62024911424275,0.44657756452064684,0.3004430192257076,-54.562727397736765,-1.0447775778224626
2026-06-24T14:33:03.251000,554,0.6697196946773694,75.75498096428679,-1.3736636932276889,-93.32129774639917,1.14227984578554,25.689797356749086,-0.00019590855187321592,-56.00818473190307,0.5838988583646189,-0.15360649992558786,-54.34116353589168,-1.0028382362253863
2026-06-24T14:33:03.260000,555,1.0842336110756472,75.41103846722933,-1.228919096150414,-93.41722616059596,1.2052780129634086,26.029016084576387,-0.3009430652893379,-55.80007400198436,0.7047387660060577,-0.032704716200462114,-54.37327359090737,-1.0371528012375102
2026-06-24T14:33:03.270000,556,0.6006354684791141,75.2672571176088,-1.510654016342586,-92.89228932925788,0.5999368007839632,25.920466441333616,-0.2104522898345068,-55.967773596588394,0.6278403748799489,-0.04882495403049452,-54.392540313491686,-0.8579551995919488
2026-06-24T14:33:03.280000,557,1.0124903240523742,75.62247860133276,-1.4563740986059321,-93.18007171070495,0.9286301791981383,25.87975996088636,-0.10133181707381768,-56.046573900281935,0.8942378461209006,0.2520823057356495,-54.581994120321085,-0.9342091062011455
2026-06-24T14:33:03.290000,558,0.5846925158072971,75.29544853006861,-1.285782846764296,-93.19872350419543,0.7533264558257323,25.94217462167234,0.15949537622360088,-55.907160147855,1.100215363541143,-0.22077319595212722,-54.67832773324263,-1.1629708260287321
2026-06-24T14:33:03.301000,559,0.6059478839900242,75.43922987968915,-1.3840018000672947,-93.61973788682035,0.6766316283048478,25.96388571586078,0.18877020659657232,-55.77380578775823,0.7788887849831657,0.25745379514858624,-53.769592144264266,-1.138188766937718
2026-06-24T14:33:03.311000,560,0.6006354684791141,75.77753288341333,-1.2030696660553593,-92.9962117779711,1.0327153863141467,25.782064407812953,-0.26900480833424306,-55.907160147855,0.8585355482582752,-0.12405176897201098,-54.469607203828915,-1.0943416960044914
2026-06-24T14:33:03.321000,561,0.7733488870443537,75.24188393826401,-1.601118695683207,-93.23602995231978,0.5451560415937154,26.110426131621182,-0.19448316135694002,-55.91928327150016,0.8942378461209006,-0.06494519186048783,-54.267310064568136,-1.029525977732667
2026-06-24T14:33:03.331000,562,0.31100896570012954,75.63375456089604,-1.1513763565266268,-93.15608960715575,1.312104316802561,26.11585463363072,0.0690046007687698,-56.0283892148142,0.4355929226160953,0.46164251273024465,-54.71686117841124,-0.7073551157097089
2026-06-24T14:33:03.341000,563,1.1480025686934492,75.38566528788454,-1.7200166379961206,-93.28132757381715,1.1231068741780421,25.858048866697924,0.33515293172280963,-55.77178599031484,1.031556191067729,0.49388298839027034,-54.228776619399525,-0.7283237630483034
2026-06-24T14:33:03.351000,564,0.8557198581589902,75.70705283871219,-1.3917560740296726,-93.57710398978062,0.6848490362924737,25.795634205911945,0.33515293172280963,-55.90917994529839,0.49876124858581544,-0.05151358353253489,-54.23840998069168,-0.7950472106562815
2026-06-24T14:33:03.361000,565,0.722863821273351,75.10374208197673,-1.6192110764851906,-93.03085164049436,0.7505883001934913,25.966598509940695,-0.04277929857408143,-55.699047248443875,0.982120879151551,-0.08106542969052023,-54.569150787889704,-0.978056177134372
2026-06-24T14:33:03.371000,566,0.8371206977316988,75.64221228734431,-1.6683205531366947,-93.40923212607956,0.6848490362924737,26.256969461231293,0.23933816085752518,-55.97181536096758,0.6498096586890322,0.13118052201056282,-54.76502798487203,-1.056215766159835
2026-06-24T14:33:03.381000,567,0.9221478766018099,75.36029210853974,-1.7613718406852374,-93.72366033553355,0.7642820194455993,25.668089176410355,0.15949537622360088,-55.901098586032425,0.4905220299331208,0.06670245548610296,-53.84665558672702,-0.8598629289281023
2026-06-24T14:33:03.391000,568,0.9699767346172994,75.93259019259713,-1.3969237397841288,-93.25734833141131,0.9587587144255031,25.97745260011006,-0.4047424003934057,-55.88493369800806,0.605868142173712,0.0962543016440492,-54.50492722998384,-1.0447775778224626
2026-06-24T14:33:03.402000,569,0.6165784211509697,75.8903015603558,-1.5907805888436013,-93.25201802135255,0.8848049836277625,25.592104717525388,0.1062639953804859,-56.15366004615258,1.0095869072586456,-0.03001897149401329,-53.695735225066244,-1.1858472027034803
2026-06-24T14:33:03.412000,570,0.8690037500058281,75.25315989782729,-1.3555685370950117,-93.13210750360656,0.7314123874950905,25.94217462167234,0.14352624774607284,-56.04859369772532,1.2952082390568436,-0.09181129331198526,-54.33153017459952,-1.029525977732667
2026-06-24T14:33:03.422000,571,0.722863821273351,75.68731915270065,-1.0893421648275954,-93.59042833435575,0.8820638869046186,25.708795656857614,0.5134739138041805,-56.149618281773385,0.5646720489102288,-0.16703810825354082,-54.37006361976814,-0.7302314923844571
2026-06-24T14:33:03.432000,572,0.6059478839900242,75.66476723357408,-1.1798068441682164,-93.47051781660976,0.8382386913342428,25.887901256975812,0.1488473854026941,-56.07688170939484,0.8997316415217583,0.18491560970914925,-54.280153396999516,-0.6959169273723366
2026-06-24T14:33:03.442000,573,0.8955772398385906,75.69577687914891,-1.4796369204930748,-93.86488637122774,0.4136775137916853,26.18641059050615,0.04771147688074964,-55.39597349629969,0.8475479574565797,0.10968879476759369,-54.85814817877987,-1.0943416960044914
2026-06-24T14:33:03.452000,574,0.858376065914426,76.06509255555115,-1.3426465973781778,-93.54779443731607,0.7505883001934913,25.67623047249981,0.11424855961926929,-56.07688170939484,0.8283240968993335,0.16610962717266803,-54.687961094534785,-0.995213459640434
2026-06-24T14:33:03.462000,575,0.9380908292736267,75.66758546668909,-1.3064590604435076,-93.25201802135255,1.2764965292198112,25.920466441333616,0.10094285772386462,-56.10920931595113,0.6855119565516676,0.238647812612105,-54.15491970020151,-1.0447775778224626
2026-06-24T14:33:03.472000,576,0.879634287166735,75.5632745161949,-0.8903176500136761,-93.61174385230393,0.7533264558257323,25.94217462167234,0.12489369268634395,-55.8121949561371,0.7376956406168362,-0.36316670692018305,-54.315473423154444,-1.3650427574291544
2026-06-24T14:33:03.483000,577,0.40666382866160405,75.56045628307989,-1.8931917227149848,-93.23602995231978,0.6711523759494579,25.931320531502976,0.010452082269033542,-55.78997067578259,0.8997316415217583,-0.1992785839135665,-54.49208389755246,-1.008557330394076
2026-06-24T14:33:03.493000,578,1.0576601212428847,75.498433964827,-1.520992123182192,-93.00953612254621,0.7478472034703424,25.554111031158047,0.16481651388022214,-55.816236720516294,0.8777594088155114,0.5986616494897722,-54.421440397368144,-0.9227709178637697
2026-06-24T14:33:03.503000,579,0.7786613025552638,75.43077215324088,-1.1668849044513825,-93.66237464500335,0.8464560993218688,25.904183849154716,-0.14125463826765716,-56.02030785554823,0.7788887849831657,0.590601530574756,-54.03610939355642,-0.9570854828758936
2026-06-24T14:33:03.513000,580,0.4890347997762406,75.48997623837874,-1.4796369204930748,-93.59042833435575,0.6218508691146001,25.94217462167234,0.03972691264200499,-55.82027848489549,0.8722656134146637,0.04520784344754226,-54.68474767552108,-0.8427056464220405
2026-06-24T14:33:03.523000,581,0.7414629817006424,75.8113637892064,-1.3633228110573896,-93.36926195349754,0.635544588366713,25.559539533167587,0.23933816085752518,-56.25872639457984,0.8612809715101221,0.43746215598523513,-54.187029755217196,-0.7035417039572891
2026-06-24T14:33:03.533000,582,0.6590920105860059,75.63939405422929,-1.3633228110573896,-93.36393164343885,0.4711993697050719,25.624669901883188,0.21272389931288374,-56.14355671995081,1.0919761448884482,0.37835557887371196,-54.45355045238383,-1.1705956026136848
2026-06-24T14:33:03.543000,583,0.7520906657920445,75.46460305903395,-1.572685432710924,-93.22803591780337,0.7971516513961081,25.958457213851243,-0.05874842705160947,-56.04859369772532,0.32573765687920797,0.09087992743552091,-54.32189681330737,-1.1057798843418638
2026-06-24T14:33:03.553000,584,0.8902619712580986,75.4730607854822,-1.4796369204930748,-93.49183619570124,0.5643290132012134,25.94760312368188,0.16481651388022214,-55.89907661909662,0.6910057519525153,0.20372159224563047,-54.177396393925044,-0.8598629289281023
2026-06-24T14:33:03.564000,585,0.7786613025552638,75.48433674504548,-0.9781984964770691,-93.12144974463246,0.7971516513961081,26.267823551400657,0.042387481470296265,-56.012224326789834,0.9354339393843839,0.1177489136826099,-54.47924056512108,-1.1477192259389366
2026-06-24T14:33:03.574000,586,0.6458052656696246,75.24188393826401,-1.3529847042177836,-93.44387198860287,0.6081542087715891,26.29224743966901,0.12223312385805267,-55.901098586032425,1.119439224098379,0.08550843802258418,-54.58841751047401,-0.9837752713030616
2026-06-24T14:33:03.584000,587,1.062975389823338,75.58582946242468,-1.241841035867248,-93.37725598801396,0.45750270936206106,26.387227284812788,0.16747994046238426,-56.00616276496726,0.6745273146471261,0.6255306357368612,-54.755394623579875,-1.0848112370032692
2026-06-24T14:33:03.604000,588,0.7892918397161707,75.51252815750529,-1.4020941808692877,-92.9722296744219,0.808110156106878,26.151132612068434,0.24998615167843194,-55.99000004643532,0.9354339393843839,0.31656325705574,-53.75353539281918,-1.0180877893952947
2026-06-24T14:33:03.604000,589,1.0470324371514825,75.55199855663162,-0.9730308307226129,-93.56644623080656,0.8628909152971207,26.007304990387947,0.3564431978569977,-55.763704631048874,0.9766300326478671,0.22521620428415207,-54.44713051010538,-0.547222525906363
2026-06-24T14:33:03.614000,590,0.8318054291512454,75.56045628307989,-1.2185782139801147,-93.15342588269809,0.641023840722098,26.137565727819158,-0.11197695014089235,-55.88291390056468,0.7267080498151409,0.031773350323997765,-54.1902431742309,-1.0161821069790284
2026-06-24T14:33:03.624000,591,0.8530607973339724,75.23342621181574,-1.1823934523761475,-93.05749746850125,1.2600617132445593,25.82819939026975,0.19941533966364697,-55.775827754694035,0.6470642354371852,0.3944758167037444,-54.25125331312306,-0.8884583997715366
2026-06-24T14:33:03.634000,592,0.7308352976092789,75.20523479935594,-1.5313302300217977,-93.37725598801396,0.654717559974206,25.63552399205256,-0.07737812435746752,-56.030409012257586,1.0343016143195758,-0.10256004172908093,-54.22556320038582,-0.9990248244729665
2026-06-24T14:33:03.652000,593,1.0789183424951552,75.75779919740178,-1.1798068441682164,-93.46519036769439,0.7368916398504755,25.469985276183632,0.3484614913720464,-55.94958891112064,1.001347688605951,0.3702954599586958,-53.769592144264266,-1.056215766159835
2026-06-24T14:33:03.655000,594,0.685662647349225,76.13557260025229,-1.6192110764851906,-93.22004188328695,0.9121953632228863,25.706079948927986,0.30587524359604484,-55.854625888895164,0.9876146745524087,0.3246233759707171,-55.17604565354651,-0.8713011172654782
2026-06-24T14:33:03.665000,595,0.7175485526928976,75.32646120274667,-1.6424738983723335,-93.31330371188275,0.969717219136273,25.90960943731454,0.06368060535831642,-55.78390911396001,0.7184688311624462,-0.2986857556001316,-54.736127900995555,-0.9551798004596274
2026-06-24T14:33:03.675000,596,0.7946042552270807,75.75498096428679,-1.572685432710924,-93.08947360656686,0.5369386336060895,25.898755347145176,-0.05874842705160947,-55.668741608823396,1.0452892051212712,0.15267513404908442,-54.620527565489695,-0.903707952941445
2026-06-24T14:33:03.685000,597,1.0470324371514825,75.81982151565465,-1.0815878908652177,-93.31330371188275,0.9286301791981383,25.67623047249981,-0.03745530316358932,-56.137495158128225,1.001347688605951,0.34611510321368627,-54.30905348087599,-0.9761484477982184
2026-06-24T14:33:03.702000,598,0.5076368132731139,75.32082170941341,-1.141038249687021,-93.72366033553355,0.6875871919247147,25.94217462167234,-0.013501610447277887,-56.34358609060354,1.1578898941100153,0.17685549079413304,-54.66227098179754,-0.8579551995919488
2026-06-24T14:33:03.705000,599,0.9938911636250828,75.59428718887295,-1.6192110764851906,-93.37725598801396,0.7314123874950905,26.30853003184791,-0.1625449044018452,-55.79199047322597,0.605868142173712,0.08550843802258418,-54.456763871397534,-0.9837752713030616
2026-06-24T14:33:03.715000,600,0.9407470370291011,75.04171976372386,-1.572685432710924,-93.45452974757694,0.7971516513961081,26.012733492397484,0.0690046007687698,-56.0283892148142,0.6525580308380329,-0.1562922446320367,-53.962255922232885,-1.0867169194195354
2026-06-24T14:33:03.725000,601,0.6245498974868975,75.70987409893043,-0.9006585321839755,-93.07348553753407,0.6245890247468411,25.999163694298495,0.0690046007687698,-55.903118383475814,0.789876375784861,-0.05151358353253489,-54.51135062013677,-1.0066516479778096
2026-06-24T14:33:03.735000,602,0.8530607973339724,75.7859906098616,-1.3710770850197673,-93.73431809450763,0.8409768469664839,25.96388571586078,0.5267796156995852,-56.177906293442895,1.0535284237739657,-0.11330590535054595,-54.45355045238383,-1.2277865443005567
2026-06-24T14:33:03.753000,603,0.8025757315630085,75.65630950712583,-1.097096438789973,-93.06016405410229,0.5150245652754477,25.803775502001393,-0.10931638131256234,-56.16578316979774,0.07307319969179861,0.088194182729033,-54.639794288074,-0.5624720790762714
2026-06-24T14:33:03.756000,604,1.12143193193023,75.17140389356287,-1.425357002756421,-93.64905030042824,0.4383297377545681,26.61246786738778,-0.11730094555134572,-56.084963068660805,0.7569195011740825,-0.0165844783704688,-54.928791678964174,-0.7054494332934427
2026-06-24T14:33:03.766000,605,0.7706898262193359,75.73242601805698,-1.3969237397841288,-93.33728581543194,0.4492853013744351,25.901468141225088,0.010452082269033542,-55.82027848489549,0.8365633155520381,-0.26375953523361795,-54.04574275484858,-1.00093255380912
2026-06-24T14:33:03.776000,606,0.7441191894561168,75.70987409893043,-1.5468387779465627,-93.48650588564253,0.8711083232847516,25.91503793932408,-0.4047424003934057,-55.87483037180629,0.6278403748799489,0.1983472180370631,-54.52098398142892,-0.9647102594608461
2026-06-24T14:33:03.786000,607,0.7334915053647533,75.92131423303385,-1.3710770850197673,-92.9136077083494,0.2657671111053011,26.235258367042853,0.2845849774618568,-55.93342619258871,0.7953672222885549,0.14998938934263562,-53.65720177989762,-1.1477192259389366
2026-06-24T14:33:03.804000,608,1.286173874159503,75.89594105368906,-1.7148461969109707,-93.01486357146158,0.641023840722098,26.384514490732876,-0.19714658793910214,-56.121332439596294,0.8448025342047328,0.20372159224563047,-54.7264945397034,-0.8293617756684019
2026-06-24T14:33:03.806000,609,0.6484643264946423,75.864928381011,-1.5907805888436013,-93.47584812666847,0.9067161108675015,26.18641059050615,0.3271683674840262,-56.121332439596294,0.42460828071155365,0.29506864501717933,-54.392540313491686,-0.8274540463322483
2026-06-24T14:33:03.816000,610,0.6537767420055524,75.43359038635589,-1.1798068441682164,-93.65171402488595,0.4821549333249439,25.93403332558289,0.13554168350728943,-56.20215254073322,0.9052224880254423,-0.0380790904089904,-54.50492722998384,-1.2983213567410639
2026-06-24T14:33:03.827000,611,0.9062049239299542,75.70705283871219,-1.7510337338456317,-93.49183619570124,1.14227984578554,26.096859247371906,0.21804789472333713,-55.65459651824243,0.9024770647735953,0.34342935850719836,-53.97188928352504,-0.781701292982752
2026-06-24T14:33:03.837000,612,0.7813203633802428,75.30390625651688,-1.6812452681842223,-93.49183619570124,0.7314123874950905,26.33295392011626,0.47621166143859356,-55.69096588917791,0.7074841892579047,0.15267513404908442,-54.244829922970126,-1.408889828362381
2026-06-24T14:33:03.854000,613,1.1745760585262115,75.3433766556432,-1.3142133344058855,-93.05217001958589,0.9286301791981383,26.11585463363072,0.1062639953804859,-56.03647057408016,0.4355929226160953,-0.20733870282854364,-54.47281717496814,-1.2487551916391477
2026-06-24T14:33:03.857000,614,0.8025757315630085,75.69859511226392,-1.2237486550652643,-93.13743781366527,0.6766316283048478,26.246112457212217,-0.35417444613245286,-55.70915057464565,0.7459348592695408,-0.19121846499855033,-54.21592983909367,-0.9342091062011455
2026-06-24T14:33:03.867000,615,0.41197909724205745,75.66758546668909,-1.4020941808692877,-93.17740798624727,0.7095012602553565,25.60838730970429,-0.01084104161894788,-55.943527349298066,1.119439224098379,0.2789484071871469,-54.395750284630914,-0.9990248244729665
2026-06-24T14:33:03.877000,616,0.5421789263722223,75.50125219794202,-1.6476443394574831,-93.13210750360656,0.3780697262089355,26.105000543461355,0.111587990790978,-56.02232765299161,1.1249330194992269,0.04520784344754226,-54.2062964778015,-1.2087235793782285
2026-06-24T14:33:03.887000,617,1.3526018926023227,75.28417257050535,-1.5003131341722866,-93.22004188328695,0.7834579321440001,25.76306902155414,0.21272389931288374,-55.838463170363234,0.5536874070056872,-0.34704646909015063,-54.0328994224172,-0.8713011172654782
2026-06-24T14:33:03.903000,618,1.31540357174774,75.20523479935594,-1.4977293012950585,-93.14543184818169,0.6492412487097239,26.346520804365536,-0.175853464051082,-55.862709417653555,0.7486802825213879,0.34342935850719836,-54.66548440081125,-0.9246786471999233
2026-06-24T14:33:03.908000,619,0.9008896553495007,75.37720756143628,-1.2495953098296257,-93.1587561927568,0.8464560993218688,25.996450900218584,-0.07737812435746752,-55.80815536125033,0.5646720489102288,-0.10793153114201766,-54.70401439810539,-0.8427056464220405
2026-06-24T14:33:03.918000,620,0.6165784211509697,75.30390625651688,-1.1591306304890048,-93.63039850693775,0.7971516513961081,26.137565727819158,0.1914307754248636,-55.97181536096758,1.0480346283731181,-0.11599165005699477,-54.633370897921075,-1.178222426118528
2026-06-24T14:33:03.928000,621,0.6032916762345885,75.67886142625238,-1.453790265728704,-93.44920229866156,0.282201927080558,25.83905348043911,-0.06673299129039285,-56.02232765299161,1.0452892051212712,0.03446197982607724,-54.83888145619555,-0.9456472945385178
2026-06-24T14:33:03.938000,622,0.7813203633802428,75.22778974558572,-1.520992123182192,-93.47584812666847,0.7588057081811173,25.817342386250672,0.33515293172280963,-55.82229828233888,0.6168527840782536,-0.25301367161215293,-54.19987653552305,-1.0981551077569114
2026-06-24T14:33:03.954000,623,0.9274631451822632,75.51816765083856,-1.6993376489862153,-93.13210750360656,0.9149335188551274,25.592104717525388,-0.07471755552917625,-56.240541709112094,0.9271947207316892,0.4079103098272889,-53.98473261595642,-1.0848112370032692
2026-06-24T14:33:03.958000,624,1.0417171685710291,75.51252815750529,-1.3064590604435076,-93.70500854204307,0.476675680969554,26.31938412201727,-0.18649859711815664,-55.943527349298066,0.6964995473533631,0.031773350323997765,-54.10996631275443,-1.2277865443005567
2026-06-24T14:33:03.968000,625,0.8557198581589902,75.82827924210292,-1.4563740986059321,-93.47584812666847,0.5971986451517222,25.836340686359197,0.22070846355166712,-55.80815536125033,0.6196011562272543,-0.08106542969052023,-54.620527565489695,-1.178222426118528
2026-06-24T14:33:03.978000,626,0.8743190185862816,75.65348824690757,-1.2521791427068538,-93.35327388446477,0.6245890247468411,26.191839092515686,0.1541713808131475,-56.030409012257586,0.9491640045407724,0.238647812612105,-54.15170972906228,-0.7454810455543653
2026-06-24T14:33:03.989000,627,0.9593461974563925,75.498433964827,-1.567517766956468,-93.74764243908274,0.816324623003601,25.96388571586078,-0.18383802828986537,-55.9354459900321,0.9491640045407724,-0.027333226787525377,-54.283363368138744,-1.1153123902629698
2026-06-24T14:33:04.004000,628,0.8982334475940263,75.88466509412578,-0.9109966390235813,-93.34261612549065,1.1203657774548983,26.05072426491511,0.10360342655219462,-56.02030785554823,0.7514257057732348,0.4697026316452608,-54.04574275484858,-0.9647102594608461
2026-06-24T14:33:04.009000,629,1.163945521365266,75.5632745161949,-1.55976349299409,-93.32129774639917,0.6629349679618319,25.643665288142007,0.28192155087969467,-55.7576430692263,0.49876124858581544,0.30581450863864434,-54.395750284630914,-1.1915662968721665
2026-06-24T14:33:04.019000,630,0.8371206977316988,75.01634658437906,-0.9006585321839755,-93.04950343398484,0.7095012602553565,25.76035622747423,0.29523011052893144,-56.19406901197484,0.814594031742945,0.2843227813956752,-54.360430258475986,-1.0543100837435686
2026-06-24T14:33:04.029000,631,0.7653774107084258,75.64503052045931,-1.3710770850197673,-93.39058033258907,0.6848490362924737,25.657232172391282,-0.032134165506968036,-55.85664785583097,0.7953672222885549,0.07476257440108006,-54.44713051010538,-0.8598629289281023
2026-06-24T14:33:04.039000,632,0.5209207051199132,75.3180034762984,-1.2831962385563744,-92.99887550242876,0.7752405241563691,25.817342386250672,0.23933816085752518,-55.890995259830646,0.5564328302575341,0.16073525296410063,-54.620527565489695,-0.6844787390349608
2026-06-24T14:33:04.053000,633,1.0789183424951552,75.40821720701109,-1.6192110764851906,-93.36926195349754,0.7314123874950905,26.11856742771063,-0.053424431641156095,-56.06879818063645,0.5866442816164658,-0.19121846499855033,-54.39896370364461,-0.9761484477982184
2026-06-24T14:33:04.059000,634,0.8955772398385906,75.42231442679261,-1.5003131341722866,-93.1587561927568,0.5780227324533214,25.868905870717,0.27393698664091126,-55.71925390084743,0.6305857981317959,0.0022215041660124247,-54.161343090354436,-0.7950472106562815
2026-06-24T14:33:04.069000,635,0.7627212029529514,75.54354083018335,-1.4951454684178305,-93.38791374698803,0.5341975368829456,25.602958807694755,0.4921807899161604,-55.76572442849226,0.8118456595939443,-0.11330590535054595,-53.86913572832504,-0.9799618595506383
2026-06-24T14:33:04.080000,636,0.9274631451822632,75.38566528788454,-1.1927315592157532,-93.59575578327112,1.0546294546447885,26.05072426491511,-0.29828249646100785,-55.8768523387421,0.6196011562272543,-0.23420768907567172,-54.639794288074,-1.1076876136780174
2026-06-24T14:33:04.090000,637,0.7786613025552638,75.43359038635589,-1.1772230112909883,-93.53713381719862,0.969717219136273,25.836340686359197,-0.11730094555134572,-56.21629546182177,0.4960128764368147,-0.2718196541486342,-54.174186422785816,-1.1534383201076261
2026-06-24T14:33:04.104000,638,0.8743190185862816,75.59710542198796,-1.601118695683207,-93.40923212607956,0.9012368585121115,26.075148153183466,-0.17319289522279072,-56.044554102838546,0.4658043739750369,-0.10256004172908093,-54.51135062013677,-0.8198292697472959
2026-06-24T14:33:04.110000,639,0.8105472078989363,75.29826979028687,-1.4848045862475312,-93.24136026237848,0.654717559974206,26.11856742771063,-0.11730094555134572,-55.838463170363234,0.7459348592695408,0.4186561734487539,-54.30584006186229,-0.9227709178637697
2026-06-24T14:33:04.120000,640,0.6697196946773694,75.44204811280416,-0.9885393786473685,-93.45986005763564,0.7724994274332252,25.904183849154716,0.2313535966187418,-55.39395369885631,1.1853529733199462,-0.0165844783704688,-54.16776648050736,-1.090530331171959
2026-06-24T14:33:04.130000,641,0.47840711568487704,75.73524727827522,-1.3555685370950117,-93.35593760892243,0.6081542087715891,25.668089176410355,0.12223312385805267,-56.10112795668516,0.9217009253308416,0.22521620428415207,-54.10996631275443,-0.9933057303042803
2026-06-24T14:33:04.140000,642,0.7175485526928976,75.02480431082732,-1.2909505125187521,-93.54246412725736,0.7204568238752235,26.28681893765947,0.111587990790978,-55.78390911396001,0.6855119565516676,0.5986616494897722,-53.7920688379878,-0.7969528930725477
2026-06-24T14:33:04.152000,643,1.01514653180781,75.52944361040183,-1.4796369204930748,-93.59042833435575,0.3835489785643204,25.89332684513564,0.10360342655219462,-55.62024911424275,0.8914924228690537,0.3649210857501675,-54.15491970020151,-0.8503304230069963
2026-06-24T14:33:04.160000,644,0.8318054291512454,75.63375456089604,-1.0557412361008562,-92.92160174286578,0.805369059383734,25.96388571586078,-0.0906866840067043,-55.51316296837211,0.9134617066781469,-0.04882495403049452,-54.4310737586603,-1.235411320885509
2026-06-24T14:33:04.171000,645,0.3960361445702405,75.09246612241346,-1.2185782139801147,-93.40123809156314,0.4465471457421941,26.012733492397484,-0.1332700740289125,-55.695007653557106,0.8283240968993335,0.30581450863864434,-54.10033295146228,-0.8179235873310295
2026-06-24T14:33:04.181000,646,0.9194916688463354,75.69013738581566,-1.2185782139801147,-93.32662805645788,0.40272195017181833,25.719649747026974,-0.1385940694393659,-55.74955954046791,0.8393116877010389,-0.12405176897201098,-54.3443735070309,-0.9856809537193278
2026-06-24T14:33:04.191000,647,0.38540846047887695,75.35465261520648,-1.7303547448357264,-93.01752729591924,0.45750270936206106,25.752214931384778,0.09295829348511996,-55.78390911396001,0.9931084699532563,0.06670245548610296,-54.49850728770539,-0.8674877055130549
2026-06-24T14:33:04.203000,648,0.4598079552575857,75.37156806810302,-1.4563740986059321,-93.39058033258907,0.6656760646849758,26.170127998327246,-0.3834492765053856,-55.99808140570129,1.0480346283731181,0.21715608536917497,-54.60126084290539,-0.978056177134372
2026-06-24T14:33:04.211000,649,0.5474913418831324,75.1657644002296,-1.241841035867248,-93.39590778150443,1.010801317983505,25.76306902155414,-0.05874842705160947,-55.903118383475814,0.3147530149746664,0.0962543016440492,-54.469607203828915,-0.7797956105664858
2026-06-24T14:33:04.221000,650,0.6245498974868975,75.50125219794202,-1.4124322877088937,-92.8150155696949,0.808110156106878,26.083289449272915,-0.053424431641156095,-55.76572442849226,1.1084545821938376,0.2493965610292007,-54.360430258475986,-1.2220674501318671
2026-06-24T14:33:04.231000,651,0.48637859202080486,75.30390625651688,-1.4951454684178305,-93.21471157322826,0.7204568238752235,25.849907570608472,0.577347569960538,-55.85260609145178,0.6800211100479737,0.1983472180370631,-54.37969698106029,-1.090530331171959
2026-06-24T14:33:04.241000,652,0.7016056000210806,75.1657644002296,-1.4434493835584048,-93.1587561927568,0.802630903751493,25.730503837196338,0.21006333048459247,-55.82431807978226,0.6141073608264066,0.06938820019255178,-54.1356529776172,-1.279258391818739
2026-06-24T14:33:04.253000,653,0.7786613025552638,75.33210069607992,-1.259933416669241,-93.45452974757694,0.4711993697050719,25.80920109016122,-0.19182259252864875,-55.8121949561371,0.7184688311624462,0.2843227813956752,-54.768237956011255,-0.9914000478880141
2026-06-24T14:33:04.262000,654,0.7441191894561168,75.35465261520648,-1.4046780137465158,-92.9962117779711,0.4684612140728309,25.82548368234012,-0.03479473433529804,-56.10112795668516,0.6141073608264066,-0.10793153114201766,-54.948058401548494,-0.8026719872412339
2026-06-24T14:33:04.272000,655,0.9912321028000651,75.41103846722933,-1.4046780137465158,-93.78228230160605,1.2299302369262914,26.02358758256685,0.05037204570907965,-55.759662866669686,0.6607972494907275,-0.33630060546868557,-54.02005608998582,-1.0371528012375102
2026-06-24T14:33:04.282000,656,0.879634287166735,75.62811506756277,-1.0402326881761006,-93.52381233376688,0.7615438638133583,25.798346999991857,-0.045439867402372706,-55.85664785583097,0.9876146745524087,-0.09449992281406472,-54.67511431422893,-0.7569192338917377
2026-06-24T14:33:04.292000,657,0.5421789263722223,75.65067001379256,-1.7200166379961206,-93.06016405410229,0.641023840722098,26.083289449272915,0.01577321992565483,-56.012224326789834,1.031556191067729,0.09894004635053712,-54.228776619399525,-0.8522361054232627
2026-06-24T14:33:04.302000,658,0.720204760448372,75.63939405422929,-1.4796369204930748,-93.52647605822455,0.9587587144255031,26.01815908055731,-0.21311571641663019,-55.80007400198436,0.7129779846587523,-0.0165844783704688,-54.023266061125035,-0.8141101755786062
2026-06-24T14:33:04.312000,659,0.9806044187087016,75.91003827347059,-1.8440822460634902,-93.08947360656686,0.5314593812507046,25.63552399205256,-0.19714658793910214,-55.763704631048874,1.0095869072586456,0.010281623081028628,-54.408597064936764,-0.8045776696575001
2026-06-24T14:33:04.322000,660,0.685662647349225,75.4730607854822,-1.1022668798751323,-93.25734833141131,0.9012368585121115,26.21626298078404,0.11690912844759929,-55.838463170363234,1.352882769625706,0.4267162923637701,-54.44713051010538,-1.0180877893952947
2026-06-24T14:33:04.333000,661,1.1108042478388278,75.67604319313737,-1.1617144633662329,-93.14276812372398,1.139541690153299,25.860764574627545,0.39902944563299925,-56.30923868660387,0.9601515953424677,-0.12674039847409044,-54.44713051010538,-1.0981551077569114
2026-06-24T14:33:04.343000,662,0.558121879044078,75.09528435552846,-1.2211648221880362,-93.21471157322826,0.9121953632228863,26.07243535910355,0.06102003653002514,-56.161741405418546,0.9354339393843839,-0.11330590535054595,-54.14207636777013,-0.7740765163977996
2026-06-24T14:33:04.354000,663,0.6776911710132971,75.81700328253964,-1.4486198246435544,-92.99887550242876,0.6026749564162043,26.34109521620571,0.0690046007687698,-55.83037964160484,0.6388250167844906,0.026401860911061035,-54.45355045238383,-0.9418359297059853
2026-06-24T14:33:04.363000,664,0.858376065914426,75.69859511226392,-1.5830263148812234,-93.26267578032667,0.7944134957638671,25.863477368707457,0.23933816085752518,-55.596002866952425,0.4795344391314254,0.18760135441559805,-54.607684233058315,-0.8560495171756826
2026-06-24T14:33:04.373000,665,0.8132062687239154,75.64503052045931,-0.9006585321839755,-93.36659822903988,0.7286742318628495,25.689797356749086,-0.03745530316358932,-55.83037964160484,0.5179851091430616,0.026401860911061035,-54.12923303533875,-1.029525977732667
2026-06-24T14:33:04.383000,666,0.7786613025552638,75.78881187007984,-1.1203592606771158,-93.1587561927568,1.0984546502151642,25.63552399205256,0.20739990390243038,-56.02030785554823,1.026062395666881,0.3971615614101932,-54.54346067515245,-0.886550670435383
2026-06-24T14:33:04.402000,667,0.4996653369371861,75.64221228734431,-1.6321357915327275,-93.27333353930075,1.5641028676958566,25.90960943731454,0.1461868165743641,-55.97585712534678,0.5729112675629234,-0.46794825281527636,-54.700804426966165,-0.8350788229172007
2026-06-24T14:33:04.403000,668,0.9832606264641373,75.55199855663162,-1.6217976846931217,-93.39058033258907,0.6108923644038302,26.254253753301665,0.324507798655735,-55.84452473218581,1.2540121457933604,0.07744831910756797,-54.60126084290539,-1.090530331171959
2026-06-24T14:33:04.413000,669,0.9620052582813715,75.30954574985014,-1.7536175667228597,-92.89761963931659,0.8738464789169926,26.237971161122765,0.18078564235778893,-55.95565047294323,0.6717818913952791,-0.24495355269713673,-54.54346067515245,-0.8045776696575001
2026-06-24T14:33:04.424000,670,0.7547497266170623,75.92977195948212,-1.3374761562930282,-93.14276812372398,1.0436709499340135,25.678943266579722,0.2606312847455453,-56.02030785554823,0.6800211100479737,-0.13211188788702719,-53.64435844746624,-1.189658567536013
2026-06-24T14:33:04.434000,671,0.7892918397161707,75.89594105368906,-1.5365006711069473,-93.29465191839228,0.7724994274332252,25.969314217870316,0.33515293172280963,-55.7273352601134,0.6937511752043624,0.3702954599586958,-54.254463284262286,-1.0028382362253863
2026-06-24T14:33:04.452000,672,0.6644072791664593,75.37438630121802,-1.2961209536039018,-93.38525002253037,0.641023840722098,26.28681893765947,0.2020787662458091,-56.10516755157193,0.46854979722688384,-0.008524359455452598,-54.18060981293874,-0.863674293760635
2026-06-24T14:33:04.454000,673,0.6750349632578615,75.45050583925243,-1.016969866288958,-93.26001205586897,1.0190187259711307,25.744073635295322,0.1568319496414775,-56.097086192305966,0.512491313742204,-0.12405176897201098,-54.948058401548494,-0.8713011172654782
2026-06-24T14:33:04.464000,674,1.01514653180781,75.2926302969536,-1.5520092190317123,-93.64371999036953,0.8300212833466168,26.28681893765947,-0.2530356798566763,-55.903118383475814,1.16612911276271,0.30312876393215643,-54.241619951830906,-0.8560495171756826
2026-06-24T14:33:04.474000,675,0.7600621421279724,75.1657644002296,-1.4382817178039486,-93.0948039166256,0.9341064904626203,25.958457213851243,-0.06939356011868414,-56.097086192305966,0.7267080498151409,0.08550843802258418,-55.20173231840926,-0.8407979170858868
2026-06-24T14:33:04.484000,676,0.6670634869219336,75.66194597335584,-1.7122623640337427,-93.18007171070495,0.3178097146633028,25.54868544299822,0.36442776209574235,-55.94150755185468,1.3364043323203167,0.19566147333061426,-54.66548440081125,-0.7073551157097089
2026-06-24T14:33:04.501000,677,0.7095770763569698,75.42231442679261,-1.520992123182192,-93.50516054027639,0.8574116629417358,26.46321174369776,-0.06673299129039285,-55.733396821935976,0.4328474993642483,-0.05957370244755109,-54.1356529776172,-0.7569192338917377
2026-06-24T14:33:04.505000,678,0.38540846047887695,75.64503052045931,-1.066079342940462,-93.17474426178958,0.9751935304007551,25.944890329601968,0.0077886556869101705,-55.92736463076613,0.6800211100479737,-0.14823212571705957,-53.856288948019184,-1.189658567536013
2026-06-24T14:33:04.515000,679,1.1692607899457195,75.28699080362036,-1.520992123182192,-93.15608960715575,0.6492412487097239,25.985593896199507,0.03972691264200499,-55.967773596588394,0.8585355482582752,0.4294020370702189,-54.22556320038582,-0.6444450798541542
2026-06-24T14:33:04.525000,680,0.8371206977316988,75.58300820220643,-1.4486198246435544,-92.9109439838917,0.7259360762306084,26.01001778446786,0.11690912844759929,-55.71521213646823,0.9271947207316892,0.3702954599586958,-54.52098398142892,-0.6997303391247565
2026-06-24T14:33:04.535000,681,0.7388067739452067,75.58582946242468,-1.5416711121921065,-93.55845219629015,0.8272831277143758,26.121283135640255,-0.026810170096514655,-55.97989672023355,0.7624103476777764,0.44014790069168397,-54.742547843274004,-0.9342091062011455
2026-06-24T14:33:04.551000,682,0.7281762367842611,75.53226184351684,-1.4072646219544376,-92.9775599844806,0.8300212833466168,25.920466441333616,-0.08003869318579752,-56.16780296724112,0.9766300326478671,0.03446197982607724,-54.203086506662274,-0.9933057303042803
2026-06-24T14:33:04.555000,683,0.7441191894561168,75.35465261520648,-1.520992123182192,-93.57977057538167,0.5424149448705716,25.35329433685141,0.3032146747677148,-56.07082014757226,0.5756596397119241,-0.3148059934301249,-54.46639723268969,-0.9151461412788173
2026-06-24T14:33:04.565000,684,0.6697196946773694,75.32082170941341,-1.2831962385563744,-93.39857436710548,0.8902812948922445,25.673514764570182,-0.14391520709598715,-55.77380578775823,0.46854979722688384,-0.15898087413411616,-54.6719043430897,-0.798858575488814
2026-06-24T14:33:04.575000,685,0.7892918397161707,75.58864769553969,-1.5881939806356795,-93.43054764402774,1.1231068741780421,26.064294063014103,-0.10665581248427106,-56.0283892148142,0.8612809715101221,-0.37391257054164806,-54.50492722998384,-0.9342091062011455
2026-06-24T14:33:04.586000,686,0.8318054291512454,75.60838138155124,-1.1151888195919661,-93.1587561927568,0.9505413064378772,25.89332684513564,0.10094285772386462,-55.965753799145006,1.146905252205474,0.13924064092553995,-54.434283729799525,-0.9475550238746715
2026-06-24T14:33:04.601000,687,0.512949228784024,75.90721701325234,-1.2030696660553593,-93.00686953694516,0.9971075987313969,25.83091218434966,0.0796497338358832,-55.88493369800806,0.8008610176894027,-0.23957917848860844,-54.65906101065832,-1.279258391818739
2026-06-24T14:33:04.606000,688,1.0337456922351012,75.59710542198796,-1.347814263132634,-93.23869367677744,0.654717559974206,25.87975996088636,-0.024149601268223377,-56.133455563241455,0.9271947207316892,-0.032704716200462114,-54.418230426228924,-1.138188766937718
2026-06-24T14:33:04.617000,689,0.5820363080518227,75.4194961936776,-1.2340867619048703,-92.8416613977018,1.1231068741780421,26.020874788486935,-0.11730094555134572,-55.92736463076613,0.5564328302575341,0.2520823057356495,-54.37327359090737,-0.9875866361355942
2026-06-24T14:33:04.626000,690,1.0682906584037917,75.69577687914891,-1.376247526104917,-93.51848202370813,0.6026749564162043,26.151132612068434,-0.247714542200055,-55.72531546267001,0.5866442816164658,0.14461501513410732,-54.36685364862891,-1.2640067917289433
2026-06-24T14:33:04.636000,691,0.9593461974563925,76.03126467686133,-1.1875611181306036,-93.45186602311927,0.8820638869046186,26.126708723800082,0.1062639953804859,-55.5414488105492,0.4877736577841201,-0.008524359455452598,-54.283363368138744,-0.8941754470203355
2026-06-24T14:33:04.651000,692,0.4970062761121684,75.50970992439028,-1.657982446297089,-93.72366033553355,0.816324623003601,26.09414353944228,-0.1332700740289125,-55.699047248443875,0.8255786736474966,-0.07300531077550403,-54.61410417533677,-1.1210314844316593
2026-06-24T14:33:04.656000,693,0.7706898262193359,75.87620736767751,-1.7096785311565146,-92.81767929415257,0.7314123874950905,26.042582968825663,0.03972691264200499,-55.94150755185468,0.7486802825213879,-0.0380790904089904,-54.33474014573875,-1.206815850042075
2026-06-24T14:33:04.666000,694,0.6112631525705162,75.74088374450525,-1.259933416669241,-93.38791374698803,0.5752845768210804,26.121283135640255,0.18877020659657232,-56.19002941708806,0.6717818913952791,-0.12136602426556216,-54.34116353589168,-0.9628045770445798
2026-06-24T14:33:04.677000,695,0.7281762367842611,75.46460305903395,-1.2909505125187521,-93.33728581543194,0.7971516513961081,26.00187648837841,-0.14125463826765716,-56.19002941708806,0.9766300326478671,0.21715608536917497,-54.768237956011255,-1.1763146967823743
2026-06-24T14:33:04.687000,696,0.7388067739452067,75.40821720701109,-1.3323057152078785,-93.50249395467536,0.48763418568032885,26.2433996631323,-0.026810170096514655,-56.012224326789834,0.979375455899704,0.06938820019255178,-54.05858953515443,-0.9933057303042803
2026-06-24T14:33:04.700000,697,0.791948047471645,75.34055539542496,-1.919041152810049,-93.56378250634886,0.9012368585121115,25.887901256975812,-0.1625449044018452,-55.943527349298066,0.9354339393843839,-0.10524578643552975,-54.69759445582694,-0.6349146208529356
2026-06-24T14:33:04.707000,698,0.8530607973339724,75.00507062481579,-1.7872184954496082,-93.04150939946847,0.7861960877762362,26.170127998327246,-0.22642141831203486,-56.032430979193386,0.8283240968993335,0.33268349488573334,-54.7232811206897,-0.9380225179535654
2026-06-24T14:33:04.717000,699,0.8238339528153176,75.26161762427554,-1.4744664794079252,-93.61973788682035,0.81358646737136,25.7413579273657,0.21272389931288374,-55.660658080065005,0.8997316415217583,0.21446745586709548,-54.59805087176616,-1.0676539544972108
2026-06-24T14:33:04.727000,700,0.9593461974563925,75.97487882483846,-1.4796369204930748,-93.36659822903988,0.8190657197267449,25.83905348043911,0.05037204570907965,-55.99000004643532,0.3037683730701248,0.415970428742266,-54.090699590170125,-0.9837752713030616
2026-06-24T14:33:04.737000,701,0.9194916688463354,75.47587901859723,-1.6993376489862153,-93.2839941594182,0.7396297954827165,26.064294063014103,0.14352624774607284,-55.981918687169355,0.6855119565516676,0.44820801960670015,-54.66227098179754,-1.0142764245627622
2026-06-24T14:33:04.750000,702,0.7016056000210806,75.67322496002237,-1.141038249687021,-93.40923212607956,0.28767823834504,25.80648829608131,-0.31957276259519596,-55.915241507120975,1.0205715491631873,-0.13480051738910664,-54.03932281257013,-0.8941754470203355
2026-06-24T14:33:04.758000,703,0.7999195238075342,75.25315989782729,-1.4977293012950585,-93.39590778150443,0.44380899010995306,25.849907570608472,0.01843664650781693,-55.70106921537968,1.1551444708581684,0.0022215041660124247,-54.60126084290539,-0.9227709178637697
2026-06-24T14:33:04.768000,704,0.791948047471645,75.92413246614888,-1.2806124056791464,-93.13210750360656,0.9587587144255031,25.727791043116426,-0.11730094555134572,-55.967773596588394,0.8365633155520381,-0.05957370244755109,-54.713647759397546,-0.903707952941445
2026-06-24T14:33:04.778000,705,0.6803502318383149,75.50689169127527,-1.285782846764296,-93.73964840456634,0.81358646737136,26.0317288786563,-0.024149601268223377,-55.7273352601134,0.9381793626362308,0.07476257440108006,-54.92236828881125,-1.4889550998041101
2026-06-24T14:33:04.788000,706,1.1852037426175752,75.43922987968915,-1.2909505125187521,-93.18540202076369,0.8574116629417358,25.719649747026974,-0.08802325742454219,-55.92534483332275,0.8695201901628167,0.49119724368382156,-54.19987653552305,-0.7340428572169896
2026-06-24T14:33:04.800000,707,1.0337456922351012,75.51816765083856,-1.2935371207266737,-93.59575578327112,0.7314123874950905,25.80920109016122,0.16747994046238426,-55.85260609145178,0.6635426727425745,0.14461501513410732,-54.267310064568136,-0.9723370829656858
2026-06-24T14:33:04.808000,708,0.7706898262193359,75.60556314843623,-1.8621774021961672,-93.35860419452347,0.8930223916153884,26.14027852189907,0.33515293172280963,-56.19002941708806,0.8228332503956496,-0.4652596233131969,-54.21271986795444,-1.1705956026136848
2026-06-24T14:33:04.818000,709,0.8743190185862816,75.73242601805698,-1.2185782139801147,-93.35860419452347,0.6875871919247147,26.110426131621182,-0.06939356011868414,-55.80007400198436,0.8338178923001912,0.0022215041660124247,-54.633370897921075,-0.9018022705251787
2026-06-24T14:33:04.828000,710,0.9115201925104076,75.90721701325234,-1.3012913946890514,-93.35860419452347,0.3561556578782937,26.034441672736214,0.12223312385805267,-55.95161087805646,0.6360795935326437,0.09894004635053712,-54.38611692333875,-0.5986923265046581
2026-06-24T14:33:04.838000,711,0.7441191894561168,75.51252815750529,-1.7613718406852374,-93.07082181307636,0.4164156694239263,25.687084562669174,0.1488473854026941,-55.84452473218581,0.9024770647735953,0.3488008479201351,-53.782435476695646,-1.069559636913477
2026-06-24T14:33:04.852000,712,1.0443762293960468,75.82827924210292,-1.5390845039841754,-93.28932160833357,0.5341975368829456,26.056152766924647,0.19675477083531698,-56.177906293442895,0.7294564219641416,0.22521620428415207,-54.280153396999516,-0.9875866361355942
2026-06-24T14:33:04.859000,713,0.6989493922656063,75.1883193464594,-1.3969237397841288,-93.13477408920761,0.3835489785643204,26.07243535910355,-0.2530356798566763,-55.89907661909662,0.7404410638686832,0.16610962717266803,-54.49529386869168,-0.8655820230967886
2026-06-24T14:33:04.869000,714,0.4438650025857301,75.46460305903395,-1.5907805888436013,-93.56910995526422,0.635544588366713,25.83905348043911,0.111587990790978,-55.58185994586388,0.8365633155520381,-0.027333226787525377,-54.55951742659754,-1.117218072679236
2026-06-24T14:33:04.879000,715,0.879634287166735,75.7183318253787,-0.926505186948337,-92.95624160538908,0.808110156106878,26.28139334949964,0.324507798655735,-55.965753799145006,0.6745273146471261,-0.0703195660690552,-54.270520035707364,-1.1000607901731776
2026-06-24T14:33:04.889000,716,0.9194916688463354,75.48715497816049,-1.1022668798751323,-93.4065684016219,0.45750270936206106,26.034441672736214,0.1914307754248636,-55.74955954046791,0.7733979384794718,0.34342935850719836,-54.57557073016814,-0.7054494332934427
2026-06-24T14:33:04.900000,717,0.7786613025552638,75.5632745161949,-1.6088729696455848,-93.51581829925047,0.6711523759494579,26.110426131621182,0.06368060535831642,-56.15366004615258,0.9601515953424677,0.2359620679056562,-54.23198659053875,-0.7721708339815333
2026-06-24T14:33:04.909000,718,0.7308352976092789,75.498433964827,-1.7406928516753322,-93.28132757381715,0.8628909152971207,25.611100103784203,-0.1332700740289125,-55.901098586032425,0.9766300326478671,-0.1643523635470529,-54.21271986795444,-0.6806653272825409
2026-06-24T14:33:04.919000,719,1.0417171685710291,76.15812754648208,-1.5287463971445696,-93.64105626591183,0.7259360762306084,26.151132612068434,0.1914307754248636,-56.01626609116904,0.7843825803840133,0.010281623081028628,-54.581994120321085,-0.8846449880191167
2026-06-24T14:33:04.930000,720,0.6458052656696246,75.61683910799951,-1.3529847042177836,-93.02019388152029,0.5478941972259564,25.657232172391282,-0.20246772559572343,-55.92736463076613,0.9766300326478671,-0.18584697558561358,-54.71686117841124,-0.9494607062909377
2026-06-24T14:33:04.940000,721,0.7946042552270807,75.47869725171223,-1.5778558737960737,-93.38525002253037,0.9505413064378772,26.15384540614835,-0.07471755552917625,-55.74350014813775,0.5427027651011456,-0.24495355269713673,-54.45355045238383,-0.903707952941445
2026-06-24T14:33:04.951000,722,1.1373748846020468,75.4194961936776,-1.1875611181306036,-93.35327388446477,0.43285048539917825,26.039870174745747,0.0317423484032216,-55.80613556380694,0.7953672222885549,0.1338691515126032,-54.244829922970126,-1.2296922267168229
2026-06-24T14:33:04.960000,723,0.9168326080213177,75.58864769553969,-1.4951454684178305,-93.55845219629015,0.6218508691146001,25.678943266579722,0.27127641781262,-56.03647057408016,1.1716229081635576,0.042522098741054344,-54.61089420419754,-0.8789258938504306
2026-06-24T14:33:04.970000,724,0.9274631451822632,75.98615478440173,-1.3219676083682632,-93.40123809156314,1.3696261727159527,26.232545572962938,-0.25569910643883836,-56.072839945015645,0.46854979722688384,0.2493965610292007,-54.244829922970126,-1.090530331171959
2026-06-24T14:33:04.980000,725,1.1825446817925573,75.73524727827522,-1.520992123182192,-93.65171402488595,0.635544588366713,25.689797356749086,0.39104488139425464,-56.05667722648371,0.9464185812889254,0.2493965610292007,-54.07143286758581,-0.7187933040470847
2026-06-24T14:33:04.990000,726,0.5740648317158948,75.42795089302263,-1.0273079731285637,-93.37725598801396,0.9067161108675015,26.105000543461355,0.5267796156995852,-55.95565047294323,0.5674204210592295,-0.44376789607026684,-54.45997384253676,-1.0257146129001344
2026-06-24T14:33:05.002000,727,0.7494344580365702,75.77753288341333,-1.0273079731285637,-93.58509802429704,0.7861960877762362,26.064294063014103,0.010452082269033542,-55.65459651824243,1.1990859873734887,0.25745379514858624,-54.69759445582694,-0.9761484477982184
2026-06-24T14:33:05.010000,728,0.6218908366618798,75.67322496002237,-1.2961209536039018,-93.32129774639917,0.8957605472476294,26.121283135640255,0.3484614913720464,-55.82431807978226,1.004093111857798,0.2305876936970888,-54.22556320038582,-0.7588269632278913
2026-06-24T14:33:05.021000,729,1.0178027395632843,75.7465232378385,-1.8466688542714118,-93.25201802135255,1.1121483694672722,25.901468141225088,0.03706634381367498,-55.89503702420985,0.8063548130902504,-0.3846613189587437,-54.98016845656418,-0.7721708339815333
2026-06-24T14:33:05.031000,730,1.0948612951670107,75.18550111334439,-1.6528120052119393,-93.19872350419543,0.6191097723914561,25.80648829608131,0.16481651388022214,-55.72531546267001,0.5289697510476032,0.08013406381401679,-54.51135062013677,-1.2640067917289433
2026-06-24T14:33:05.041000,731,0.8344616369066812,76.11302068112573,-1.3659094192653112,-93.22004188328695,0.8848049836277625,25.89332684513564,-0.08802325742454219,-55.86068745071775,0.3092592195738187,0.25745379514858624,-54.832458066042626,-0.8713011172654782
2026-06-24T14:33:05.053000,732,0.7520906657920445,75.19677707290766,-1.7019242571941369,-93.00686953694516,0.9149335188551274,25.518833052720332,-0.07471755552917625,-55.79199047322597,1.0590192702776597,0.2789484071871469,-54.62695095564263,-0.5739102674136437
2026-06-24T14:33:05.061000,733,0.3269519183719852,75.51252815750529,-1.7768803886100024,-93.32129774639917,0.8820638869046186,25.841766274519024,-0.09867124824548767,-55.646515158976456,0.6278403748799489,0.13924064092553995,-54.04895617386228,-1.0390584836537764
2026-06-24T14:33:05.071000,734,0.7494344580365702,75.25034166471227,-1.3607389781801615,-93.35593760892243,0.791675340131626,26.05343997284474,0.16747994046238426,-55.99000004643532,0.8365633155520381,0.00490724887250034,-54.62695095564263,-0.8674877055130549
2026-06-24T14:33:05.081000,735,0.8955772398385906,75.58582946242468,-1.8027270433743638,-93.51848202370813,0.39176344546104347,25.863477368707457,0.24200158743968728,-55.64247339459727,0.6635426727425745,0.30312876393215643,-54.562727397736765,-1.1057798843418638
2026-06-24T14:33:05.091000,736,1.0948612951670107,75.41103846722933,-1.4899750273326808,-93.61973788682035,0.654717559974206,25.469985276183632,0.24998615167843194,-55.84856432707259,0.5784050629637711,0.08013406381401679,-54.33474014573875,-1.0238068835639809
2026-06-24T14:33:05.103000,737,1.0071750554718821,75.15167020755132,-1.1979020003009029,-93.12411346909016,0.7177186682429825,25.70065436076816,0.21804789472333713,-55.65459651824243,0.5784050629637711,0.37566983416722405,-54.32189681330737,-1.3211977334158118
2026-06-24T14:33:05.112000,738,0.6458052656696246,75.864928381011,-1.2340867619048703,-93.13477408920761,0.7286742318628495,25.70065436076816,0.13554168350728943,-55.903118383475814,0.8805048320673583,0.06670245548610296,-55.147145569670045,-0.9246786471999233
2026-06-24T14:33:05.122000,739,1.3180597795031757,75.81700328253964,-1.4124322877088937,-93.26800609038537,0.3945045421841874,25.765781815634057,0.18078564235778893,-56.00616276496726,1.1304268149000745,-0.005838614748964683,-54.64942764936616,-1.0848112370032692
2026-06-24T14:33:05.132000,740,0.4491774180966402,75.52944361040183,-1.4279408356336492,-93.13743781366527,0.8628909152971207,25.920466441333616,0.11690912844759929,-55.917261304564356,0.6800211100479737,-0.054199328239022806,-54.62373753662892,-0.9704293536295322
2026-06-24T14:33:05.142000,741,0.8318054291512454,75.81982151565465,-1.4434493835584048,-93.46519036769439,0.8272831277143758,26.180985002346322,0.0796497338358832,-56.02030785554823,0.8173394549947919,0.3864156977887282,-54.549884065305385,-0.903707952941445
2026-06-24T14:33:05.154000,742,0.6272061052423332,75.42231442679261,-1.6398900654951054,-92.86297977679328,0.8957605472476294,25.82548368234012,-0.06673299129039285,-55.915241507120975,1.2320428619842771,0.4831371247688053,-54.07464283872504,-0.9933057303042803
2026-06-24T14:33:05.162000,743,0.9540337819454824,75.24470519848225,-0.8722252692116831,-93.1587561927568,0.802630903751493,26.09414353944228,0.24466215626797858,-56.17588649599952,1.0233169724150342,0.026401860911061035,-54.47281717496814,-1.1362810376015642
2026-06-24T14:33:05.172000,744,0.5474913418831324,75.66194597335584,-1.5959482545980574,-93.9981183724055,0.7286742318628495,26.020874788486935,0.22336903237995842,-56.214275664378384,1.2073252060261832,0.3568609668351513,-54.549884065305385,-0.7264180806320372
2026-06-24T14:33:05.183000,745,0.722863821273351,75.77471465029832,-1.141038249687021,-93.16941395173087,0.8382386913342428,25.953031625691416,0.3378135005511396,-55.618229316799365,0.8914924228690537,-0.14554638101057166,-54.66227098179754,-0.8808315762666968
2026-06-24T14:33:05.193000,746,0.8902619712580986,75.82827924210292,-1.1694687373286106,-93.27333353930075,0.7204568238752235,25.87975996088636,0.2340170232009039,-55.80411359687113,0.6498096586890322,0.06670245548610296,-54.59805087176616,-0.9151461412788173
2026-06-24T14:33:05.203000,747,0.6909779159296784,75.57173224264317,-1.23925720299002,-93.16941395173087,0.33424453063855974,25.665373468480734,-0.15456034016306183,-55.917261304564356,0.8228332503956496,-0.14823212571705957,-54.30584006186229,-1.1439078611064075
2026-06-24T14:33:05.213000,748,0.7414629817006424,74.76825731136756,-1.208240107140509,-92.98288743339597,1.0957135534920153,26.256969461231293,-0.053424431641156095,-55.60408422621839,1.2320428619842771,-0.3282404865536694,-54.244829922970126,-1.235411320885509
2026-06-24T14:33:05.223000,749,0.7839765711357172,75.57455047575817,-1.6424738983723335,-93.20671753871184,0.7615438638133583,25.803775502001393,0.40701400987178266,-56.19204921453145,0.8667747669109698,-0.12674039847409044,-54.254463284262286,-1.2010967558733852
2026-06-24T14:33:05.233000,750,0.8158624764793898,75.32646120274667,-1.5959482545980574,-93.67036867951977,0.5643290132012134,25.841766274519024,-0.03745530316358932,-55.747539743024525,0.6745273146471261,0.28969427080861193,-54.06179950629366,-1.0943416960044914
2026-06-24T14:33:05.253000,751,0.558121879044078,75.37156806810302,-1.0143860334117298,-93.47584812666847,0.613633461126974,25.87975996088636,0.111587990790978,-56.030409012257586,1.001347688605951,-0.12674039847409044,-54.51777401028969,-1.0028382362253863
2026-06-24T14:33:05.253000,752,0.4146353049975319,75.84519469499946,-1.3167971672831136,-93.24136026237848,0.6738934726726067,25.985593896199507,-0.13060950520058248,-55.947569113677254,1.2320428619842771,-0.10256004172908093,-54.72970451084262,-1.0638405427447875
2026-06-24T14:33:05.264000,753,0.4996653369371861,75.85083418833271,-1.660566279174317,-93.17740798624727,0.9587587144255031,25.820058094180293,0.16747994046238426,-56.09304442792677,1.2045768338771825,-0.062259447154039006,-54.3443735070309,-0.9342091062011455
2026-06-24T14:33:05.274000,754,0.6431490579141889,75.72960778494198,-1.3633228110573896,-93.53180636828326,0.6519794043419649,25.849907570608472,0.021097215336146936,-56.0283892148142,0.9217009253308416,-0.1562922446320367,-54.34116353589168,-0.9380225179535654
2026-06-24T14:33:05.284000,755,0.7999195238075342,75.61683910799951,-1.5261625642673415,-93.17740798624727,0.7423708922058604,25.89332684513564,0.5187950514608017,-55.93948775441129,1.1935921919726409,0.29506864501717933,-54.14207636777013,-0.9113327295263974
2026-06-24T14:33:05.303000,756,0.6165784211509697,75.70705283871219,-1.244424868744476,-93.34261612549065,0.8601527596648846,26.14027852189907,0.38572088598376253,-56.07688170939484,1.0645130656785173,0.13118052201056282,-54.392540313491686,-1.0714653193297434
2026-06-24T14:33:05.304000,757,0.7281762367842611,75.87338610745927,-1.616627243607972,-93.01752729591924,0.802630903751493,25.765781815634057,0.13554168350728943,-56.16982493417693,1.031556191067729,-0.0703195660690552,-53.93335583835643,-0.8941754470203355
2026-06-24T14:33:05.314000,758,0.985919687289155,75.66758546668909,-1.5571768847861684,-93.91818088838487,1.008063162351264,25.996450900218584,-0.06673299129039285,-56.05667722648371,0.6498096586890322,0.2789484071871469,-54.023266061125035,-1.1400944493539842
2026-06-24T14:33:05.324000,759,0.8557198581589902,75.239065705149,-1.259933416669241,-93.32662805645788,0.6656760646849758,26.313955620007736,0.18078564235778893,-55.816236720516294,0.9052224880254423,0.08013406381401679,-54.537040732874004,-0.978056177134372
2026-06-24T14:33:05.334000,760,0.7706898262193359,75.48433674504548,-1.1462059154414772,-93.50516054027639,0.6492412487097239,25.93403332558289,0.3963660190508759,-55.89907661909662,1.2210552711825817,0.05864233657108675,-54.392540313491686,-1.1362810376015642
2026-06-24T14:33:05.354000,761,0.8105472078989363,75.4730607854822,-1.3529847042177836,-93.04683970952718,0.8190657197267449,25.860764574627545,0.25264672050676196,-56.07688170939484,0.49876124858581544,-0.005838614748964683,-54.14207636777013,-0.9380225179535654
2026-06-24T14:33:05.355000,762,0.44652121034120446,75.48715497816049,-1.520992123182192,-93.44120826414516,0.6492412487097239,25.863477368707457,0.1488473854026941,-56.01626609116904,0.4658043739750369,-0.019273107872509174,-54.37327359090737,-0.8122044931623399
2026-06-24T14:33:05.365000,763,0.6458052656696246,75.239065705149,-1.3142133344058855,-93.10546167559967,0.8820638869046186,26.151132612068434,0.20739990390243038,-55.79603223760517,0.6525580308380329,0.44820801960670015,-54.620527565489695,-1.138188766937718
2026-06-24T14:33:05.375000,764,0.930119352937699,75.864928381011,-1.2961209536039018,-93.03884567501076,0.8245420309912269,25.974739806030144,0.13287825692512734,-55.89907661909662,1.0095869072586456,0.2843227813956752,-54.44070711995246,-1.2640067917289433
2026-06-24T14:33:05.385000,765,0.6245498974868975,75.21651075891921,-1.228919096150414,-93.0042058124875,1.0628468626324143,26.191839092515686,0.41233514752840394,-56.0546552595479,0.9244492974798423,0.21984183007562377,-54.36685364862891,-0.7035417039572891
2026-06-24T14:33:05.403000,766,0.9115201925104076,75.1883193464594,-1.2754419645939965,-93.0948039166256,0.613633461126974,25.852623278538097,-0.14125463826765716,-55.93140639514532,0.8365633155520381,-0.2664452799400668,-54.63658431693478,-0.896083176356489
2026-06-24T14:33:05.405000,767,0.720204760448372,75.3828440276663,-1.5959482545980574,-93.33728581543194,1.14227984578554,25.77121031764359,-0.10931638131256234,-55.668741608823396,0.8036064409412496,-0.07300531077550403,-54.79071464973479,-0.9075213646938649
2026-06-24T14:33:05.415000,768,0.9407470370291011,75.83955822876945,-1.1694687373286106,-93.46519036769439,0.8491942549541098,25.76306902155414,0.29523011052893144,-55.88291390056468,0.6745273146471261,-0.00046424054043639446,-54.607684233058315,-0.9856809537193278
2026-06-24T14:33:05.425000,769,0.8743190185862816,75.67322496002237,-1.510654016342586,-93.21471157322826,0.6656760646849758,25.431994503666,0.12489369268634395,-55.99000004643532,0.9903600978042556,-0.1562922446320367,-54.42465036850737,-1.1019685195093312
2026-06-24T14:33:05.436000,770,0.4040076209061683,75.28417257050535,-1.3814179671900666,-93.08947360656686,0.8820638869046186,25.632811197972643,0.1914307754248636,-55.87483037180629,0.7074841892579047,-0.22883331486710431,-54.32189681330737,-1.056215766159835
2026-06-24T14:33:05.450000,771,1.1320596160215934,75.43077215324088,-1.259933416669241,-93.24136026237848,0.39998085344866946,25.836340686359197,0.2020787662458091,-56.10920931595113,0.4960128764368147,0.238647812612105,-54.61410417533677,-1.0676539544972108
2026-06-24T14:33:05.456000,772,0.791948047471645,75.41667493345935,-1.9397173664892609,-93.39590778150443,0.802630903751493,25.87975996088636,0.06102003653002514,-55.838463170363234,0.49876124858581544,-0.05957370244755109,-54.6719043430897,-1.178222426118528
2026-06-24T14:33:05.466000,773,1.2064591108003022,75.48433674504548,-1.2754419645939965,-93.2493542968949,0.5917193927963322,26.034441672736214,-0.15189977133477056,-55.943527349298066,0.7569195011740825,0.32193474646867676,-54.27693997798582,-0.9990248244729665
2026-06-24T14:33:05.476000,774,0.4890347997762406,75.66476723357408,-1.851836520025868,-93.33195836651657,0.9669761224131291,25.46184398009418,0.042387481470296265,-56.35368941680532,0.9271947207316892,0.088194182729033,-54.69117106567401,-0.978056177134372
2026-06-24T14:33:05.486000,775,0.528892181455841,75.64503052045931,-1.4744664794079252,-93.18540202076369,0.5040690016555808,25.58667621551585,0.010452082269033542,-55.67884276553275,0.6635426727425745,0.17148111658560475,-54.360430258475986,-1.1477192259389366
2026-06-24T14:33:05.500000,776,0.9752891501282095,75.57173224264317,-1.1668849044513825,-93.46519036769439,0.4492853013744351,25.624669901883188,-0.28497393681177113,-55.86877097947613,0.9217009253308416,0.023713231408981565,-54.87099151121125,-1.178222426118528
2026-06-24T14:33:05.506000,777,0.8769752263417173,75.59992365510297,-1.3245514412454913,-93.19872350419543,1.0327153863141467,25.817342386250672,0.2313535966187418,-55.70106921537968,0.4960128764368147,0.2520823057356495,-54.12923303533875,-0.8998945411890217
2026-06-24T14:33:05.516000,778,0.7281762367842611,75.70705283871219,-1.1281135346394937,-93.30530967736634,0.6218508691146001,25.72236254110689,0.3032146747677148,-55.56569505783953,0.5069975183413563,-0.021958852578997087,-54.1035429226015,-0.9856809537193278
2026-06-24T14:33:05.527000,779,0.4438650025857301,75.69577687914891,-0.9652765567602352,-93.12411346909016,0.7149805126107415,26.151132612068434,0.7503445566314169,-56.07688170939484,0.6415704400363375,-0.3148059934301249,-54.61089420419754,-1.0771844134984294
2026-06-24T14:33:05.537000,780,0.9487185133649904,75.86774964122925,-2.006921999273442,-93.54246412725736,1.0436709499340135,25.72236254110689,-0.15189977133477056,-56.33752452878096,0.43009912721524757,0.668516975018391,-53.95583253207996,-1.0619348603285246
2026-06-24T14:33:05.550000,781,0.8264901605707533,75.70987409893043,-1.6812452681842223,-93.55578847183249,0.6218508691146001,26.083289449272915,0.3138598078347895,-55.85664785583097,0.9491640045407724,-0.07300531077550403,-54.09711953244857,-0.7664517398128472
2026-06-24T14:33:05.557000,782,0.8052347923880263,75.27289661094207,-1.2495953098296257,-93.04950343398484,0.8574116629417358,26.07243535910355,0.09561886231341124,-56.183967855265486,0.6086135654255589,-0.040764835115478314,-54.69759445582694,-1.0371528012375102
2026-06-24T14:33:05.567000,783,1.1001737106779208,75.67886142625238,-1.572685432710924,-93.45452974757694,0.9751935304007551,25.687084562669174,0.20739990390243038,-55.84452473218581,1.100215363541143,0.26014242465066567,-54.23198659053875,-0.84842474059073
2026-06-24T14:33:05.577000,784,0.6165784211509697,75.50125219794202,-0.9006585321839755,-93.08414615765149,0.6081542087715891,25.70065436076816,0.31652323441695157,-55.735416619379365,1.0150777537623394,0.09894004635053712,-54.8292480949034,-1.113406707846707
2026-06-24T14:33:05.587000,785,0.7786613025552638,75.45614533258568,-0.9549356745899263,-93.30264595290868,0.9751935304007551,25.76306902155414,-0.01084104161894788,-56.27488911311177,1.1112000054456845,0.5234348345482557,-54.360430258475986,-1.008557330394076
2026-06-24T14:33:05.601000,786,0.6776911710132971,75.60838138155124,-1.4563740986059321,-93.50782426473405,0.641023840722098,25.874331458876828,0.01843664650781693,-55.70106921537968,0.792621799036708,-0.062259447154039006,-55.10861212450142,-1.0943416960044914
2026-06-24T14:33:05.608000,787,0.720204760448372,75.58300820220643,-1.1694687373286106,-93.02818791603669,0.8300212833466168,25.624669901883188,0.3085386701781682,-56.01424629372565,0.7514257057732348,0.10968879476759369,-54.38611692333875,-0.7664517398128472
2026-06-24T14:33:05.618000,788,0.9806044187087016,75.39694124744781,-1.5003131341722866,-92.90827739829066,0.5369386336060895,26.15384540614835,0.13287825692512734,-55.62833047350872,1.0700068610793652,0.22521620428415207,-54.418230426228924,-0.6959169273723366
2026-06-24T14:33:05.628000,789,0.7600621421279724,75.97769705795348,-1.5416711121921065,-93.41722616059596,0.9478031508056362,25.502550460541432,0.4442734044834988,-55.60408422621839,1.0809915029839066,0.1983472180370631,-54.126019616325046,-1.0371528012375102
2026-06-24T14:33:05.638000,790,0.4491774180966402,75.72960778494198,-1.5390845039841754,-93.35593760892243,0.6958045999123407,26.042582968825663,0.17546450470116765,-56.278930877490964,0.8502963296055805,-0.008524359455452598,-54.06500947743289,-0.8179235873310295
2026-06-24T14:33:05.652000,791,0.8690037500058281,75.65348824690757,-1.55976349299409,-93.45986005763564,0.9669761224131291,25.871618664796912,-0.03745530316358932,-55.80007400198436,1.16612911276271,0.36760971525224695,-53.637935057313314,-0.7759821988140659
2026-06-24T14:33:05.658000,792,0.8743190185862816,76.03126467686133,-1.4124322877088937,-93.44120826414516,0.8848049836277625,26.020874788486935,0.5879955607814448,-55.78390911396001,1.0782460797320597,0.20372159224563047,-53.77922205768194,-0.8141101755786062
2026-06-24T14:33:05.668000,793,0.7706898262193359,75.75779919740178,-1.1668849044513825,-93.2253721933457,0.8930223916153884,26.14027852189907,0.11690912844759929,-55.668741608823396,0.6470642354371852,0.5153747156332396,-53.95583253207996,-0.8522361054232627
2026-06-24T14:33:05.678000,794,1.3180597795031757,75.59428718887295,-1.453790265728704,-93.2493542968949,0.7177186682429825,25.836340686359197,-0.021486174686061274,-55.92534483332275,1.031556191067729,0.10968879476759369,-54.51135062013677,-1.056215766159835
2026-06-24T14:33:05.688000,795,0.964661466036846,75.9015805470223,-1.5313302300217977,-93.04150939946847,0.8957605472476294,25.5459697350686,0.27393698664091126,-56.23852191166871,0.5427027651011456,0.021027486702532745,-54.97053509527203,-0.8846449880191167
2026-06-24T14:33:05.700000,796,0.7999195238075342,75.95796337194193,-1.376247526104917,-92.69244132749121,0.6026749564162043,25.904183849154716,-0.0028564773802032236,-55.99000004643532,0.5207305323949086,0.2923829003106914,-54.748971233426936,-0.8522361054232627
2026-06-24T14:33:05.709000,797,0.3083499048751118,76.0453588695396,-1.3865856329445228,-92.88696188034251,0.6191097723914561,26.0317288786563,0.11690912844759929,-55.967773596588394,0.5756596397119241,0.14461501513410732,-54.66548440081125,-1.1400944493539842
2026-06-24T14:33:05.719000,798,0.8158624764793898,75.68450091958563,-1.1901477263385252,-93.2839941594182,0.7149805126107415,26.197267594525222,0.32982893631235627,-56.08900483304,0.6415704400363375,0.023713231408981565,-54.48245053626031,-1.0752787310821632
2026-06-24T14:33:05.729000,799,0.8264901605707533,76.08764750178094,-1.3917560740296726,-93.21737815882929,0.295895646332666,25.697938652838538,0.3032146747677148,-55.878872136185485,0.8667747669109698,0.14998938934263562,-54.421440397368144,-1.0238068835639809
2026-06-24T14:33:05.739000,800,0.8769752263417173,75.54635906329837,-1.4176027287940434,-93.25734833141131,0.8382386913342428,25.719649747026974,0.24998615167843194,-55.93140639514532,0.9217009253308416,-0.10524578643552975,-54.58841751047401,-0.8579551995919488
2026-06-24T14:33:05.750000,801,0.635177581578261,75.84519469499946,-1.3064590604435076,-93.54512785171502,1.2107572653187937,26.012733492397484,0.1062639953804859,-55.4222395410334,0.2790507171120409,-0.25569941631860177,-54.50492722998384,-0.9532720711234702
2026-06-24T14:33:05.759000,802,0.720204760448372,75.52380411706858,-1.425357002756421,-93.47318440221076,0.7177186682429825,25.858048866697924,0.28192155087969467,-56.10314775412855,0.8997316415217583,-0.05957370244755109,-54.52419395256815,-0.9189595530312372
2026-06-24T14:33:05.769000,803,1.2383450161440135,75.75779919740178,-1.2185782139801147,-93.62240447242135,0.6875871919247147,26.180985002346322,-0.18649859711815664,-55.670761406266784,0.6196011562272543,-0.11599165005699477,-54.7746578982897,-0.8064853989936538
2026-06-24T14:33:05.780000,804,0.5953201998986606,75.55199855663162,-1.4382817178039486,-93.65970805940235,1.1094102138350312,25.76306902155414,0.2340170232009039,-56.03647057408016,1.5121733472787713,0.4213419181552027,-53.85307897687996,-0.6730405506975885
2026-06-24T14:33:05.790000,805,0.985919687289155,75.40821720701109,-1.3607389781801615,-93.48384216118487,0.7944134957638671,25.76306902155414,0.0716651695970998,-56.351669619361935,0.3971452015016228,-0.03001897149401329,-54.33153017459952,-1.0219012011477147
2026-06-24T14:33:05.800000,806,0.6564358028305701,75.3433766556432,-1.4356951095960269,-93.19605977973777,1.117627621822657,25.643665288142007,0.12755711926850605,-56.024347450435,1.001347688605951,-0.33630060546868557,-54.30584006186229,-0.7874203871514383
2026-06-24T14:33:05.810000,807,0.8982334475940263,75.35183438209147,-1.4848045862475312,-93.26800609038537,1.139541690153299,25.61381289786412,-0.14923920250644054,-55.95565047294323,0.7047387660060577,-0.021958852578997087,-54.228776619399525,-0.9856809537193278
2026-06-24T14:33:05.820000,808,0.6564358028305701,75.5660927493099,-1.3529847042177836,-93.63306223139546,0.4931104969448109,26.02358758256685,0.13287825692512734,-56.060716821370484,0.512491313742204,0.1338691515126032,-54.434283729799525,-0.9761484477982184
2026-06-24T14:33:05.830000,809,0.7122332841124441,75.42795089302263,-0.9756146635998411,-93.06282777855999,0.7067631046231155,26.161986702237797,0.24998615167843194,-55.707130777202266,1.0123323305104925,0.09087992743552091,-54.187029755217196,-0.9399282003698317
2026-06-24T14:33:05.840000,810,0.9540337819454824,75.98051831817172,-1.6062891367683567,-93.17740798624727,0.6191097723914561,26.237971161122765,0.28192155087969467,-56.07890150683823,0.6250920027309482,0.5073145967182233,-54.45355045238383,-0.9570854828758936
2026-06-24T14:33:05.851000,811,0.5846925158072971,75.70705283871219,-1.376247526104917,-93.1587561927568,0.9478031508056362,25.744073635295322,0.39902944563299925,-55.78997067578259,0.6937511752043624,0.088194182729033,-54.30584006186229,-0.930397741368613
2026-06-24T14:33:05.861000,812,0.6670634869219336,75.4617817988157,-1.141038249687021,-93.14809557263935,0.802630903751493,26.077860947263378,0.03972691264200499,-55.65863828262162,1.2512667225415135,-0.09449992281406472,-54.174186422785816,-0.9475550238746715
2026-06-24T14:33:05.871000,813,1.1958314267089387,75.65630950712583,-1.0454031292612505,-93.04950343398484,0.613633461126974,25.64094958021238,0.28192155087969467,-55.85260609145178,1.026062395666881,-0.09449992281406472,-54.25767670327598,-0.7721708339815333
2026-06-24T14:33:05.881000,814,0.9752891501282095,75.66476723357408,-1.6812452681842223,-93.29465191839228,0.5122864096432117,25.958457213851243,-0.1598843355735152,-55.695007653557106,0.7486802825213879,0.49388298839027034,-54.38290695219952,-1.0371528012375102
2026-06-24T14:33:05.891000,815,0.2552086313487122,75.65630950712583,-1.4176027287940434,-93.39857436710548,0.6519794043419649,25.93403332558289,0.5826715653709914,-55.73137702449259,0.5536874070056872,0.06401382598402348,-54.02647603226426,-1.069559636913477
2026-06-24T14:33:05.905000,816,0.38540846047887695,75.06427470995365,-1.228919096150414,-93.17474426178958,0.9121953632228863,26.191839092515686,0.010452082269033542,-55.97989672023355,0.6086135654255589,0.4079103098272889,-54.7264945397034,-1.2525686033915675
2026-06-24T14:33:05.911000,817,0.6803502318383149,75.41667493345935,-1.453790265728704,-93.1267800546912,0.630068277102231,26.18641059050615,0.3032146747677148,-56.14557868688661,0.8118456595939443,-0.0380790904089904,-54.15491970020151,-0.8293617756684019
2026-06-24T14:33:05.921000,818,0.7281762367842611,75.5660927493099,-1.3142133344058855,-93.1267800546912,0.2630260143821572,26.26511075732074,0.4016900144613293,-55.95767243987904,0.4877736577841201,0.27357403297861865,-54.280153396999516,-1.0219012011477147
2026-06-24T14:33:05.931000,819,0.7095770763569698,75.19959530602267,-1.019553699166186,-93.19872350419543,0.22193897444402247,25.798346999991857,0.2020787662458091,-56.19204921453145,1.0782460797320597,0.1177489136826099,-54.34116353589168,-0.8655820230967886
2026-06-24T14:33:05.941000,820,0.5474913418831324,75.33210069607992,-1.6373034572871836,-93.26800609038537,0.284940082712799,25.858048866697924,-0.20246772559572343,-55.59802266439581,0.6305857981317959,0.08013406381401679,-54.81640476247202,-0.9113327295263974
2026-06-24T14:33:05.953000,821,0.9699767346172994,75.58864769553969,-1.7200166379961206,-92.88696188034251,0.5232419732630786,25.76035622747423,0.10094285772386462,-55.86068745071775,0.9903600978042556,0.31118888284717267,-54.59483745275246,-0.7740765163977996
2026-06-24T14:33:05.962000,822,0.5023215446926218,75.91003827347059,-1.3012913946890514,-93.03085164049436,0.641023840722098,25.901468141225088,-0.3728041434383109,-55.893015057274035,1.2375337084879712,0.10968879476759369,-54.51777401028969,-0.9628045770445798
2026-06-24T14:33:05.972000,823,0.7494344580365702,75.77471465029832,-1.4951454684178305,-93.16675022727321,0.6245890247468411,26.444216357438947,0.1568319496414775,-55.816236720516294,1.0562738470258128,0.2305876936970888,-54.39896370364461,-1.1629708260287321
2026-06-24T14:33:05.982000,824,0.8371206977316988,75.63093632778103,-1.4382817178039486,-93.58509802429704,0.632806432734472,25.93403332558289,0.15949537622360088,-56.08900483304,0.8942378461209006,-0.27450539885508296,-54.639794288074,-1.052402354407415
2026-06-24T14:33:05.992000,825,0.4704356393489492,75.94386917926364,-1.2806124056791464,-93.03884567501076,0.5533734495813464,25.849907570608472,-0.14923920250644054,-56.084963068660805,1.1716229081635576,-0.04345346461755778,-54.44070711995246,-1.2659124741452097
2026-06-24T14:33:06.003000,826,0.7281762367842611,75.57173224264317,-1.601118695683207,-93.38525002253037,0.9341064904626203,25.820058094180293,-0.11996151437967574,-55.62024911424275,1.1331722381519214,0.2682025435656819,-54.78750467859556,-0.825548363915982
2026-06-24T14:33:06.012000,827,0.6537767420055524,75.16012793399959,-1.6786614353069942,-93.01486357146158,0.7040220078999666,25.887901256975812,0.04771147688074964,-55.76774422593565,0.9354339393843839,0.30312876393215643,-54.21914325810737,-0.995213459640434
2026-06-24T14:33:06.022000,828,0.8158624764793898,75.75216273117177,-1.4977293012950585,-93.53180636828326,0.5341975368829456,25.925892029493443,0.2340170232009039,-55.77986734958081,0.5866442816164658,-0.05151358353253489,-54.08748617115642,-1.029525977732667
2026-06-24T14:33:06.033000,829,1.0257742158991734,75.25598115804553,-1.3710770850197673,-93.47051781660976,0.8245420309912269,26.17555650033679,0.13820225233561945,-55.78997067578259,1.2045768338771825,0.5288092087567839,-54.893468204934784,-1.1534383201076261
2026-06-24T14:33:06.043000,830,1.1267472005106833,75.87902560079253,-1.4848045862475312,-92.9775599844806,0.6738934726726067,25.63552399205256,-0.26634423950591307,-55.98798024899194,0.7788887849831657,0.33268349488573334,-54.48566050739952,-1.0848112370032692
2026-06-24T14:33:06.053000,831,0.9540337819454824,75.61965734111452,-1.2754419645939965,-92.99887550242876,0.8738464789169926,25.923179235413528,-0.43934122617679183,-55.89907661909662,0.9903600978042556,-0.10256004172908093,-54.51777401028969,-0.9113327295263974
2026-06-24T14:33:06.063000,832,0.5740648317158948,75.27289661094207,-1.2961209536039018,-93.02019388152029,0.7259360762306084,26.28681893765947,-0.47127948313192536,-55.74147818120194,0.9107162834263,-0.019273107872509174,-54.57236075902892,-0.9856809537193278
2026-06-24T14:33:06.073000,833,0.4970062761121684,75.2926302969536,-1.6373034572871836,-93.44120826414516,0.9669761224131291,26.056152766924647,0.06102003653002514,-55.91928327150016,0.3532007360891388,0.5046288520117744,-54.52419395256815,-0.9914000478880141
2026-06-24T14:33:06.083000,834,1.2968015582509052,75.72960778494198,-1.3607389781801615,-93.41722616059596,0.9395857428180052,25.999163694298495,0.3564431978569977,-55.83644120342742,1.1304268149000745,0.16342099767058854,-54.55951742659754,-0.7492944573067852
2026-06-24T14:33:06.102000,835,0.5900077843877505,75.30390625651688,-1.3167971672831136,-93.42788391957004,1.0327153863141467,25.890614051055724,-0.18649859711815664,-55.43638246212195,0.6305857981317959,0.27357403297861865,-54.2929967294309,-1.3745752633502606
2026-06-24T14:33:06.103000,836,0.6644072791664593,76.15812754648208,-1.3167971672831136,-92.9029499493753,0.8519353516772536,25.925892029493443,0.5986406938485582,-55.99808140570129,0.9052224880254423,0.2467079315271212,-54.91915831767202,-0.8922697646040693
2026-06-24T14:33:06.114000,837,0.6803502318383149,75.77753288341333,-1.2134105482256585,-93.40923212607956,0.8683701676525106,25.78478011574258,0.111587990790978,-55.79603223760517,0.6964995473533631,0.2628281693571536,-54.8292480949034,-1.0066516479778096
2026-06-24T14:33:06.124000,838,0.34023581021878446,75.34055539542496,-1.7148461969109707,-93.40923212607956,0.41093935815944427,26.191839092515686,-0.048103293984534806,-55.74350014813775,0.6086135654255589,-0.5781012881233064,-54.55951742659754,-1.1076876136780174
2026-06-24T14:33:06.134000,839,0.9274631451822632,75.64503052045931,-1.1772230112909883,-93.62773192133672,0.8409768469664839,25.852623278538097,-0.07471755552917625,-56.17386452906371,0.512491313742204,0.34611510321368627,-54.46639723268969,-0.873206799681741
2026-06-24T14:33:06.151000,840,0.7122332841124441,75.52944361040183,-1.5365006711069473,-93.17474426178958,0.8190657197267449,25.904183849154716,-0.46063435006481196,-55.58792150768646,1.0645130656785173,0.18222698020706976,-54.549884065305385,-1.052402354407415
2026-06-24T14:33:06.154000,841,1.036404753060119,75.67886142625238,-1.2211648221880362,-93.37991971247166,0.5698053244656954,25.57039362333695,-0.06673299129039285,-55.947569113677254,0.43009912721524757,0.4831371247688053,-54.90952495637987,-0.8789258938504306
2026-06-24T14:33:06.164000,842,0.9752891501282095,75.76625692385005,-1.422773169879193,-93.35860419452347,1.0025839099958789,25.64094958021238,-0.30892762952808256,-55.77380578775823,0.8832532042163591,0.023713231408981565,-53.83381225429564,-1.0066516479778096
2026-06-24T14:33:06.174000,843,1.1400310923575212,75.42795089302263,-1.2754419645939965,-93.00686953694516,1.164190973025274,25.657232172391282,0.3378135005511396,-55.967773596588394,0.7239626265632939,-0.08375117439696905,-54.77787131730341,-0.9608988946283135
2026-06-24T14:33:06.184000,844,0.7600621421279724,75.54635906329837,-1.3348923234158,-93.23602995231978,0.5917193927963322,25.887901256975812,0.1062639953804859,-55.77986734958081,0.7624103476777764,-0.04882495403049452,-54.270520035707364,-0.7874203871514383
2026-06-24T14:33:06.201000,845,0.7175485526928976,76.0453588695396,-1.210823940017737,-93.51315171364944,1.0765405818845224,25.559539533167587,0.23933816085752518,-55.96373400170162,0.9134617066781469,0.18222698020706976,-54.69759445582694,-0.8179235873310295
2026-06-24T14:33:06.205000,846,1.0310894844796656,75.4730607854822,-1.0273079731285637,-93.1587561927568,0.7861960877762362,25.765781815634057,0.12755711926850605,-56.00616276496726,1.0233169724150342,-0.2664452799400668,-54.59805087176616,-0.9704293536295322
2026-06-24T14:33:06.215000,847,0.8477483818230624,75.44204811280416,-1.572685432710924,-93.43321422962879,0.816324623003601,26.476781541796743,0.1914307754248636,-55.77986734958081,0.8255786736474966,0.34342935850719836,-54.51777401028969,-1.1153123902629698
2026-06-24T14:33:06.225000,848,0.7414629817006424,75.74088374450525,-1.259933416669241,-92.98555401899702,0.8957605472476294,26.09414353944228,-0.3009430652893379,-55.60408422621839,0.9024770647735953,0.5825442964553704,-54.54667409416616,-0.9075213646938649
2026-06-24T14:33:06.235000,849,1.3180597795031757,75.68450091958563,-1.2909505125187521,-93.38791374698803,0.8820638869046186,25.752214931384778,0.16747994046238426,-56.09304442792677,0.9601515953424677,0.33536923959222126,-53.60582500229763,-0.6901978332036505
2026-06-24T14:33:06.251000,850,0.28443547586736706,75.43922987968915,-1.1875611181306036,-92.68178356851709,0.8848049836277625,25.578534919426403,0.643884652699019,-55.77178599031484,0.9326855672353831,-0.2180874512456393,-54.915948346532794,-0.930397741368613
2026-06-24T14:33:06.255000,851,0.9699767346172994,75.53226184351684,-1.1022668798751323,-93.10013136554096,0.8519353516772536,25.795634205911945,0.3883814548120925,-55.76572442849226,0.4575651553223422,0.1284947773040749,-54.27693997798582,-0.8751124820980073
2026-06-24T14:33:06.266000,852,1.1480025686934492,75.94668741237865,-1.3271380494534224,-93.35327388446477,0.6519794043419649,25.450989889924816,0.11424855961926929,-55.798052035048556,0.7376956406168362,-0.0756939402775835,-54.360430258475986,-0.8045776696575001
2026-06-24T14:33:06.276000,853,0.9008896553495007,75.77753288341333,-1.4072646219544376,-93.02818791603669,0.6738934726726067,25.776638819653126,0.2845849774618568,-55.965753799145006,0.6250920027309482,-0.4464536407767157,-54.88383484364263,-1.0543100837435686
2026-06-24T14:33:06.286000,854,0.8663475422503537,75.42231442679261,-1.345230430255406,-93.05749746850125,0.8683701676525106,26.389942992742412,-0.045439867402372706,-55.967773596588394,1.0864852983847544,0.2493965610292007,-54.51777401028969,-1.3745752633502606
2026-06-24T14:33:06.300000,855,0.8052347923880263,75.85647368166597,-1.285782846764296,-93.33728581543194,0.36711416258906854,25.925892029493443,0.0690046007687698,-55.74350014813775,0.7239626265632939,0.5019431073052866,-54.84209142733478,-1.0619348603285246
2026-06-24T14:33:06.306000,856,0.7441191894561168,75.29826979028687,-1.0454031292612505,-93.16408364167216,0.7834579321440001,25.944890329601968,-0.3914338407441689,-55.61418755242018,0.8448025342047328,0.6416508735668935,-54.267310064568136,-0.682573056618698
2026-06-24T14:33:06.316000,857,0.4598079552575857,75.22778974558572,-1.1979020003009029,-93.22004188328695,0.5478941972259564,26.303101529838372,-0.10931638131256234,-55.79199047322597,0.982120879151551,0.44820801960670015,-54.76181456585832,-0.886550670435383
2026-06-24T14:33:06.326000,858,0.457148894432568,75.57455047575817,-1.6088729696455848,-92.88163157028377,0.3232860259277849,25.841766274519024,-0.2876373633939332,-56.06879818063645,0.5564328302575341,0.06401382598402348,-54.37969698106029,-1.0314337070688206
2026-06-24T14:33:06.337000,859,0.8902619712580986,75.32646120274667,-1.7562013996000878,-93.17474426178958,0.8464560993218688,25.863477368707457,0.34313749596159304,-55.95565047294323,0.6031227189218651,0.35417522212870245,-54.421440397368144,-1.046683260238729
2026-06-24T14:33:06.351000,860,0.8902619712580986,75.48433674504548,-0.7714197077007626,-93.16675022727321,0.7615438638133583,26.034441672736214,0.22869302779045053,-55.78390911396001,0.4960128764368147,0.1123745394740816,-54.57557073016814,-0.9875866361355942
2026-06-24T14:33:06.357000,861,1.0310894844796656,75.46742129214896,-1.1487925236493988,-93.34261612549065,0.7944134957638671,25.79292141183203,-0.06406956470823076,-55.86068745071775,0.6937511752043624,-0.11330590535054595,-54.66227098179754,-0.873206799681741
2026-06-24T14:33:06.367000,862,0.9407470370291011,75.58300820220643,-1.2961209536039018,-93.52381233376688,0.7642820194455993,25.621954193953567,0.27393698664091126,-55.7576430692263,0.5976289235210174,0.47238837635170966,-54.48245053626031,-1.15153263769136
2026-06-24T14:33:06.377000,863,0.8371206977316988,75.0868266290802,-1.6088729696455848,-93.28132757381715,0.44380899010995306,26.042582968825663,0.6119463957439242,-55.828359844161454,0.8722656134146637,-0.008524359455452598,-53.83060228315641,-0.7054494332934427
2026-06-24T14:33:06.387000,864,1.2330326006331034,75.69859511226392,-1.422773169879193,-93.39058033258907,0.8930223916153884,26.303101529838372,-0.18649859711815664,-55.65459651824243,0.4355929226160953,0.012967367787516544,-54.32189681330737,-0.9551798004596274
2026-06-24T14:33:06.400000,865,0.8450921740676267,75.54354083018335,-1.691583375023828,-93.67569612843513,0.5670671688334544,25.94760312368188,-0.13060950520058248,-55.828359844161454,0.701990393857057,-0.22077319595212722,-54.434283729799525,-0.8122044931623399
2026-06-24T14:33:06.407000,866,0.4890347997762406,75.65348824690757,-1.3038752275662795,-93.53713381719862,0.8190657197267449,26.213550186704126,-0.247714542200055,-55.43436266467856,0.7239626265632939,0.06938820019255178,-53.86592230931134,-0.8998945411890217
2026-06-24T14:33:06.418000,867,0.8264901605707533,75.38566528788454,-1.1591306304890048,-93.10546167559967,0.7259360762306084,25.841766274519024,-0.1705294686406286,-55.98798024899194,0.8722656134146637,0.026401860911061035,-54.47924056512108,-1.0600291779122584
2026-06-24T14:33:06.428000,868,0.6803502318383149,75.09528435552846,-1.6217976846931217,-93.56910995526422,0.9067161108675015,25.554111031158047,0.04771147688074964,-55.82431807978226,0.6745273146471261,-0.05957370244755109,-54.819614733611246,-1.161065143612466
2026-06-24T14:33:06.438000,869,0.9221478766018099,75.58300820220643,-1.7510337338456317,-93.41722616059596,0.5478941972259564,26.343808010285624,-0.1226249409617991,-56.135475360684836,0.701990393857057,0.18760135441559805,-54.739337872134776,-0.9933057303042803
2026-06-24T14:33:06.450000,870,0.7946042552270807,75.78881187007984,-1.4331112767187988,-93.45186602311927,0.9779346271239039,26.313955620007736,-0.048103293984534806,-55.763704631048874,0.9766300326478671,0.5691098033318259,-54.31868684216815,-1.1458135435226737
2026-06-24T14:33:06.458000,871,0.5076368132731139,75.14321248110306,-1.4020941808692877,-92.98288743339597,0.5040690016555808,25.687084562669174,0.3085386701781682,-56.317320045869835,0.46854979722688384,-0.05151358353253489,-54.700804426966165,-0.7264180806320372
2026-06-24T14:33:06.468000,872,1.1108042478388278,75.54635906329837,-1.3943399069069007,-93.49449992015894,0.6519794043419649,25.744073635295322,0.324507798655735,-56.046573900281935,1.026062395666881,0.2359620679056562,-54.408597064936764,-0.6368203032692018
2026-06-24T14:33:06.478000,873,0.9593461974563925,75.38566528788454,-1.3943399069069007,-93.35327388446477,1.0792787375167634,25.665373468480734,0.5081499183936884,-56.09304442792677,0.9326855672353831,0.2493965610292007,-54.67832773324263,-1.2983213567410639
2026-06-24T14:33:06.488000,874,0.8530607973339724,75.62247860133276,-0.9937070444018247,-93.16408364167216,0.5643290132012134,26.20269318268505,0.31652323441695157,-56.11325108033032,0.9711362372470094,0.4267162923637701,-54.49208389755246,-1.1000607901731776
2026-06-24T14:33:06.501000,875,0.9194916688463354,75.30390625651688,-1.2030696660553593,-93.91818088838487,0.6601968123295908,26.099572041451818,-0.13060950520058248,-55.94958891112064,0.9107162834263,0.10968879476759369,-54.66548440081125,-0.7740765163977996
2026-06-24T14:33:06.509000,876,0.8530607973339724,75.62811506756277,-1.5804397066733018,-93.19072946967906,0.7095012602553565,25.858048866697924,0.13820225233561945,-56.05667722648371,1.0809915029839066,-0.05151358353253489,-54.28978675829167,-0.9075213646938649
2026-06-24T14:33:06.519000,877,1.0576601212428847,75.42795089302263,-1.5003131341722866,-93.46519036769439,0.643761996354339,26.14027852189907,0.13820225233561945,-55.97383515841097,0.6580488773417268,0.2359620679056562,-54.30263009072306,-0.9113327295263974
2026-06-24T14:33:06.529000,878,1.2038029030448665,75.7859906098616,-1.0815878908652177,-92.71375970658269,0.4355915821223271,26.16470241016742,0.23933816085752518,-55.84048296780662,1.001347688605951,0.1284947773040749,-54.38290695219952,-0.9856809537193278
2026-06-24T14:33:06.539000,879,0.6590920105860059,75.36029210853974,-1.376247526104917,-93.50516054027639,0.6519794043419649,25.874331458876828,0.16481651388022214,-55.763704631048874,0.3339768755319026,0.48582286947529324,-54.71686117841124,-1.0333393894850869
2026-06-24T14:33:06.552000,880,0.5023215446926218,75.45614533258568,-1.4124322877088937,-93.36659822903988,0.6191097723914561,25.904183849154716,0.08231030266417447,-55.7576430692263,1.0480346283731181,0.0962543016440492,-54.41180703607599,-0.8751124820980073
2026-06-24T14:33:06.559000,881,0.8849467026776451,75.09528435552846,-1.5054835752574363,-93.41189585053726,0.5451560415937154,26.28681893765947,-0.2956219276327166,-56.060716821370484,0.9134617066781469,0.2520823057356495,-54.06500947743289,-1.0161821069790284
2026-06-24T14:33:06.570000,882,1.2383450161440135,75.14321248110306,-1.1022668798751323,-93.36393164343885,0.5917193927963322,26.07243535910355,-0.01616503702943999,-56.17386452906371,0.9354339393843839,0.34611510321368627,-54.408597064936764,-0.8503304230069963
2026-06-24T14:33:06.580000,883,0.7308352976092789,76.11020244801072,-1.601118695683207,-93.47318440221076,1.2874520928396782,26.064294063014103,0.2313535966187418,-55.88493369800806,0.7047387660060577,0.2305876936970888,-54.78108128844263,-0.8598629289281023
2026-06-24T14:33:06.590000,884,0.24723715501278434,75.91003827347059,-1.097096438789973,-93.34794357440602,0.5259801288953196,25.980168308039683,0.17812507352945892,-55.89907661909662,0.8118456595939443,0.18760135441559805,-54.27693997798582,-1.0771844134984294
2026-06-24T14:33:06.603000,885,0.930119352937699,75.32927943586168,-1.5313302300217977,-93.36659822903988,0.7724994274332252,26.27053634548057,0.48419622567737697,-55.907160147855,0.15821080947060198,0.088194182729033,-54.61089420419754,-0.7912337989038581
2026-06-24T14:33:06.610000,886,0.3269519183719852,75.58582946242468,-1.1306973675167218,-92.5938491888367,0.7971516513961081,26.297675941678545,0.12489369268634395,-55.65055692335565,0.9766300326478671,0.17416686129205358,-54.55630745545831,-1.1076876136780174
2026-06-24T14:33:06.620000,887,0.5953201998986606,75.84519469499946,-1.6295519586554994,-92.98821774345468,0.7615438638133583,25.94760312368188,0.10360342655219462,-56.11325108033032,0.8448025342047328,0.04520784344754226,-54.49850728770539,-1.2678202034813633
2026-06-24T14:33:06.630000,888,0.8158624764793898,75.48433674504548,-1.107434545629579,-93.82225247418806,0.8355005357020018,26.46321174369776,0.3803968905733091,-56.06879818063645,0.6635426727425745,0.49119724368382156,-54.228776619399525,-0.9151461412788173
2026-06-24T14:33:06.640000,889,0.6378337893336967,75.91003827347059,-1.4046780137465158,-93.19072946967906,0.42189492177931126,26.107713337541266,0.6571932123482557,-55.69096588917791,1.146905252205474,0.14998938934263562,-55.021911872872025,-0.9323034237848793
2026-06-24T14:33:06.654000,890,0.8636913344949181,75.32927943586168,-1.376247526104917,-93.11079198565838,0.6191097723914561,25.657232172391282,0.12755711926850605,-55.7273352601134,0.9931084699532563,0.4294020370702189,-53.61224839245055,-1.0371528012375102
2026-06-24T14:33:06.661000,891,0.38540846047887695,75.75498096428679,-1.5080674081346643,-93.30264595290868,0.5095453129200628,25.65451937831137,0.4442734044834988,-56.02030785554823,0.6964995473533631,0.22521620428415207,-54.72970451084262,-0.8998945411890217
2026-06-24T14:33:06.671000,892,0.6989493922656063,75.92413246614888,-1.570101599833696,-93.32662805645788,0.4273741741346962,25.863477368707457,0.29789067935726143,-56.00616276496726,0.9464185812889254,-0.032704716200462114,-54.687961094534785,-0.9323034237848793
2026-06-24T14:33:06.681000,893,1.1798884740371216,75.82264277587291,-1.3167971672831136,-93.02019388152029,0.802630903751493,25.996450900218584,-0.18383802828986537,-55.965753799145006,0.6690364681434322,0.04520784344754226,-54.69117106567401,-0.8045776696575001
2026-06-24T14:33:06.691000,894,0.9407470370291011,75.7183318253787,-1.7742965557327743,-93.46252378209334,0.8930223916153884,25.91503793932408,0.18877020659657232,-55.83037964160484,0.5179851091430616,0.32193474646867676,-54.84209142733478,-0.8141101755786062
2026-06-24T14:33:06.707000,895,0.9752891501282095,75.65630950712583,-1.5184082903049638,-93.32396433200017,0.8382386913342428,26.01815908055731,-0.3275573268339793,-55.996061608257904,0.6305857981317959,0.12312040309554663,-54.11638625503288,-0.781701292982752
2026-06-24T14:33:06.711000,896,0.4704356393489492,75.53508310373509,-1.254765750914785,-93.17740798624727,0.6218508691146001,25.301733766234793,0.27393698664091126,-55.93140639514532,0.5729112675629234,0.10162867585257748,-54.53061734272107,-1.0142764245627622
2026-06-24T14:33:06.722000,897,0.8876057635026628,75.66758546668909,-1.2211648221880362,-93.39857436710548,0.29315749070042496,25.958457213851243,0.1861096377682423,-55.71925390084743,0.2872899357647355,0.026401860911061035,-54.51777401028969,-1.1591574142763124
2026-06-24T14:33:06.732000,898,0.5820363080518227,75.50689169127527,-1.1823934523761475,-93.0948039166256,0.4711993697050719,25.836340686359197,0.23933816085752518,-56.046573900281935,0.8063548130902504,0.015653112493965362,-54.52419395256815,-0.930397741368613
2026-06-24T14:33:06.742000,899,1.2968015582509052,75.48433674504548,-1.510654016342586,-93.39857436710548,0.7204568238752235,25.782064407812953,0.25264672050676196,-56.00010120314467,0.9683908139951625,-0.005838614748964683,-54.63658431693478,-0.8064853989936538
2026-06-24T14:33:06.752000,900,1.0257742158991734,75.57455047575817,-1.4744664794079252,-93.39590778150443,0.9231509268427533,25.643665288142007,0.27127641781262,-55.981918687169355,0.3449615174364442,0.0962543016440492,-54.69117106567401,-0.65969667994395
2026-06-24T14:33:06.762000,901,1.0523477057319746,75.44486634591917,-1.704508090071365,-92.69244132749121,0.6519794043419649,26.256969461231293,-0.0028564773802032236,-55.97989672023355,1.1249330194992269,0.3380549842986701,-54.537040732874004,-0.9265843296161896
2026-06-24T14:33:06.772000,902,0.6032916762345885,75.59428718887295,-1.6502281723347112,-93.02818791603669,1.0025839099958789,26.061578355084475,0.20739990390243038,-56.072839945015645,0.814594031742945,-0.44376789607026684,-54.3443735070309,-1.1095932960942836
2026-06-24T14:33:06.782000,903,0.4890347997762406,75.61965734111452,-1.1151888195919661,-93.24668771129384,0.81358646737136,25.78478011574258,0.03706634381367498,-56.133455563241455,1.1523960987091677,-0.03001897149401329,-54.06500947743289,-0.8503304230069963
2026-06-24T14:33:06.792000,904,0.8982334475940263,75.67886142625238,-1.2211648221880362,-93.19872350419543,0.9916283463760119,25.969314217870316,0.27127641781262,-56.214275664378384,0.8805048320673583,0.0962543016440492,-54.51777401028969,-0.8407979170858868
2026-06-24T14:33:06.803000,905,0.7175485526928976,75.58582946242468,-1.3865856329445228,-93.45986005763564,0.9012368585121115,25.996450900218584,-0.15189977133477056,-56.02232765299161,0.9876146745524087,-0.26375953523361795,-54.7232811206897,-0.781701292982752
2026-06-24T14:33:06.813000,906,0.7547497266170623,75.55481678974662,-1.3374761562930282,-92.94025353635627,0.7177186682429825,25.974739806030144,-0.0906866840067043,-55.89503702420985,0.8036064409412496,-0.10524578643552975,-54.456763871397534,-0.9628045770445798
2026-06-24T14:33:06.823000,907,0.9274631451822632,75.62811506756277,-1.3012913946890514,-93.23069964226107,1.010801317983505,25.27730987796644,0.05303547229124175,-55.73945838375856,1.0645130656785173,0.22790194899063998,-54.37969698106029,-0.8922697646040693
2026-06-24T14:33:06.833000,908,1.1745760585262115,75.82264277587291,-1.851836520025868,-93.43854167854415,1.008063162351264,26.09414353944228,-0.2956219276327166,-56.0283892148142,0.5069975183413563,0.3138746275536606,-54.549884065305385,-1.1667842377811521
2026-06-24T14:33:06.843000,909,0.858376065914426,75.36592857476977,-1.3167971672831136,-93.22803591780337,0.5122864096432117,25.518833052720332,0.18078564235778893,-56.06879818063645,0.9162100788271477,0.055953707069007284,-54.280153396999516,-0.8522361054232627
2026-06-24T14:33:06.853000,910,0.9115201925104076,75.1375729877698,-1.254765750914785,-93.24136026237848,0.6821108806602327,26.14027852189907,0.5906561296097748,-55.63843379971049,0.5015066718376624,-0.29331426618719486,-54.83888145619555,-1.0180877893952947
2026-06-24T14:33:06.863000,911,0.8105472078989363,75.8903015603558,-1.55976349299409,-93.33462209097428,0.6656760646849758,25.882472754966276,0.06368060535831642,-56.20619213562,0.8283240968993335,0.012967367787516544,-54.41180703607599,-0.9608988946283135
2026-06-24T14:33:06.875000,912,1.01514653180781,75.63375456089604,-1.6217976846931217,-93.34527984994835,0.7478472034703424,25.80920109016122,-0.15189977133477056,-55.71521213646823,1.144156880056473,-0.0756939402775835,-54.69117106567401,-1.178222426118528
2026-06-24T14:33:06.884000,913,0.9487185133649904,75.77471465029832,-1.7665422817703966,-93.14809557263935,0.7588057081811173,25.50797896255097,0.09029486690295786,-56.032430979193386,0.7074841892579047,0.2682025435656819,-54.59805087176616,-1.0314337070688206
2026-06-24T14:33:06.900000,914,1.0124903240523742,75.99743377106826,-0.882563376051289,-93.03085164049436,0.9888901907437709,26.00187648837841,-0.01616503702943999,-55.70308901282307,0.7349472684678355,-0.38197268945666424,-54.30584006186229,-1.0619348603285246
2026-06-24T14:33:06.904000,915,1.1294034082661577,75.30672751673514,-1.425357002756421,-93.31063998742505,0.7478472034703424,25.5296871428897,-0.01616503702943999,-55.84856432707259,0.8255786736474966,0.1284947773040749,-54.05858953515443,-1.052402354407415
2026-06-24T14:33:06.914000,916,0.5634342945549881,75.69013738581566,-1.285782846764296,-93.93683268187534,1.153235409405407,26.246112457212217,0.042387481470296265,-56.23448014728951,0.7129779846587523,-0.040764835115478314,-54.607684233058315,-0.554847302491319
2026-06-24T14:33:06.924000,917,0.8743190185862816,76.06791381576939,-0.9885393786473685,-93.40923212607956,0.7697612718009842,26.346520804365536,-0.06673299129039285,-56.0546552595479,1.284223597152292,0.21446745586709548,-54.64942764936616,-1.0257146129001344
2026-06-24T14:33:06.934000,918,0.6564358028305701,75.65067001379256,-1.6321357915327275,-93.10546167559967,0.5889812371640912,25.70065436076816,0.02641835299276822,-56.19811077635403,0.5536874070056872,-0.021958852578997087,-54.37969698106029,-0.9170518236950835
2026-06-24T14:33:06.949000,919,0.4358935262498409,75.53508310373509,-1.0298945813364948,-93.57444026532296,0.8464560993218688,26.376373194643428,0.09295829348511996,-55.79199047322597,0.6525580308380329,0.30312876393215643,-54.23840998069168,-1.178222426118528
2026-06-24T14:33:06.954000,920,0.7999195238075342,75.25315989782729,-1.2961209536039018,-93.66237464500335,0.7095012602553565,26.21626298078404,0.22336903237995842,-55.862709417653555,0.7596649244259295,0.023713231408981565,-54.98659184671711,-0.9399282003698317
2026-06-24T14:33:06.965000,921,0.9832606264641373,75.67604319313737,-1.1979020003009029,-93.1587561927568,0.37259047385355054,25.39400081729866,-0.0906866840067043,-56.02030785554823,0.701990393857057,-0.040764835115478314,-54.25767670327598,-1.244943826806615
2026-06-24T14:33:06.975000,922,1.1187757241747556,76.33573677479244,-1.6398900654951054,-93.36393164343885,0.808110156106878,25.602958807694755,0.14352624774607284,-55.862709417653555,0.4355929226160953,-0.14554638101057166,-54.456763871397534,-1.0848112370032692
2026-06-24T14:33:06.985000,923,0.8690037500058281,75.72960778494198,-1.23925720299002,-93.35860419452347,0.7834579321440001,26.259682255311205,-0.013501610447277887,-55.907160147855,1.119439224098379,0.27357403297861865,-54.30584006186229,-1.317384321663392
2026-06-24T14:33:06.999000,924,0.8264901605707533,75.29544853006861,-1.4589579314831602,-93.20938412431288,1.2819728404842932,26.075148153183466,0.02641835299276822,-55.97989672023355,0.6498096586890322,0.06670245548610296,-54.30584006186229,-0.9608988946283135
2026-06-24T14:33:07.005000,925,1.2038029030448665,75.239065705149,-1.0996802716672012,-93.10013136554096,0.7259360762306084,25.996450900218584,0.3191838032452816,-55.93342619258871,1.1771137546672517,0.47238837635170966,-54.280153396999516,-0.8751124820980073
2026-06-24T14:33:07.015000,926,0.9380908292736267,76.24552304407976,-1.4382817178039486,-93.32396433200017,0.986149094020622,26.237971161122765,-0.01084104161894788,-55.83644120342742,1.0425408329722705,0.5341835829653123,-54.64621767822693,-0.896083176356489
2026-06-24T14:33:07.025000,927,0.8025757315630085,75.45332407236744,-1.1694687373286106,-93.53180636828326,0.7204568238752235,25.695225858758622,0.25530728933505326,-55.82229828233888,0.8557871761092744,-0.2664452799400668,-54.36685364862891,-0.930397741368613
2026-06-24T14:33:07.035000,928,0.5209207051199132,75.45332407236744,-1.4124322877088937,-93.30530967736634,1.2189746733064246,25.931320531502976,0.13554168350728943,-55.80613556380694,0.6607972494907275,0.1284947773040749,-54.2929967294309,-0.6901978332036505
2026-06-24T14:33:07.049000,929,0.5076368132731139,75.28417257050535,-1.704508090071365,-93.28932160833357,1.1861050413559158,25.969314217870316,0.06102003653002514,-55.733396821935976,0.8036064409412496,0.021027486702532745,-54.79071464973479,-0.9990248244729665
2026-06-24T14:33:07.056000,930,0.8690037500058281,75.2644388844938,-1.5907805888436013,-93.66237464500335,1.0217598226942797,25.860764574627545,0.4016900144613293,-56.16578316979774,0.7184688311624462,0.10162867585257748,-54.70401439810539,-1.2049101676258085
2026-06-24T14:33:07.066000,931,0.8530607973339724,75.53508310373509,-1.3012913946890514,-93.50249395467536,0.7752405241563691,25.773923111723505,-0.11730094555134572,-55.69096588917791,0.8255786736474966,-0.33630060546868557,-54.50492722998384,-1.1934719792884327
2026-06-24T14:33:07.076000,932,0.7786613025552638,75.30390625651688,-1.570101599833696,-93.23869367677744,0.6848490362924737,25.689797356749086,0.19941533966364697,-55.943527349298066,1.3611219882784007,-0.10256004172908093,-54.45355045238383,-0.6901978332036505
2026-06-24T14:33:07.086000,933,0.48106332344035146,75.41103846722933,-1.6088729696455848,-93.37991971247166,0.6711523759494579,26.517488022244,-0.19182259252864875,-55.87079077691952,0.7953672222885549,0.13924064092553995,-54.45355045238383,-0.8217349521635586
2026-06-24T14:33:07.100000,934,0.4544926866771323,75.99743377106826,-1.6398900654951054,-93.2253721933457,0.6519794043419649,25.925892029493443,-0.06406956470823076,-55.57377641710549,0.7184688311624462,0.1177489136826099,-54.62373753662892,-0.9647102594608461
2026-06-24T14:33:07.106000,935,0.791948047471645,75.91003827347059,-1.5365006711069473,-93.25734833141131,0.8793257312723776,25.958457213851243,-0.1705294686406286,-56.27084951822499,1.0480346283731181,0.17148111658560475,-54.50492722998384,-1.0867169194195354
2026-06-24T14:33:07.116000,936,0.9380908292736267,75.63939405422929,-1.572685432710924,-93.28132757381715,0.9916283463760119,25.646378082221922,0.029081779574891595,-55.92332286638694,0.7349472684678355,-0.2960000108936437,-54.45997384253676,-1.0371528012375102
2026-06-24T14:33:07.127000,937,1.086889818831083,75.41103846722933,-1.3659094192653112,-93.19072946967906,0.6519794043419649,25.969314217870316,0.0077886556869101705,-55.907160147855,0.44108671801695293,0.14998938934263562,-54.48245053626031,-1.069559636913477
2026-06-24T14:33:07.137000,938,0.7441191894561168,75.5660927493099,-1.2961209536039018,-93.13743781366527,0.5698053244656954,26.020874788486935,0.7210697262584841,-56.137495158128225,0.7569195011740825,-0.07300531077550403,-53.987942587095645,-0.8522361054232627
2026-06-24T14:33:07.149000,939,0.7813203633802428,75.23342621181574,-0.9161643047780376,-93.20938412431288,1.0792787375167634,26.389942992742412,0.11424855961926929,-55.55559390113017,0.9464185812889254,-0.011212988957532066,-54.81319134345832,-1.1477192259389366
2026-06-24T14:33:07.157000,940,0.4358935262498409,75.65067001379256,-1.2909505125187521,-92.99887550242876,0.5698053244656954,26.406222671071603,-0.08802325742454219,-56.16982493417693,0.8887440507200529,0.4697026316452608,-54.34116353589168,-1.0333393894850869
2026-06-24T14:33:07.167000,941,1.0443762293960468,75.48997623837874,-1.8130651502139696,-93.45186602311927,1.010801317983505,25.966598509940695,-0.2450511156178929,-56.086982866104194,0.6580488773417268,0.19297572862412635,-54.34116353589168,-0.7950472106562815
2026-06-24T14:33:07.177000,942,0.5501504027081501,75.91285650658558,-1.347814263132634,-93.68369016295155,0.8245420309912269,26.17555650033679,0.17812507352945892,-56.111229113394515,0.9903600978042556,0.6201562615283328,-54.023266061125035,-1.334541604169454
2026-06-24T14:33:07.187000,943,0.5262359737004053,75.95796337194193,-1.3969237397841288,-93.2253721933457,0.7944134957638671,26.056152766924647,-0.053424431641156095,-55.8121949561371,1.0480346283731181,0.17148111658560475,-54.620527565489695,-1.0333393894850869
2026-06-24T14:33:07.200000,944,0.7813203633802428,75.55199855663162,-1.1591306304890048,-93.28932160833357,0.8957605472476294,25.890614051055724,-0.03479473433529804,-55.97383515841097,0.6745273146471261,-0.09718566752051354,-54.78750467859556,-1.1915662968721665
2026-06-24T14:33:07.208000,945,0.7653774107084258,75.73242601805698,-1.1487925236493988,-93.23602995231978,0.7944134957638671,25.730503837196338,0.17812507352945892,-55.890995259830646,0.605868142173712,0.30581450863864434,-54.71043778825832,-0.7969528930725477
2026-06-24T14:33:07.218000,946,0.8344616369066812,75.5632745161949,-1.0479869621384785,-93.22803591780337,0.8601527596648846,26.221691482793574,-0.03745530316358932,-55.80007400198436,0.8557871761092744,0.08013406381401679,-54.241619951830906,-0.978056177134372
2026-06-24T14:33:07.228000,947,0.8636913344949181,75.57173224264317,-1.254765750914785,-93.0948039166256,1.008063162351264,25.925892029493443,0.1861096377682423,-56.25670442764403,0.7596649244259295,0.38910144249517703,-54.36685364862891,-0.9837752713030616
2026-06-24T14:33:07.238000,948,0.7547497266170623,75.78035414363157,-1.2134105482256585,-93.06016405410229,0.8957605472476294,25.82819939026975,0.5613784414829712,-55.63035027095211,0.38890598284892813,-0.41152742041020207,-54.49529386869168,-1.069559636913477
2026-06-24T14:33:07.248000,949,0.38274939965385923,75.87902560079253,-1.422773169879193,-93.26267578032667,0.9779346271239039,25.78478011574258,0.4735510926103023,-55.901098586032425,0.8557871761092744,0.1338691515126032,-54.59805087176616,-0.9246786471999233
2026-06-24T14:33:07.258000,950,1.0523477057319746,75.92131423303385,-1.3814179671900666,-93.54512785171502,0.6218508691146001,26.07243535910355,-0.01084104161894788,-55.98393848461274,0.7184688311624462,-0.3201803676386532,-54.25125331312306,-0.9094270471101311
2026-06-24T14:33:07.268000,951,0.9752891501282095,75.4617817988157,-1.285782846764296,-93.40923212607956,0.8628909152971207,26.275964847490105,-0.21577628524496018,-55.828359844161454,0.9491640045407724,0.18491560970914925,-55.079712040624955,-1.0371528012375102
2026-06-24T14:33:07.278000,952,0.9008896553495007,76.04817710265462,-1.3710770850197673,-93.36659822903988,0.6245890247468411,26.170127998327246,-0.06406956470823076,-55.97181536096758,0.770649566330471,0.2305876936970888,-54.39896370364461,-0.9380225179535654
2026-06-24T14:33:07.289000,953,0.7600621421279724,75.53226184351684,-1.3814179671900666,-93.70500854204307,0.7040220078999666,26.11856742771063,0.16747994046238426,-55.76572442849226,1.2292944898352764,0.19566147333061426,-54.60126084290539,-1.0390584836537764
2026-06-24T14:33:07.299000,954,0.7547497266170623,75.59428718887295,-1.7200166379961206,-93.33728581543194,0.802630903751493,25.619241399873655,0.2313535966187418,-55.967773596588394,0.6800211100479737,0.042522098741054344,-54.15491970020151,-1.0333393894850869
2026-06-24T14:33:07.309000,955,0.706920868601534,75.36311034165475,-1.3969237397841288,-93.12144974463246,0.8190657197267449,25.711508450937522,-0.22642141831203486,-55.862709417653555,0.4630560018260361,0.023713231408981565,-54.161343090354436,-0.720698986463351
2026-06-24T14:33:07.319000,956,0.8318054291512454,75.68450091958563,-1.3064590604435076,-93.69434792192563,0.9258890824749944,25.985593896199507,0.14352624774607284,-55.77178599031484,0.9436731580370785,0.2493965610292007,-54.14207636777013,-0.9532720711234702
2026-06-24T14:33:07.329000,957,0.457148894432568,75.63939405422929,-1.572685432710924,-93.3745922635563,0.632806432734472,25.78478011574258,0.17812507352945892,-55.816236720516294,0.7486802825213879,0.15267513404908442,-54.562727397736765,-1.0714653193297434
2026-06-24T14:33:07.339000,958,1.1294034082661577,75.14039424798806,-1.8027270433743638,-93.3745922635563,1.1669320697484178,25.985593896199507,0.324507798655735,-56.097086192305966,0.979375455899704,0.4213419181552027,-54.69117106567401,-0.9494607062909377
2026-06-24T14:33:07.353000,959,1.0656315975787738,75.4194961936776,-1.1875611181306036,-93.0681580886187,0.802630903751493,25.96388571586078,0.20739990390243038,-55.99201984387871,1.2045768338771825,0.07476257440108006,-54.53061734272107,-0.886550670435383
2026-06-24T14:33:07.360000,960,0.7892918397161707,75.53226184351684,-0.9575222827978573,-93.46252378209334,1.0409327943017725,25.730503837196338,-0.3861127030875477,-56.046573900281935,0.701990393857057,-0.062259447154039006,-54.3443735070309,-1.052402354407415
2026-06-24T14:33:07.370000,961,0.24723715501278434,75.57455047575817,-1.2625200248771626,-93.17740798624727,0.7944134957638671,26.354662100454988,0.0077886556869101705,-55.99201984387871,1.026062395666881,-0.05957370244755109,-54.44713051010538,-0.8808315762666968
2026-06-24T14:33:07.380000,962,0.6006354684791141,75.70705283871219,-1.3529847042177836,-93.32129774639917,1.0409327943017725,25.988309604129135,-0.24239054678960162,-56.030409012257586,0.3971452015016228,0.27088828827213074,-54.418230426228924,-0.9323034237848793
2026-06-24T14:33:07.390000,963,0.9221478766018099,75.25598115804553,-1.2961209536039018,-93.38791374698803,0.6218508691146001,26.213550186704126,0.12223312385805267,-55.917261304564356,0.9107162834263,0.34611510321368627,-53.987942587095645,-0.7607326456441575
2026-06-24T14:33:07.400000,964,0.879634287166735,75.5632745161949,-1.0867583319503673,-93.20671753871184,0.5095453129200628,26.01815908055731,-0.08003869318579752,-55.97585712534678,0.8667747669109698,-0.032704716200462114,-54.11638625503288,-0.5929752792558592
2026-06-24T14:33:07.411000,965,0.9620052582813715,75.7437050047235,-1.7949727694119861,-93.28132757381715,0.808110156106878,25.82819939026975,-0.021486174686061274,-55.76572442849226,1.2512667225415135,-0.12136602426556216,-55.12466887594651,-0.8045776696575001
2026-06-24T14:33:07.420000,966,0.6218908366618798,75.75216273117177,-1.208240107140509,-93.64371999036953,0.9779346271239039,26.020874788486935,0.042387481470296265,-56.046573900281935,0.6525580308380329,-0.3174946229322044,-54.07143286758581,-1.1286562610166118
2026-06-24T14:33:07.431000,967,0.6059478839900242,75.84237646188446,-1.735525185920876,-93.43321422962879,0.6958045999123407,26.121283135640255,0.20739990390243038,-56.06475858574968,0.9024770647735953,-0.062259447154039006,-54.37006361976814,-0.8941754470203355
2026-06-24T14:33:07.441000,968,0.8371206977316988,75.46742129214896,-1.2961209536039018,-93.58776460989809,0.34793824989066774,25.64094958021238,0.005128086858580163,-55.838463170363234,0.7624103476777764,-0.008524359455452598,-54.22556320038582,-0.8350788229172007
2026-06-24T14:33:07.452000,969,0.9088611316854286,75.66194597335584,-1.3710770850197673,-92.94291726081397,0.5971986451517222,25.65451937831137,0.27393698664091126,-55.682884529911945,0.46854979722688384,-0.25569941631860177,-54.32189681330737,-0.9246786471999233
2026-06-24T14:33:07.461000,970,0.8557198581589902,75.53226184351684,-1.7562013996000878,-93.61707416236264,0.8848049836277625,26.126708723800082,0.4495973998939909,-56.12739400141887,0.8997316415217583,0.088194182729033,-54.2062964778015,-0.9151461412788173
2026-06-24T14:33:07.471000,971,0.5421789263722223,75.73242601805698,-1.4977293012950585,-93.0681580886187,1.2299302369262914,25.953031625691416,-0.19448316135694002,-55.87079077691952,0.4960128764368147,0.09087992743552091,-54.581994120321085,-1.0771844134984294
2026-06-24T14:33:07.481000,972,0.9221478766018099,75.66758546668909,-1.4150188959168153,-93.2839941594182,0.6218508691146001,25.578534919426403,-0.11730094555134572,-55.78997067578259,0.9326855672353831,-0.0380790904089904,-54.06500947743289,-1.0752787310821632
2026-06-24T14:33:07.491000,973,0.9008896553495007,75.32646120274667,-1.2495953098296257,-93.50516054027639,0.9478031508056362,25.936749033512513,-0.09867124824548767,-55.60206442877501,0.5317151742994503,-0.021958852578997087,-54.50814064899754,-0.8217349521635586
2026-06-24T14:33:07.506000,974,1.001862639960972,75.24470519848225,-1.3969237397841288,-93.45452974757694,0.5232419732630786,25.651806584231455,-0.03479473433529804,-55.618229316799365,0.8338178923001912,-0.3389863501751344,-54.3283202034603,-1.1305619434328782
2026-06-24T14:33:07.511000,975,0.9221478766018099,75.51816765083856,-1.7200166379961206,-93.50249395467536,0.7396297954827165,25.68437176858926,0.6225943865648697,-55.529325686904045,0.9107162834263,0.37566983416722405,-54.07785280986427,-0.9342091062011455
2026-06-24T14:33:07.522000,976,0.43854973400527664,75.44204811280416,-1.3865856329445228,-93.50782426473405,0.7807168354208512,26.07243535910355,0.1568319496414775,-55.967773596588394,0.5893897048683127,0.0022215041660124247,-54.33474014573875,-0.9113327295263974
2026-06-24T14:33:07.532000,977,0.47575090792944136,75.79163010319485,-1.6269653504475778,-93.33195836651657,0.8930223916153884,26.430646559339955,0.06368060535831642,-55.90917994529839,0.6580488773417268,0.27357403297861865,-54.08748617115642,-0.9342091062011455
2026-06-24T14:33:07.542000,978,1.086889818831083,75.32927943586168,-1.8466688542714118,-93.09214019216789,0.9450649951733952,26.41979246917059,0.26595528015599873,-56.14557868688661,0.6745273146471261,0.06938820019255178,-54.32189681330737,-0.9628045770445798
2026-06-24T14:33:07.557000,979,0.722863821273351,75.27289661094207,-1.8776831747902294,-93.13210750360656,0.8683701676525106,25.87975996088636,0.042387481470296265,-56.31327828149064,0.8695201901628167,-0.005838614748964683,-54.283363368138744,-0.968523671213266
2026-06-24T14:33:07.562000,980,0.9168326080213177,75.14321248110306,-1.7665422817703966,-93.47584812666847,1.0354535419463877,26.237971161122765,0.36442776209574235,-56.046573900281935,1.1359176614037685,0.055953707069007284,-54.9320016501034,-0.9399282003698317
2026-06-24T14:33:07.572000,981,0.5687495631354414,75.38848352099954,-1.0919259977048235,-93.66503836946106,0.45476455372982005,26.313955620007736,-0.2450511156178929,-56.37591369715983,0.6690364681434322,-0.10793153114201766,-53.84665558672702,-1.0829035076671156
2026-06-24T14:33:07.582000,982,0.7388067739452067,75.70705283871219,-1.2961209536039018,-93.34794357440602,0.9971075987313969,25.890614051055724,0.5347641799383298,-55.78997067578259,0.32573765687920797,0.49119724368382156,-54.51777401028969,-0.7226046688796173
2026-06-24T14:33:07.593000,983,0.7281762367842611,75.45050583925243,-0.9549356745899263,-93.29198819393457,0.791675340131626,25.991022398209047,-0.06939356011868414,-55.88695349545145,0.8063548130902504,0.10968879476759369,-54.270520035707364,-1.052402354407415
2026-06-24T14:33:07.603000,984,0.8663475422503537,75.50125219794202,-0.8929042582215977,-93.39058033258907,0.6738934726726067,25.716936952947062,-0.11730094555134572,-55.943527349298066,1.004093111857798,0.25745379514858624,-54.79071464973479,-1.0238068835639809
2026-06-24T14:33:07.613000,985,0.4438650025857301,75.80854555609139,-1.1306973675167218,-93.11345571011609,0.8930223916153884,25.60024601361484,0.29523011052893144,-55.82229828233888,0.6745273146471261,-0.08643980389904853,-54.1902431742309,-1.0447775778224626
2026-06-24T14:33:07.623000,986,0.7281762367842611,75.10656334219497,-1.3348923234158,-93.31063998742505,0.4164156694239263,25.65451937831137,-0.46595548772143325,-55.878872136185485,0.7129779846587523,0.2682025435656819,-54.47924056512108,-1.1210314844316593
2026-06-24T14:33:07.633000,987,0.9752891501282095,75.49561270460876,-1.6373034572871836,-93.33462209097428,0.7040220078999666,25.836340686359197,0.17812507352945892,-56.25064286582145,0.6525580308380329,0.06670245548610296,-54.60126084290539,-0.8522361054232627
2026-06-24T14:33:07.644000,988,0.720204760448372,75.55199855663162,-1.833744139223875,-93.36659822903988,0.8601527596648846,26.007304990387947,0.39104488139425464,-55.67682296808937,0.4658043739750369,-0.08643980389904853,-53.91729908691133,-0.781701292982752
2026-06-24T14:33:07.657000,989,1.0656315975787738,75.35465261520648,-1.2340867619048703,-93.44387198860287,0.9231509268427533,25.80648829608131,0.17812507352945892,-55.981918687169355,0.8777594088155114,0.04520784344754226,-54.35722028733676,-1.0314337070688206
2026-06-24T14:33:07.663000,990,0.9062049239299542,75.43077215324088,-1.1487925236493988,-92.6977716375499,0.6492412487097239,25.991022398209047,-0.21577628524496018,-55.77178599031484,0.6690364681434322,0.3246233759707171,-54.65906101065832,-1.069559636913477
2026-06-24T14:33:07.673000,991,0.8158624764793898,74.90921740076985,-1.4951454684178305,-93.61174385230393,0.38902528982880247,26.24882816514184,-0.00019590855187321592,-55.79603223760517,0.6196011562272543,0.31656325705574,-54.45355045238383,-0.7569192338917377
2026-06-24T14:33:07.684000,992,0.985919687289155,75.48433674504548,-1.345230430255406,-93.55845219629015,0.654717559974206,25.999163694298495,-0.3435264553115074,-55.759662866669686,0.9217009253308416,0.47238837635170966,-54.62373753662892,-1.1362810376015642
2026-06-24T14:33:07.702000,993,1.0071750554718821,75.57455047575817,-1.4589579314831602,-93.43321422962879,0.5451560415937154,26.13213722580962,0.4416128356552075,-56.11729067521709,0.789876375784861,0.5073145967182233,-54.6719043430897,-1.3021347684934872
2026-06-24T14:33:07.704000,994,1.3180597795031757,75.98051831817172,-0.9678603896374632,-93.33462209097428,0.9971075987313969,25.773923111723505,-0.28497393681177113,-55.86068745071775,0.9985993164569502,-0.17509822716851792,-53.96867931238582,-1.00093255380912
2026-06-24T14:33:07.714000,995,0.7388067739452067,75.39694124744781,-1.4331112767187988,-92.86031319119228,1.2381476449139175,26.346520804365536,-0.15456034016306183,-55.86068745071775,0.8393116877010389,-0.09181129331198526,-54.08427620001719,-0.7187933040470847
2026-06-24T14:33:07.724000,996,1.036404753060119,75.44486634591917,-1.200485833178131,-93.66503836946106,0.630068277102231,25.89332684513564,0.0077886556869101705,-56.086982866104194,0.7596649244259295,0.1123745394740816,-54.32189681330737,-1.0409641660700428
2026-06-24T14:33:07.734000,997,0.964661466036846,75.68731915270065,-1.016969866288958,-93.30264595290868,0.969717219136273,25.597530305685215,0.29523011052893144,-55.8465445296292,0.8914924228690537,0.13924064092553995,-54.19345314537012,-1.1915662968721665
2026-06-24T14:33:07.752000,998,0.613919360325952,75.67322496002237,-1.7200166379961206,-93.1267800546912,0.8628909152971207,26.183697796426237,0.03972691264200499,-55.8465445296292,0.9326855672353831,-0.23957917848860844,-54.469607203828915,-1.069559636913477
2026-06-24T14:33:07.754000,999,0.8849467026776451,75.498433964827,-1.4873911944554528,-93.05217001958589,0.6191097723914561,25.936749033512513,0.4708876660281402,-55.77178599031484,0.7679041430786241,0.18760135441559805,-54.60126084290539,-0.6768539624500084
2026-06-24T14:33:07.765000,1000,0.8264901605707533,75.65348824690757,-1.228919096150414,-93.00953612254621,0.6821108806602327,26.077860947263378,0.01843664650781693,-55.77178599031484,0.814594031742945,0.012967367787516544,-54.996225208009264,-0.7893281164875918
2026-06-24T14:33:07.775000,1001,1.0550039134874103,75.54635906329837,-1.259933416669241,-93.46252378209334,0.5889812371640912,26.256969461231293,0.1062639953804859,-55.65863828262162,0.6141073608264066,0.3488008479201351,-54.71043778825832,-0.995213459640434
2026-06-24T14:33:07.785000,1002,0.5926639921431862,75.58300820220643,-1.3917560740296726,-93.76629423257323,1.1011928058474052,25.79292141183203,0.12489369268634395,-55.695007653557106,0.6910057519525153,-0.13211188788702719,-54.63658431693478,-1.0714653193297434
2026-06-24T14:33:07.804000,1003,1.163945521365266,75.2108742926892,-1.5390845039841754,-93.75030616354044,0.9916283463760119,25.733216631276253,0.09029486690295786,-55.695007653557106,1.0233169724150342,0.05864233657108675,-54.31868684216815,-1.2868831684036914
2026-06-24T14:33:07.805000,1004,0.5607780867995136,75.59428718887295,-1.3348923234158,-92.98555401899702,0.2739845190929271,26.346520804365536,0.09561886231341124,-56.097086192305966,0.7184688311624462,0.16342099767058854,-54.61089420419754,-0.8331731405009344
2026-06-24T14:33:07.815000,1005,0.8902619712580986,75.84519469499946,-1.107434545629579,-93.46519036769439,0.8957605472476294,25.56496512132741,0.04771147688074964,-56.00818473190307,0.4850282345322731,0.2520823057356495,-54.09711953244857,-1.0161821069790284
2026-06-24T14:33:07.825000,1006,0.6883188551046994,75.4194961936776,-1.376247526104917,-93.42788391957004,0.5314593812507046,25.96388571586078,-0.31957276259519596,-56.00818473190307,1.3913304907401884,0.4186561734487539,-54.434283729799525,-0.5853484557510195
2026-06-24T14:33:07.836000,1007,1.2011466952894307,75.47587901859723,-1.259933416669241,-93.59042833435575,0.5670671688334544,25.795634205911945,-0.10133181707381768,-55.84452473218581,0.322992233627361,0.10700016526551422,-54.40538364592307,-1.117218072679236
2026-06-24T14:33:07.853000,1008,1.0337456922351012,75.30954574985014,-1.6295519586554994,-93.01752729591924,0.5999368007839632,25.575822125346487,0.22336903237995842,-55.86068745071775,0.9491640045407724,0.4052216803252094,-54.0328994224172,-0.9323034237848793
2026-06-24T14:33:07.856000,1009,0.6272061052423332,75.58582946242468,-1.285782846764296,-93.0948039166256,0.7396297954827165,26.042582968825663,-0.04277929857408143,-56.19406901197484,0.9683908139951625,0.015653112493965362,-54.957691762840646,-1.0066516479778096
2026-06-24T14:33:07.866000,1010,0.5634342945549881,75.29544853006861,-1.2702742988395404,-93.48117843672716,0.6711523759494579,25.7413579273657,0.03706634381367498,-56.19406901197484,1.16612911276271,-0.2180874512456393,-54.52098398142892,-1.0638405427447875
2026-06-24T14:33:07.876000,1011,0.8025757315630085,75.81700328253964,-1.1487925236493988,-93.1267800546912,1.0518883579216396,25.923179235413528,0.22869302779045053,-55.64247339459727,0.7239626265632939,0.26014242465066567,-54.37327359090737,-0.903707952941445
2026-06-24T14:33:07.886000,1012,0.5607780867995136,75.64221228734431,-1.567517766956468,-93.39590778150443,0.8930223916153884,26.13213722580962,0.13820225233561945,-55.74147818120194,1.075497707583059,0.19566147333061426,-54.80034801102694,-0.9704293536295322
2026-06-24T14:33:07.904000,1013,0.5315483892113154,75.51816765083856,-1.0376488552988725,-93.46252378209334,0.5999368007839632,26.00187648837841,0.0690046007687698,-55.74147818120194,1.0590192702776597,0.5476151912932652,-54.32189681330737,-1.0142764245627622
2026-06-24T14:33:07.906000,1014,0.7706898262193359,75.50970992439028,-1.5365006711069473,-93.35327388446477,0.5862401404409473,26.191839092515686,0.0716651695970998,-55.87483037180629,0.44108671801695293,0.15267513404908442,-54.742547843274004,-0.9837752713030616
2026-06-24T14:33:07.917000,1015,0.6032916762345885,75.50970992439028,-1.1306973675167218,-93.03884567501076,0.6958045999123407,26.213550186704126,0.2845849774618568,-55.87483037180629,0.5509419837538403,0.4428365301937634,-54.549884065305385,-0.9265843296161896
2026-06-24T14:33:07.927000,1016,1.0789183424951552,75.55199855663162,-1.141038249687021,-93.19605977973777,0.5588497608458285,25.82819939026975,0.16747994046238426,-55.747539743024525,0.5069975183413563,0.2520823057356495,-54.66548440081125,-0.9532720711234702
2026-06-24T14:33:07.937000,1017,0.7733488870443537,75.51252815750529,-1.2134105482256585,-92.99887550242876,0.8272831277143758,25.752214931384778,0.1568319496414775,-55.7576430692263,1.0645130656785173,-0.17509822716851792,-54.44391709109168,-0.652071903358994
2026-06-24T14:33:07.956000,1018,0.9832606264641373,75.57173224264317,-1.3710770850197673,-93.17740798624727,0.7533264558257323,25.966598509940695,0.22336903237995842,-55.7576430692263,0.9601515953424677,0.6147818873198045,-54.10033295146228,-1.1553460494437797
2026-06-24T14:33:07.958000,1019,0.7308352976092789,75.82264277587291,-1.3840018000672947,-93.1267800546912,0.7396297954827165,25.931320531502976,0.12489369268634395,-55.83240160854065,1.259505941194208,0.04520784344754226,-53.99436597724857,-0.8808315762666968
2026-06-24T14:33:07.967000,1020,0.7946042552270807,75.82264277587291,-1.55976349299409,-92.6897776030335,1.0847579898721484,25.79292141183203,0.4016900144613293,-55.94958891112064,0.9217009253308416,0.042522098741054344,-54.549884065305385,-0.8579551995919488
2026-06-24T14:33:07.977000,1021,0.4916938606012583,75.68731915270065,-1.6889995421466095,-93.29465191839228,0.6026749564162043,25.526974348809787,0.26595528015599873,-55.31717319260614,1.0700068610793652,-0.12405176897201098,-54.34116353589168,-0.8941754470203355
2026-06-24T14:33:07.987000,1022,0.3694655078070213,75.498433964827,-0.5879065161422925,-93.26800609038537,0.6492412487097239,25.974739806030144,0.1488473854026941,-55.82229828233888,0.7349472684678355,0.055953707069007284,-54.62373753662892,-0.8751124820980073
2026-06-24T14:33:07.998000,1023,0.5740648317158948,75.48997623837874,-1.3736636932276889,-93.50516054027639,0.6738934726726067,25.68437176858926,-0.04277929857408143,-55.70915057464565,1.0452892051212712,0.055953707069007284,-54.34116353589168,-0.8998945411890217
2026-06-24T14:33:08.008000,1024,0.9938911636250828,75.95514513882692,-1.2806124056791464,-93.47318440221076,0.5095453129200628,26.289534645589093,-0.0055170462084945015,-56.012224326789834,0.3971452015016228,-0.14554638101057166,-54.02005608998582,-1.0142764245627622
2026-06-24T14:33:08.018000,1025,0.858376065914426,75.22215025225246,-1.7846346625723801,-93.08414615765149,0.9368475871857642,25.996450900218584,0.0716651695970998,-55.74955954046791,0.814594031742945,-0.29331426618719486,-54.68474767552108,-0.9799618595506383
2026-06-24T14:33:08.028000,1026,0.8052347923880263,75.88748332724079,-1.1306973675167218,-93.50249395467536,1.0738024262522814,26.31124282592782,0.3138598078347895,-55.74955954046791,0.8914924228690537,0.46432825743673256,-54.8292480949034,-0.9399282003698317
2026-06-24T14:33:08.039000,1027,0.7388067739452067,75.87338610745927,-1.6398900654951054,-93.19872350419543,0.5205038176308376,26.08871795128245,0.34313749596159304,-56.0546552595479,0.9107162834263,0.30581450863864434,-54.752181204566156,-0.8713011172654782
2026-06-24T14:33:08.048000,1028,0.8955772398385906,75.3180034762984,-1.7432794598832537,-93.22803591780337,0.9341064904626203,25.985593896199507,-0.03479473433529804,-56.032430979193386,0.9546577999416201,-0.032704716200462114,-54.34116353589168,-1.2220674501318671
2026-06-24T14:33:08.058000,1029,0.9752891501282095,76.04254063642459,-1.4460359917663264,-93.05217001958589,0.7971516513961081,26.411651173081143,0.0077886556869101705,-56.032430979193386,0.6607972494907275,0.4831371247688053,-54.65906101065832,-1.0142764245627622
2026-06-24T14:33:08.069000,1030,0.930119352937699,75.80854555609139,-1.2237486550652643,-93.65438061048698,0.9286301791981383,26.183697796426237,-0.0028564773802032236,-55.943527349298066,0.4877736577841201,0.4428365301937634,-54.08427620001719,-1.0943416960044914
2026-06-24T14:33:08.079000,1031,0.7175485526928976,75.52380411706858,-1.3426465973781778,-93.11079198565838,0.7861960877762362,25.60838730970429,0.41233514752840394,-55.79199047322597,0.42460828071155365,0.22790194899063998,-54.280153396999516,-0.7893281164875918
2026-06-24T14:33:08.089000,1032,0.9752891501282095,75.4730607854822,-1.3736636932276889,-93.42788391957004,0.9039779552352604,25.592104717525388,0.21272389931288374,-55.82431807978226,0.701990393857057,0.1177489136826099,-54.280153396999516,-0.978056177134372
2026-06-24T14:33:08.099000,1033,0.6218908366618798,75.78881187007984,-1.3969237397841288,-93.14809557263935,0.7259360762306084,25.97745260011006,0.1914307754248636,-56.10920931595113,0.4850282345322731,0.1983472180370631,-54.280153396999516,-1.0638405427447875
2026-06-24T14:33:08.109000,1034,0.6564358028305701,75.50125219794202,-1.5287463971445696,-93.14543184818169,1.1011928058474052,25.57039362333695,0.03972691264200499,-55.85260609145178,1.0809915029839066,0.4213419181552027,-54.57236075902892,-0.8751124820980073
2026-06-24T14:33:08.119000,1035,0.7999195238075342,75.80008782964312,-1.4331112767187988,-93.33728581543194,0.34793824989066774,26.020874788486935,0.3564431978569977,-55.89503702420985,1.0370499864685765,0.0022215041660124247,-54.60126084290539,-0.930397741368613
2026-06-24T14:33:08.130000,1036,0.8105472078989363,75.50689169127527,-1.5520092190317123,-93.81958874973036,0.5807638291764653,25.80920109016122,0.24998615167843194,-55.854625888895164,0.9381793626362308,0.10162867585257748,-54.44713051010538,-1.1229371668479258
2026-06-24T14:33:08.140000,1037,0.6272061052423332,75.91849599991885,-1.5907805888436013,-93.03085164049436,0.8738464789169926,26.259682255311205,-0.18649859711815664,-56.03647057408016,0.9601515953424677,0.31656325705574,-54.76502798487203,-1.0848112370032692
2026-06-24T14:33:08.150000,1038,0.8743190185862816,75.40539897389608,-1.4072646219544376,-93.45986005763564,0.6766316283048478,25.754927725464693,0.0716651695970998,-56.280950674934346,0.789876375784861,0.14998938934263562,-54.10996631275443,-1.008557330394076
2026-06-24T14:33:08.160000,1039,0.5209207051199132,75.18550111334439,-1.4176027287940434,-93.39857436710548,1.1231068741780421,26.061578355084475,0.1461868165743641,-55.87483037180629,0.7157234079105993,-0.2019672134156069,-54.64621767822693,-1.046683260238729
2026-06-24T14:33:08.170000,1040,0.5634342945549881,75.17140389356287,-1.2831962385563744,-93.22004188328695,0.5478941972259564,25.611100103784203,0.08497372924633657,-56.12941379886226,0.9381793626362308,0.10700016526551422,-54.23840998069168,-0.9856809537193278
2026-06-24T14:33:08.180000,1041,0.6697196946773694,75.32927943586168,-1.0712497840256117,-93.42255647065467,0.7642820194455993,25.611100103784203,0.06102003653002514,-55.88291390056468,1.1084545821938376,-0.10524578643552975,-54.33153017459952,-0.9551798004596274
2026-06-24T14:33:08.190000,1042,0.8052347923880263,75.39694124744781,-1.4382817178039486,-93.55578847183249,0.6958045999123407,25.513404550710796,0.25264672050676196,-56.060716821370484,0.5866442816164658,0.012967367787516544,-54.54346067515245,-0.8407979170858868
2026-06-24T14:33:08.200000,1043,0.8132062687239154,75.82264277587291,-1.570101599833696,-93.45452974757694,0.5561116052135875,25.63552399205256,0.0716651695970998,-55.79603223760517,0.9217009253308416,0.37835557887371196,-54.83888145619555,-1.2868831684036914
2026-06-24T14:33:08.211000,1044,0.8769752263417173,75.51816765083856,-1.2495953098296257,-93.08147957205048,0.8957605472476294,26.30853003184791,0.1488473854026941,-56.09304442792677,0.6607972494907275,0.023713231408981565,-54.59483745275246,-0.9227709178637697
2026-06-24T14:33:08.221000,1045,0.8025757315630085,75.97487882483846,-1.4977293012950585,-93.49716650575999,0.42189492177931126,26.30853003184791,0.40967457870011265,-55.84048296780662,0.5866442816164658,-0.4330191476531712,-54.52419395256815,-1.0238068835639809
2026-06-24T14:33:08.231000,1046,0.613919360325952,75.78881187007984,-1.7200166379961206,-93.36393164343885,1.161452817393033,25.82819939026975,-0.045439867402372706,-55.71521213646823,1.0233169724150342,0.20640733695207927,-54.244829922970126,-1.1153123902629698
2026-06-24T14:33:08.241000,1047,0.5607780867995136,75.38566528788454,-1.5080674081346643,-93.3745922635563,1.2052780129634086,25.936749033512513,0.01843664650781693,-56.05263546210451,0.789876375784861,0.1284947773040749,-54.21271986795444,-1.1744090143661081
2026-06-24T14:33:08.251000,1048,1.0470324371514825,75.48997623837874,-1.2754419645939965,-93.32396433200017,0.8628909152971207,25.540544146908772,0.05037204570907965,-55.71925390084743,0.8997316415217583,0.010281623081028628,-54.40538364592307,-0.8407979170858868
2026-06-24T14:33:08.261000,1049,0.6325213738227866,75.65630950712583,-1.5881939806356795,-92.95357788093138,0.282201927080558,26.029016084576387,0.4442734044834988,-56.0283892148142,0.7569195011740825,-0.04882495403049452,-54.04895617386228,-0.5453147965702094
2026-06-24T14:33:08.271000,1050,0.7016056000210806,75.57173224264317,-1.453790265728704,-93.2253721933457,0.3178097146633028,26.029016084576387,0.010452082269033542,-55.84048296780662,0.5619266256583818,0.33268349488573334,-54.07143286758581,-0.9380225179535654
2026-06-24T14:33:08.282000,1051,1.142690153182539,75.19677707290766,-1.3064590604435076,-92.98821774345468,1.0354535419463877,25.868905870717,-0.2450511156178929,-56.16982493417693,0.6168527840782536,-0.0703195660690552,-54.40538364592307,-1.1057798843418638
2026-06-24T14:33:08.292000,1052,0.7600621421279724,75.86211014789599,-1.107434545629579,-93.08947360656686,0.9971075987313969,25.836340686359197,-0.021486174686061274,-56.0546552595479,1.1578898941100153,0.06670245548610296,-54.5338273138603,-1.113406707846707
2026-06-24T14:33:08.302000,1053,0.6644072791664593,75.70705283871219,-1.6786614353069942,-93.0681580886187,0.5451560415937154,25.727791043116426,0.26595528015599873,-55.38991193447711,1.026062395666881,0.03446197982607724,-54.392540313491686,-1.244943826806615
2026-06-24T14:33:08.312000,1054,0.9008896553495007,75.91849599991885,-1.4796369204930748,-93.65438061048698,0.5150245652754477,26.21626298078404,-0.09600782166332557,-55.8768523387421,0.6964995473533631,0.4589567680237958,-54.421440397368144,-0.9914000478880141
2026-06-24T14:33:08.322000,1055,0.6590920105860059,75.4194961936776,-1.5416711121921065,-93.14276812372398,0.6738934726726067,25.513404550710796,0.13554168350728943,-55.73137702449259,0.8612809715101221,-0.00046424054043639446,-54.569150787889704,-0.9018022705251787
2026-06-24T14:33:08.332000,1056,1.2436602847244669,75.85365242144773,-1.4279408356336492,-93.10546167559967,0.7423708922058604,25.68437176858926,0.31652323441695157,-55.943527349298066,0.5619266256583818,0.010281623081028628,-54.35400686832306,-0.9837752713030616
2026-06-24T14:33:08.342000,1057,0.3960361445702405,75.60556314843623,-1.1306973675167218,-93.56644623080656,0.613633461126974,25.795634205911945,-0.07737812435746752,-55.77986734958081,0.8805048320673583,-0.011212988957532066,-54.469607203828915,-0.8751124820980073
2026-06-24T14:33:08.352000,1058,1.001862639960972,75.2644388844938,-1.6941699832317592,-93.38525002253037,0.5971986451517222,25.388572315289125,-0.056087858223318195,-55.54751037237178,0.512491313742204,-0.18584697558561358,-54.68474767552108,-1.0714653193297434
2026-06-24T14:33:08.363000,1059,0.5501504027081501,75.48997623837874,-1.7742965557327743,-93.14543184818169,0.4136775137916853,25.852623278538097,-0.22110028065541357,-55.62024911424275,0.25982390765764085,0.4428365301937634,-54.51777401028969,-0.930397741368613
2026-06-24T14:33:08.373000,1060,0.7999195238075342,75.41667493345935,-1.2237486550652643,-92.88163157028377,0.7752405241563691,26.237971161122765,0.0716651695970998,-56.024347450435,1.031556191067729,-0.3604809622136951,-54.569150787889704,-1.1744090143661081
2026-06-24T14:33:08.383000,1061,0.9327755606931734,76.05381659598787,-1.3814179671900666,-93.0361819505531,0.8272831277143758,25.76035622747423,0.18078564235778893,-55.87079077691952,1.308941253110386,0.1338691515126032,-54.45355045238383,-0.6844787390349608
2026-06-24T14:33:08.393000,1062,0.7547497266170623,75.5660927493099,-1.208240107140509,-93.41189585053726,0.5478941972259564,25.925892029493443,0.4016900144613293,-55.83240160854065,0.4740435926277315,0.053267962362558464,-54.315473423154444,-1.2335056384692429
2026-06-24T14:33:08.403000,1063,0.38274939965385923,75.3828440276663,-1.616627243607972,-93.49716650575999,0.8190657197267449,25.53782843897915,-0.18383802828986537,-56.301157327337904,1.21007062927803,0.45358239381522847,-54.51777401028969,-0.9151461412788173
2026-06-24T14:33:08.413000,1064,0.685662647349225,75.56045628307989,-1.2806124056791464,-93.26001205586897,1.0244979783265207,25.944890329601968,-0.20246772559572343,-55.66671964188758,0.8036064409412496,0.2305876936970888,-54.456763871397534,-0.7740765163977996
2026-06-24T14:33:08.423000,1065,0.4172943658225496,75.87620736767751,-1.1979020003009029,-93.23869367677744,0.5150245652754477,25.912325145244164,0.005128086858580163,-55.854625888895164,0.9052224880254423,-0.1965928392070786,-54.996225208009264,-1.052402354407415
2026-06-24T14:33:08.433000,1066,0.7706898262193359,75.34055539542496,-1.3323057152078785,-93.32396433200017,0.6766316283048478,26.096859247371906,-0.43668065734850053,-55.68692412479872,1.0370499864685765,-0.6264620016133646,-54.90952495637987,-0.896083176356489
2026-06-24T14:33:08.443000,1067,1.286173874159503,75.52098588395357,-1.4072646219544376,-93.04150939946847,0.4711993697050719,25.798346999991857,0.13287825692512734,-55.68490432735533,0.8612809715101221,0.21715608536917497,-54.581994120321085,-0.886550670435383
2026-06-24T14:33:08.453000,1068,0.8982334475940263,75.62247860133276,-1.3245514412454913,-93.36926195349754,0.7533264558257323,25.923179235413528,-0.045439867402372706,-55.75158150740371,0.5234759556467555,0.21446745586709548,-54.18060981293874,-0.9189595530312372
2026-06-24T14:33:08.464000,1069,0.722863821273351,75.95232387860868,-1.8957783309229064,-93.98213030337273,0.4492853013744351,25.695225858758622,-0.11197695014089235,-55.65055692335565,0.7788887849831657,-0.011212988957532066,-53.97188928352504,-1.1534383201076261
2026-06-24T14:33:08.474000,1070,0.8982334475940263,75.94386917926364,-1.254765750914785,-93.53713381719862,1.0683231738968966,26.11585463363072,0.0690046007687698,-56.00414296752387,1.0864852983847544,-0.12136602426556216,-54.893468204934784,-1.046683260238729
2026-06-24T14:33:08.484000,1071,0.9832606264641373,75.63375456089604,-1.8182355912991193,-93.49183619570124,0.9067161108675015,25.852623278538097,0.18877020659657232,-55.97181536096758,0.3449615174364442,-0.05957370244755109,-54.79071464973479,-0.9075213646938649
2026-06-24T14:33:08.494000,1072,0.7388067739452067,75.80854555609139,-1.4150188959168153,-93.47051781660976,0.8628909152971207,25.80920109016122,0.6225943865648697,-55.87483037180629,1.2540121457933604,0.5449294465867773,-54.19345314537012,-0.8064853989936538
2026-06-24T14:33:08.504000,1073,0.9832606264641373,75.54354083018335,-1.4279408356336492,-93.15608960715575,0.816324623003601,26.110426131621182,0.0317423484032216,-55.996061608257904,0.4905220299331208,0.6255306357368612,-54.39896370364461,-1.1286562610166118
2026-06-24T14:33:08.514000,1074,0.4438650025857301,75.2926302969536,-1.2625200248771626,-93.18540202076369,0.5917193927963322,25.459131186014268,0.18078564235778893,-55.95565047294323,1.0205715491631873,0.07476257440108006,-54.52419395256815,-1.1057798843418638
2026-06-24T14:33:08.524000,1075,0.6537767420055524,75.47587901859723,-1.3865856329445228,-93.37991971247166,0.6711523759494579,26.064294063014103,0.22336903237995842,-55.69096588917791,0.7596649244259295,0.0962543016440492,-54.10033295146228,-0.9323034237848793
2026-06-24T14:33:08.534000,1076,0.5528066104636244,75.55199855663162,-1.4020941808692877,-93.23069964226107,0.8628909152971207,26.056152766924647,0.29256954170064015,-55.618229316799365,0.8393116877010389,0.10162867585257748,-54.66227098179754,-1.4889550998041101
2026-06-24T14:33:08.544000,1077,0.6883188551046994,75.22778974558572,-1.141038249687021,-93.20405381425418,0.986149094020622,26.569048592860614,0.2632918535738366,-56.03647057408016,1.1551444708581684,0.08550843802258418,-53.949412589801504,-0.9094270471101311
2026-06-24T14:33:08.555000,1078,0.5102930210285497,75.47869725171223,-1.3710770850197673,-93.20405381425418,0.6738934726726067,26.00187648837841,0.36709118867790447,-55.450527552702916,0.770649566330471,0.2843227813956752,-54.11638625503288,-0.9189595530312372
2026-06-24T14:33:08.565000,1079,0.5687495631354414,75.55199855663162,-1.3348923234158,-93.21471157322826,0.3232860259277849,25.695225858758622,0.4495973998939909,-55.62024911424275,0.22412160979501533,-0.44376789607026684,-54.21271986795444,-0.9532720711234702
2026-06-24T14:33:08.575000,1080,1.0842336110756472,75.62247860133276,-1.7665422817703966,-93.17474426178958,0.9149335188551274,25.80920109016122,0.17812507352945892,-56.200130573797416,1.1249330194992269,-0.0380790904089904,-54.7264945397034,-1.1477192259389366
2026-06-24T14:33:08.585000,1081,0.7999195238075342,75.46460305903395,-1.4873911944554528,-93.14276812372398,0.802630903751493,26.373660400563512,0.12489369268634395,-56.16578316979774,1.119439224098379,0.21715608536917497,-54.33474014573875,-1.029525977732667
2026-06-24T14:33:08.603000,1082,0.858376065914426,75.67322496002237,-1.4977293012950585,-93.61973788682035,0.5040690016555808,26.444216357438947,-0.2769893725729877,-55.78390911396001,1.1139483775946852,0.088194182729033,-55.11182209564065,-0.8674877055130549
2026-06-24T14:33:08.607000,1083,0.9620052582813715,75.05299875039037,-1.244424868744476,-93.46252378209334,0.630068277102231,26.042582968825663,-0.09867124824548767,-55.893015057274035,1.144156880056473,-0.04882495403049452,-54.51777401028969,-1.1991910734571225
2026-06-24T14:33:08.615000,1084,0.879634287166735,75.48433674504548,-1.4124322877088937,-93.48384216118487,1.153235409405407,25.65451937831137,-0.14923920250644054,-55.86068745071775,1.146905252205474,0.2520823057356495,-54.34116353589168,-0.8560495171756826
2026-06-24T14:33:08.625000,1085,0.7786613025552638,75.5632745161949,-2.1335714402180304,-92.90028336377429,0.9258890824749944,25.944890329601968,0.0716651695970998,-55.907160147855,0.5976289235210174,0.1284947773040749,-54.38290695219952,-0.7302314923844571
2026-06-24T14:33:08.636000,1086,0.9593461974563925,75.89875928680407,-1.3710770850197673,-93.05749746850125,0.7478472034703424,25.540544146908772,-0.27965279915514984,-55.915241507120975,0.2570784844057939,0.031773350323997765,-54.915948346532794,-1.1400944493539842
2026-06-24T14:33:08.653000,1087,0.7706898262193359,75.17422212667788,-1.1487925236493988,-93.31063998742505,0.6985456966354846,25.76035622747423,-0.08536268859625092,-55.71925390084743,0.8173394549947919,0.10700016526551422,-54.36685364862891,-0.8217349521635586
2026-06-24T14:33:08.656000,1088,0.5182644973644774,75.65067001379256,-1.7019242571941369,-93.49183619570124,0.7533264558257323,26.01815908055731,0.0690046007687698,-55.85664785583097,0.40812984340616437,0.6309021251497978,-54.0007893674015,-1.1915662968721665
2026-06-24T14:33:08.666000,1089,1.0470324371514825,75.2644388844938,-1.4382817178039486,-93.55312188623144,1.0847579898721484,25.912325145244164,-0.25569910643883836,-55.98798024899194,0.8942378461209006,0.49388298839027034,-54.174186422785816,-0.9418359297059853
2026-06-24T14:33:08.676000,1090,0.8158624764793898,75.78035414363157,-1.376247526104917,-93.17740798624727,1.0655850182646556,26.232545572962938,0.04771147688074964,-56.10112795668516,0.509745890490357,0.34342935850719836,-54.203086506662274,-0.7683574222291135
2026-06-24T14:33:08.686000,1091,0.706920868601534,75.498433964827,-1.7975566022892142,-93.56378250634886,0.8300212833466168,26.08871795128245,0.715745730847992,-55.917261304564356,0.9766300326478671,0.28163415189363483,-54.3283202034603,-0.84842474059073
2026-06-24T14:33:08.703000,1092,1.062975389823338,75.58300820220643,-0.9885393786473685,-92.9962117779711,0.9012368585121115,26.362803396544436,0.12489369268634395,-56.03849254101597,0.5234759556467555,0.03446197982607724,-54.418230426228924,-0.9018022705251787
2026-06-24T14:33:08.706000,1093,0.5926639921431862,75.71269233204545,-1.5778558737960737,-93.36393164343885,0.3780697262089355,25.95574441977133,0.10360342655219462,-55.915241507120975,0.5866442816164658,-0.25569941631860177,-54.267310064568136,-1.1686899201974184
2026-06-24T14:33:08.717000,1094,0.5368636577917688,75.5660927493099,-1.3348923234158,-93.52647605822455,0.7505883001934913,26.275964847490105,0.27127641781262,-56.00414296752387,0.8585355482582752,-0.04882495403049452,-54.35722028733676,-1.2735392976500495
2026-06-24T14:33:08.727000,1095,0.5953201998986606,75.68731915270065,-1.1823934523761475,-92.98821774345468,0.6766316283048478,26.09414353944228,0.08497372924633657,-56.060716821370484,0.7459348592695408,0.026401860911061035,-54.742547843274004,-1.0219012011477147
2026-06-24T14:33:08.737000,1096,0.9168326080213177,75.9015805470223,-1.8234060323842691,-92.9722296744219,0.961499811148647,25.57039362333695,0.17546450470116765,-56.24660327093468,1.16612911276271,-0.062259447154039006,-54.30905348087599,-0.9914000478880141
2026-06-24T14:33:08.752000,1097,0.9274631451822632,75.62811506756277,-1.1487925236493988,-93.41189585053726,0.7834579321440001,25.985593896199507,0.24466215626797858,-55.907160147855,0.4575651553223422,-0.005838614748964683,-54.52419395256815,-1.029525977732667
2026-06-24T14:33:08.757000,1098,0.7388067739452067,75.73524727827522,-1.5778558737960737,-93.18806574522135,0.8355005357020018,26.50391822414501,0.1861096377682423,-55.4828551592592,1.0370499864685765,-0.08643980389904853,-54.90952495637987,-1.0924360135882252
2026-06-24T14:33:08.767000,1099,0.7414629817006424,75.68731915270065,-1.691583375023828,-93.33728581543194,0.6766316283048478,25.535115644899236,-0.08003869318579752,-56.16982493417693,0.7816371571321664,0.015653112493965362,-54.700804426966165,-1.0219012011477147
2026-06-24T14:33:08.777000,1100,0.858376065914426,75.22215025225246,-1.572685432710924,-93.51315171364944,0.6985456966354846,26.493064133975647,-0.06673299129039285,-56.16982493417693,0.8777594088155114,-0.33630060546868557,-54.585204091460305,-1.1095932960942836
2026-06-24T14:33:08.787000,1101,0.4146353049975319,75.79726959652811,-1.4899750273326808,-93.36926195349754,0.808110156106878,25.72236254110689,-0.35949558378907415,-55.94150755185468,0.6635426727425745,-0.021958852578997087,-54.347586926044606,-0.9418359297059853
2026-06-24T14:33:08.803000,1102,0.9380908292736267,75.41103846722933,-1.7613718406852374,-93.33462209097428,0.6026749564162043,26.335666714196176,-0.1652083309840073,-55.996061608257904,0.6580488773417268,0.04520784344754226,-54.34116353589168,-0.8427056464220405
2026-06-24T14:33:08.808000,1103,0.457148894432568,75.74088374450525,-0.8205319596829603,-93.24668771129384,0.9012368585121115,26.335666714196176,0.324507798655735,-55.67480317064598,0.5866442816164658,-0.0756939402775835,-54.21592983909367,-0.8941754470203355
2026-06-24T14:33:08.818000,1104,0.722863821273351,75.68450091958563,-1.7303547448357264,-93.49183619570124,0.6245890247468411,25.999163694298495,-0.08003869318579752,-56.119312642152906,0.6470642354371852,0.10700016526551422,-54.395750284630914,-0.8789258938504306
2026-06-24T14:33:08.828000,1105,0.6883188551046994,76.03690114309134,-1.46412837256831,-92.9029499493753,0.6766316283048478,26.159273908157882,0.11690912844759929,-55.69096588917791,1.0095869072586456,0.1177489136826099,-54.45355045238383,-0.6768539624500084
2026-06-24T14:33:08.838000,1106,0.9912321028000651,75.7465232378385,-1.4667122054455382,-93.05749746850125,1.0874961455043894,25.974739806030144,-0.3914338407441689,-55.996061608257904,0.4877736577841201,0.28163415189363483,-54.161343090354436,-1.3898248165201654
2026-06-24T14:33:08.852000,1107,0.6590920105860059,75.78035414363157,-1.0815878908652177,-93.41189585053726,0.3616349102336836,25.96388571586078,0.01843664650781693,-56.12941379886226,0.6388250167844906,0.37566983416722405,-54.79392462087401,-0.978056177134372
2026-06-24T14:33:08.858000,1108,0.7786613025552638,75.47587901859723,-1.345230430255406,-93.3745922635563,0.9779346271239039,25.459131186014268,0.24200158743968728,-56.044554102838546,1.0233169724150342,-0.17509822716851792,-54.360430258475986,-1.2525686033915675
2026-06-24T14:33:08.868000,1109,0.9912321028000651,75.81700328253964,-1.3659094192653112,-93.69701450752666,0.654717559974206,25.668089176410355,-0.11730094555134572,-56.31933984331322,1.0123323305104925,0.12312040309554663,-54.19987653552305,-1.0485909895748826
2026-06-24T14:33:08.879000,1110,1.0124903240523742,75.30672751673514,-1.6993376489862153,-93.58509802429704,1.3833198919680607,25.602958807694755,0.3032146747677148,-55.86877097947613,0.5893897048683127,0.16342099767058854,-53.98473261595642,-1.395543910688855
2026-06-24T14:33:08.889000,1111,0.9832606264641373,75.5660927493099,-1.3917560740296726,-93.51315171364944,0.4164156694239263,26.322096916097184,-0.09600782166332557,-55.965753799145006,0.8612809715101221,0.7921045034499655,-54.16776648050736,-0.8427056464220405
2026-06-24T14:33:08.901000,1112,0.964661466036846,75.66194597335584,-1.6217976846931217,-92.8709738113097,0.6492412487097239,25.931320531502976,0.4708876660281402,-56.04859369772532,1.2402820806369719,0.09894004635053712,-54.41180703607599,-0.8941754470203355
2026-06-24T14:33:08.909000,1113,0.9168326080213177,75.498433964827,-1.285782846764296,-93.1587561927568,0.7095012602553565,26.27053634548057,0.16747994046238426,-56.278930877490964,0.8585355482582752,-0.33630060546868557,-54.08748617115642,-0.9856809537193278
2026-06-24T14:33:08.919000,1114,1.1480025686934492,76.04254063642459,-1.2935371207266737,-93.1587561927568,0.4273741741346962,26.01001778446786,-0.407402969221697,-56.135475360684836,1.031556191067729,0.5503038207953447,-53.93335583835643,-1.0409641660700428
2026-06-24T14:33:08.929000,1115,0.8876057635026628,75.47869725171223,-1.4873911944554528,-93.08414615765149,1.0436709499340135,25.744073635295322,-0.0055170462084945015,-55.864729215096936,0.8228332503956496,0.5180633451353189,-54.80034801102694,-1.1095932960942836
2026-06-24T14:33:08.939000,1116,1.0231180081437377,75.32927943586168,-1.5390845039841754,-93.0948039166256,0.7533264558257323,26.18641059050615,0.24466215626797858,-55.88291390056468,0.9903600978042556,0.4831371247688053,-54.48245053626031,-0.7664517398128472
2026-06-24T14:33:08.949000,1117,0.19409302841680268,76.19195845227514,-1.5003131341722866,-92.9109439838917,0.816324623003601,26.208121684694586,-0.30626706069979126,-55.88493369800806,0.7404410638686832,0.04789358815399108,-54.33153017459952,-1.0771844134984294
2026-06-24T14:33:08.960000,1118,1.3419742085109592,75.78035414363157,-1.6502281723347112,-93.45452974757694,0.38080788184117653,25.76306902155414,0.36442776209574235,-56.16982493417693,0.8585355482582752,0.06670245548610296,-54.51135062013677,-1.3326359217531876
2026-06-24T14:33:08.970000,1119,0.635177581578261,76.05381659598787,-1.6631528873822385,-93.29998222845097,0.7259360762306084,26.110426131621182,-0.045439867402372706,-56.15164024870919,0.8695201901628167,0.031773350323997765,-54.08427620001719,-1.1210314844316593
2026-06-24T14:33:08.980000,1120,0.5182644973644774,75.83955822876945,-1.3710770850197673,-93.27333353930075,0.802630903751493,25.94760312368188,0.08497372924633657,-56.351669619361935,0.957403223193467,-0.019273107872509174,-54.76181456585832,-0.8064853989936538
2026-06-24T14:33:08.990000,1121,0.8025757315630085,75.42231442679261,-1.210823940017737,-93.10013136554096,1.008063162351264,25.920466441333616,0.12489369268634395,-56.31933984331322,0.6278403748799489,-0.11599165005699477,-54.30905348087599,-1.1686899201974184
2026-06-24T14:33:09.002000,1122,0.6245498974868975,75.59992365510297,-1.5003131341722866,-93.69168419746795,0.7807168354208512,25.904183849154716,0.24466215626797858,-55.97181536096758,0.957403223193467,-0.0756939402775835,-54.270520035707364,-0.8941754470203355
2026-06-24T14:33:09.011000,1123,0.20737977333318391,75.29544853006861,-1.0454031292612505,-93.02019388152029,0.9258890824749944,26.297675941678545,0.01577321992565483,-55.91928327150016,0.4658043739750369,0.3488008479201351,-54.44713051010538,-1.0104630128103387
2026-06-24T14:33:09.020000,1124,0.6484643264946423,75.1883193464594,-1.4279408356336492,-93.20671753871184,0.12059486405115796,26.126708723800082,0.2606312847455453,-55.73137702449259,0.9107162834263,0.4804484952667259,-54.64942764936616,-0.84842474059073
2026-06-24T14:33:09.031000,1125,1.1054889792583742,75.43922987968915,-1.3840018000672947,-93.24136026237848,0.6711523759494579,25.966598509940695,-0.27965279915514984,-56.032430979193386,0.7404410638686832,0.12043465838905872,-54.21271986795444,-0.9914000478880141
2026-06-24T14:33:09.041000,1126,0.7095770763569698,75.58582946242468,-1.7458632927604818,-93.32396433200017,0.7971516513961081,26.05343997284474,-0.4899091804377834,-56.14153692250742,1.1633836895108631,0.03446197982607724,-54.11317628389366,-0.9570854828758936
2026-06-24T14:33:09.053000,1127,0.6989493922656063,75.78035414363157,-0.9730308307226129,-93.11079198565838,0.4355915821223271,25.936749033512513,0.19675477083531698,-55.747539743024525,0.7953672222885549,0.49388298839027034,-55.16962226339358,-1.0390584836537764
2026-06-24T14:33:09.061000,1128,0.7999195238075342,75.36029210853974,-1.4977293012950585,-93.56378250634886,0.4465471457421941,26.31938412201727,0.10360342655219462,-55.636411832774684,1.0672584889303642,-0.09449992281406472,-54.40538364592307,-1.1763146967823743
2026-06-24T14:33:09.071000,1129,0.6750349632578615,75.7437050047235,-1.5261625642673415,-93.0681580886187,0.40272195017181833,26.099572041451818,0.4735510926103023,-55.97181536096758,0.7514257057732348,0.2789484071871469,-54.31868684216815,-0.6158496090107201
2026-06-24T14:33:09.081000,1130,1.0045188477164464,75.58864769553969,-1.107434545629579,-92.89228932925788,0.4711993697050719,25.936749033512513,0.21804789472333713,-55.68692412479872,0.8118456595939443,-0.24495355269713673,-54.7264945397034,-0.9551798004596274
2026-06-24T14:33:09.091000,1131,0.7095770763569698,75.38566528788454,-1.4899750273326808,-93.23602995231978,0.6245890247468411,26.21626298078404,0.19941533966364697,-55.85664785583097,1.001347688605951,0.2467079315271212,-54.55630745545831,-1.008557330394076
2026-06-24T14:33:09.102000,1132,0.9620052582813715,75.52380411706858,-1.3245514412454913,-93.23069964226107,0.5698053244656954,26.2433996631323,0.15949537622360088,-55.890995259830646,1.2979536623086905,0.012967367787516544,-54.23198659053875,-0.9875866361355942
2026-06-24T14:33:09.112000,1133,0.7175485526928976,75.82264277587291,-1.019553699166186,-93.44387198860287,0.6492412487097239,25.898755347145176,-0.20513115217788552,-55.915241507120975,0.9903600978042556,-0.019273107872509174,-54.54667409416616,-0.9189595530312372
2026-06-24T14:33:09.122000,1134,1.0310894844796656,75.37438630121802,-1.3142133344058855,-93.67036867951977,0.49037234131256985,25.958457213851243,-0.01616503702943999,-55.94150755185468,0.9711362372470094,0.2359620679056562,-54.315473423154444,-1.0485909895748826
2026-06-24T14:33:09.132000,1135,0.6325213738227866,75.70987409893043,-2.006921999273442,-93.67036867951977,0.7807168354208512,26.08871795128245,0.13287825692512734,-55.711170372089036,0.7239626265632939,-0.3389863501751344,-54.62695095564263,-0.6577889506077929
2026-06-24T14:33:09.142000,1136,0.8477483818230624,75.48997623837874,-1.3710770850197673,-93.19605977973777,1.2271920812940504,26.061578355084475,0.21006333048459247,-55.85260609145178,0.25982390765764085,-0.15360649992558786,-54.50492722998384,-0.8217349521635586
2026-06-24T14:33:09.153000,1137,0.7308352976092789,75.65348824690757,-1.7846346625723801,-93.29465191839228,0.8409768469664839,25.695225858758622,0.26595528015599873,-56.16780296724112,0.3669337501426912,0.3568609668351513,-54.177396393925044,-1.2296922267168229
2026-06-24T14:33:09.162000,1138,0.985919687289155,75.34055539542496,-1.5571768847861684,-93.39590778150443,1.1011928058474052,26.34109521620571,-0.026810170096514655,-55.75158150740371,0.7074841892579047,0.7007574506784167,-54.52098398142892,-1.0028382362253863
2026-06-24T14:33:09.172000,1139,0.8450921740676267,75.21651075891921,-1.2134105482256585,-93.75830019805682,0.8711083232847516,26.28139334949964,0.23933816085752518,-55.96373400170162,1.031556191067729,0.12312040309554663,-54.61089420419754,-0.5891618675034394
2026-06-24T14:33:09.183000,1140,0.6165784211509697,75.48997623837874,-1.6734909942218446,-93.42788391957004,0.38902528982880247,25.63009549004302,-0.23174541372248822,-55.943527349298066,0.9464185812889254,0.30312876393215643,-54.4310737586603,-1.1057798843418638
2026-06-24T14:33:09.193000,1141,0.7653774107084258,75.85647368166597,-1.3659094192653112,-93.2253721933457,0.6191097723914561,25.46184398009418,0.005128086858580163,-55.94958891112064,1.146905252205474,0.15267513404908442,-54.57236075902892,-0.873206799681741
2026-06-24T14:33:09.203000,1142,1.1373748846020468,75.7211500584937,-1.3167971672831136,-93.35327388446477,0.5670671688334544,25.82548368234012,0.09029486690295786,-55.90917994529839,0.9162100788271477,0.29506864501717933,-54.89668162394849,-0.8674877055130549
2026-06-24T14:33:09.213000,1143,1.0975175029224464,75.32646120274667,-1.3064590604435076,-93.57444026532296,1.0354535419463877,26.061578355084475,0.18078564235778893,-56.01626609116904,1.262251364446055,-0.1562922446320367,-54.581994120321085,-1.1744090143661081
2026-06-24T14:33:09.223000,1144,0.6590920105860059,75.9410479190454,-1.2806124056791464,-92.9136077083494,0.8902812948922445,25.985593896199507,0.029081779574891595,-56.01626609116904,0.7788887849831657,0.053267962362558464,-54.549884065305385,-0.930397741368613
2026-06-24T14:33:09.233000,1145,1.0948612951670107,75.27853307717207,-1.4331112767187988,-92.9322595018399,0.8272831277143758,25.50797896255097,-0.1279460786184204,-55.93140639514532,1.097469940289296,0.26014242465066567,-54.64621767822693,-1.2716315683138957
2026-06-24T14:33:09.243000,1146,0.8371206977316988,75.58300820220643,-1.4046780137465158,-93.20405381425418,0.8820638869046186,25.716936952947062,0.21804789472333713,-56.11729067521709,0.9436731580370785,0.03446197982607724,-54.10996631275443,-0.65969667994395
2026-06-24T14:33:09.254000,1147,1.0045188477164464,75.0191678445973,-1.1462059154414772,-93.12144974463246,0.8464560993218688,26.05072426491511,-0.08003869318579752,-55.89503702420985,0.7843825803840133,0.3649210857501675,-54.41180703607599,-1.0142764245627622
2026-06-24T14:33:09.264000,1148,1.193175218953503,75.42795089302263,-0.9626899485523136,-93.42788391957004,1.0409327943017725,26.11856742771063,0.4442734044834988,-56.149618281773385,1.0452892051212712,0.27357403297861865,-54.38611692333875,-0.995213459640434
2026-06-24T14:33:09.274000,1149,0.528892181455841,75.23060797870073,-1.8156517584218912,-93.21737815882929,0.5807638291764653,26.042582968825663,-0.19448316135694002,-55.71521213646823,0.7569195011740825,-0.04882495403049452,-54.26409664555444,-1.0676539544972108
2026-06-24T14:33:09.284000,1150,0.2259789337604753,75.70141637248217,-1.5003131341722866,-93.42788391957004,0.6930664442800997,25.988309604129135,0.3271683674840262,-55.71521213646823,1.0562738470258128,-0.5995930153662365,-54.42465036850737,-0.9113327295263974
2026-06-24T14:33:09.300000,1151,0.6776911710132971,75.80008782964312,-1.3116295015286574,-93.80892812961294,0.6958045999123407,26.067006857094015,-0.1279460786184204,-56.00818473190307,1.0919761448884482,0.5019431073052866,-54.09711953244857,-0.7893281164875918
2026-06-24T14:33:09.304000,1152,0.6670634869219336,75.85365242144773,-1.3012913946890514,-93.33195836651657,0.8848049836277625,26.148419817988522,0.05835660994786304,-56.27084951822499,0.8887440507200529,0.07476257440108006,-54.32189681330737,-0.7569192338917377
2026-06-24T14:33:09.314000,1153,0.7946042552270807,75.21651075891921,-1.5416711121921065,-93.56910995526422,0.643761996354339,25.988309604129135,-0.07471755552917625,-55.967773596588394,0.9903600978042556,0.25745379514858624,-54.174186422785816,-1.1095932960942836
2026-06-24T14:33:09.325000,1154,1.0045188477164464,75.5407195699651,-1.2909505125187521,-93.52647605822455,0.9341064904626203,25.765781815634057,0.19941533966364697,-55.967773596588394,0.4328474993642483,0.023713231408981565,-53.81775550285055,-1.0771844134984294
2026-06-24T14:33:09.335000,1155,1.0417171685710291,75.51252815750529,-0.8127776857205825,-93.38525002253037,0.8574116629417358,25.82548368234012,0.17014050929071425,-55.99000004643532,0.9217009253308416,-0.06494519186048783,-54.76181456585832,-0.7111685274621323
2026-06-24T14:33:09.350000,1156,0.8849467026776451,75.87902560079253,-1.0376488552988725,-93.06282777855999,0.7697612718009842,25.912325145244164,0.42031971176718735,-56.04859369772532,1.1743683314154048,0.1338691515126032,-54.5338273138603,-1.0371528012375102
2026-06-24T14:33:09.355000,1157,0.8132062687239154,75.36592857476977,-1.4563740986059321,-93.18806574522135,0.641023840722098,26.267823551400657,-0.03479473433529804,-56.04859369772532,0.5674204210592295,0.2359620679056562,-54.65263762050538,-0.896083176356489
2026-06-24T14:33:09.365000,1158,0.6245498974868975,75.48433674504548,-1.244424868744476,-93.05749746850125,0.3123304623079179,26.246112457212217,0.24466215626797858,-55.8768523387421,0.9162100788271477,0.2682025435656819,-54.37006361976814,-0.9914000478880141
2026-06-24T14:33:09.375000,1159,1.4748302453965596,75.67322496002237,-1.3969237397841288,-93.51315171364944,0.7286742318628495,26.256969461231293,-0.07471755552917625,-56.133455563241455,0.7624103476777764,0.13924064092553995,-54.48245053626031,-1.069559636913477
2026-06-24T14:33:09.385000,1160,0.9752891501282095,75.64221228734431,-1.6683205531366947,-93.24668771129384,0.961499811148647,25.643665288142007,0.42031971176718735,-56.08900483304,0.5674204210592295,0.26014242465066567,-54.44391709109168,-0.6730405506975885
2026-06-24T14:33:09.399000,1161,0.9620052582813715,75.43359038635589,-1.5830263148812234,-93.07881584759278,0.8848049836277625,25.716936952947062,0.04771147688074964,-56.00616276496726,1.215564424678888,0.19297572862412635,-54.2062964778015,-1.279258391818739
2026-06-24T14:33:09.406000,1162,0.720204760448372,74.80208821716063,-1.4382817178039486,-93.32129774639917,0.8902812948922445,25.93403332558289,-0.021486174686061274,-56.072839945015645,0.5207305323949086,0.1123745394740816,-54.639794288074,-0.7130742098783985
2026-06-24T14:33:09.416000,1163,0.791948047471645,75.62247860133276,-1.2909505125187521,-93.27866384935945,0.4355915821223271,25.912325145244164,0.21006333048459247,-56.01424629372565,1.2759843784995972,0.4589567680237958,-54.19345314537012,-0.8655820230967886
2026-06-24T14:33:09.426000,1164,1.0470324371514825,75.36029210853974,-1.7665422817703966,-93.66503836946106,0.3616349102336836,26.064294063014103,0.27127641781262,-56.15164024870919,0.6607972494907275,-0.2100273323306231,-54.228776619399525,-0.7359505865531432
2026-06-24T14:33:09.436000,1165,0.47840711568487704,75.7183318253787,-1.4331112767187988,-93.61174385230393,0.816324623003601,25.673514764570182,0.2845849774618568,-56.15164024870919,1.1633836895108631,0.27088828827213074,-54.700804426966165,-0.65969667994395
2026-06-24T14:33:09.450000,1166,1.1294034082661577,75.63375456089604,-1.3840018000672947,-93.29998222845097,0.47941677769270286,26.213550186704126,0.042387481470296265,-55.67682296808937,0.5976289235210174,0.2359620679056562,-54.90952495637987,-1.2010967558733852
2026-06-24T14:33:09.456000,1167,0.8902619712580986,75.49561270460876,-1.6088729696455848,-93.57977057538167,0.48763418568032885,25.985593896199507,0.11424855961926929,-55.965753799145006,0.4630560018260361,0.2628281693571536,-54.70401439810539,-0.9551798004596274
2026-06-24T14:33:09.466000,1168,0.9832606264641373,75.57173224264317,-1.1772230112909883,-93.40123809156314,0.8711083232847516,25.752214931384778,-0.2104522898345068,-55.965753799145006,0.8255786736474966,0.04520784344754226,-54.08427620001719,-1.0409641660700428
2026-06-24T14:33:09.477000,1169,0.8105472078989363,75.4194961936776,-1.2315029290276422,-93.50249395467536,1.0847579898721484,26.232545572962938,0.5054893495653972,-56.218315259265154,0.419114485310706,0.07476257440108006,-54.30905348087599,-1.0390584836537764
2026-06-24T14:33:09.487000,1170,0.7892918397161707,75.49561270460876,-1.4020941808692877,-92.85764946673457,1.1340624377979092,25.744073635295322,0.12489369268634395,-55.78997067578259,0.6250920027309482,0.06401382598402348,-54.87741490136418,-0.9532720711234702
2026-06-24T14:33:09.500000,1171,0.9726329423727738,75.23060797870073,-1.5184082903049638,-93.43054764402774,0.7095012602553565,25.90960943731454,0.2845849774618568,-55.7273352601134,0.6937511752043624,0.14461501513410732,-54.49208389755246,-0.8922697646040693
2026-06-24T14:33:09.507000,1172,0.6032916762345885,75.73524727827522,-1.4356951095960269,-93.12411346909016,1.0190187259711307,25.78478011574258,-0.08536268859625092,-55.981918687169355,0.6717818913952791,0.1123745394740816,-54.408597064936764,-0.781701292982752
2026-06-24T14:33:09.517000,1173,1.2117743793807942,75.8113637892064,-1.2702742988395404,-93.11345571011609,0.8519353516772536,25.999163694298495,-0.11996151437967574,-55.99808140570129,1.004093111857798,-0.17509822716851792,-54.18060981293874,-1.0257146129001344
2026-06-24T14:33:09.527000,1174,0.6272061052423332,75.72960778494198,-1.3555685370950117,-93.39590778150443,0.43285048539917825,25.665373468480734,0.17812507352945892,-55.99808140570129,0.7294564219641416,0.19566147333061426,-54.957691762840646,-0.9342091062011455
2026-06-24T14:33:09.537000,1175,0.8450921740676267,75.84237646188446,-1.5494253861544842,-93.56644623080656,1.1833668857236748,25.706079948927986,0.10360342655219462,-55.74350014813775,0.5674204210592295,0.31656325705574,-54.228776619399525,-0.7664517398128472
2026-06-24T14:33:09.550000,1176,1.3526018926023227,75.35183438209147,-1.5804397066733018,-93.08147957205048,0.7286742318628495,26.061578355084475,-0.08003869318579752,-55.74955954046791,0.6607972494907275,-0.4464536407767157,-54.54346067515245,-0.9151461412788173
2026-06-24T14:33:09.558000,1177,0.8636913344949181,75.28699080362036,-1.4848045862475312,-93.29198819393457,1.0436709499340135,25.3668641349504,0.16747994046238426,-55.7576430692263,0.8502963296055805,0.17685549079413304,-54.270520035707364,-0.8922697646040693
2026-06-24T14:33:09.568000,1178,0.7441191894561168,75.65630950712583,-1.4176027287940434,-93.60641640338856,0.6245890247468411,25.974739806030144,0.09561886231341124,-55.7576430692263,0.7267080498151409,0.053267962362558464,-54.22556320038582,-0.7512001397230516
2026-06-24T14:33:09.578000,1179,1.2356888083885391,75.42231442679261,-1.3607389781801615,-93.28132757381715,1.0409327943017725,25.849907570608472,-0.1279460786184204,-55.77986734958081,0.8228332503956496,0.34611510321368627,-54.177396393925044,-0.9342091062011455
2026-06-24T14:33:09.588000,1180,0.9487185133649904,75.32082170941341,-1.4046780137465158,-93.38525002253037,1.0135424147066487,25.77121031764359,-0.5032177400870201,-55.77986734958081,0.9683908139951625,0.15536087875557233,-54.64942764936616,-1.069559636913477
2026-06-24T14:33:09.602000,1181,1.001862639960972,75.5632745161949,-1.1591306304890048,-93.2839941594182,1.0902372422275333,25.502550460541432,-0.15456034016306183,-55.814216923072905,0.8695201901628167,0.5583639397103609,-54.0328994224172,-0.9494607062909377
2026-06-24T14:33:09.608000,1182,0.9938911636250828,75.57737173597641,-1.3814179671900666,-93.10546167559967,0.9450649951733952,25.931320531502976,0.5879955607814448,-56.11325108033032,0.6745273146471261,0.30581450863864434,-54.241619951830906,-0.7378562689694095
2026-06-24T14:33:09.618000,1183,0.9434032447845369,75.77471465029832,-1.572685432710924,-93.20938412431288,0.7177186682429825,25.97745260011006,0.05303547229124175,-56.03647057408016,1.1359176614037685,0.35417522212870245,-55.04439201447004,-0.9608988946283135
2026-06-24T14:33:09.628000,1184,0.7600621421279724,75.1629461671146,-1.3917560740296726,-93.33728581543194,0.5040690016555808,25.923179235413528,-0.23174541372248822,-56.03647057408016,0.8667747669109698,-0.08106542969052023,-54.39896370364461,-0.9990248244729665
2026-06-24T14:33:09.638000,1185,0.6750349632578615,75.5660927493099,-1.1203592606771158,-93.19872350419543,1.1011928058474052,25.475413778193165,0.1861096377682423,-55.9354459900321,0.9656424418461617,0.2520823057356495,-54.3443735070309,-0.8713011172654782
2026-06-24T14:33:09.650000,1186,0.558121879044078,75.4194961936776,-1.3426465973781778,-93.8755441302018,0.986149094020622,25.668089176410355,-0.01616503702943999,-55.83240160854065,0.5509419837538403,0.4186561734487539,-54.537040732874004,-1.1076876136780174
2026-06-24T14:33:09.659000,1187,0.9593461974563925,75.36029210853974,-1.6192110764851906,-93.44387198860287,0.8738464789169926,26.05343997284474,0.1861096377682423,-56.02232765299161,0.6580488773417268,-0.19121846499855033,-54.62373753662892,-0.873206799681741
2026-06-24T14:33:09.669000,1188,0.5076368132731139,75.43922987968915,-1.5184082903049638,-93.45186602311927,1.0518883579216396,25.858048866697924,-0.06939356011868414,-55.82229828233888,0.6278403748799489,-0.040764835115478314,-54.37006361976814,-0.9532720711234702
2026-06-24T14:33:09.679000,1189,0.9487185133649904,75.53508310373509,-1.2237486550652643,-93.00686953694516,0.47941677769270286,25.882472754966276,-0.1385940694393659,-55.77178599031484,1.2485212992896664,0.04789358815399108,-54.06500947743289,-1.0142764245627622
2026-06-24T14:33:09.689000,1190,0.9062049239299542,75.90721701325234,-1.8259898652614972,-93.14543184818169,0.8245420309912269,26.067006857094015,-0.3834492765053856,-55.915241507120975,0.8695201901628167,0.088194182729033,-54.52419395256815,-0.9323034237848793
2026-06-24T14:33:09.700000,1191,0.7733488870443537,75.56045628307989,-1.345230430255406,-93.23069964226107,0.6519794043419649,26.08600224335283,-0.04277929857408143,-55.96373400170162,1.1359176614037685,-0.0380790904089904,-54.48245053626031,-1.2049101676258085
2026-06-24T14:33:09.709000,1192,0.7016056000210806,75.33210069607992,-1.3840018000672947,-93.16408364167216,0.791675340131626,25.887901256975812,0.3564431978569977,-56.01424629372565,0.4850282345322731,0.47238837635170966,-54.55951742659754,-0.995213459640434
2026-06-24T14:33:09.719000,1193,0.9008896553495007,75.66758546668909,-1.2134105482256585,-93.16675022727321,0.6766316283048478,26.16470241016742,0.32982893631235627,-56.024347450435,1.001347688605951,0.026401860911061035,-54.280153396999516,-0.9380225179535654
2026-06-24T14:33:09.730000,1194,0.964661466036846,75.92131423303385,-1.2728581317167684,-93.54779443731607,0.7095012602553565,25.795634205911945,0.0077886556869101705,-55.82027848489549,0.45207135992149455,0.4213419181552027,-54.78108128844263,-0.7588269632278913
2026-06-24T14:33:09.740000,1195,0.7600621421279724,75.24470519848225,-1.0996802716672012,-93.16941395173087,0.9286301791981383,26.09414353944228,-0.032134165506968036,-55.82027848489549,0.7733979384794718,0.1338691515126032,-54.26409664555444,-1.1229371668479258
2026-06-24T14:33:09.755000,1196,0.8211777450598432,75.7183318253787,-0.9652765567602352,-93.54779443731607,0.9368475871857642,26.045298676755284,0.6678383454153691,-55.93342619258871,0.7624103476777764,0.010281623081028628,-54.244829922970126,-0.8922697646040693
2026-06-24T14:33:09.760000,1197,0.930119352937699,75.26161762427554,-1.2185782139801147,-93.36926195349754,1.0436709499340135,26.455070447608307,0.005128086858580163,-56.06879818063645,0.47678901587957845,0.27357403297861865,-54.62373753662892,-1.046683260238729
2026-06-24T14:33:09.770000,1198,0.7414629817006424,75.10374208197673,-1.7406928516753322,-93.55578847183249,0.6848490362924737,26.221691482793574,0.37773632174501787,-56.177906293442895,1.075497707583059,0.08013406381401679,-54.395750284630914,-1.15153263769136
2026-06-24T14:33:09.780000,1199,1.0417171685710291,75.35183438209147,-1.6062891367683567,-93.53713381719862,0.8300212833466168,25.765781815634057,0.09295829348511996,-55.8465445296292,0.43009912721524757,-0.0165844783704688,-53.949412589801504,-0.8713011172654782
2026-06-24T14:33:09.790000,1200,0.6803502318383149,75.06427470995365,-1.2521791427068538,-92.95091129533037,0.9231509268427533,25.77121031764359,0.2606312847455453,-56.23448014728951,0.5646720489102288,0.21446745586709548,-54.59805087176616,-0.6978226097886029
2026-06-24T14:33:09.802000,1201,0.6458052656696246,75.66476723357408,-1.7510337338456317,-93.71566630101715,1.145018001417781,25.773923111723505,0.2313535966187418,-55.75562110229049,0.8887440507200529,0.16610962717266803,-54.61089420419754,-1.0543100837435686
2026-06-24T14:33:09.810000,1202,1.2994606190758844,75.29544853006861,-1.3865856329445228,-93.59575578327112,0.9176716744873684,26.137565727819158,0.06102003653002514,-55.798052035048556,1.0535284237739657,0.2467079315271212,-54.55951742659754,-1.235411320885509
2026-06-24T14:33:09.821000,1203,0.4279220499139131,76.13557260025229,-1.0479869621384785,-93.13743781366527,1.1066720582027902,25.513404550710796,-0.23440598255081824,-55.80613556380694,0.8667747669109698,-0.25569941631860177,-54.45355045238383,-0.8102967638261863
2026-06-24T14:33:09.831000,1204,0.8982334475940263,75.44204811280416,-1.4356951095960269,-93.41189585053726,0.9258890824749944,26.039870174745747,0.6199309599827075,-56.135475360684836,0.6141073608264066,-0.00046424054043639446,-54.30263009072306,-1.069559636913477
2026-06-24T14:33:09.841000,1205,0.8663475422503537,75.61119961466625,-1.3426465973781778,-93.13477408920761,0.9998457543636379,25.852623278538097,0.43362827141642407,-55.94150755185468,0.8502963296055805,0.2520823057356495,-54.51777401028969,-1.15153263769136
2026-06-24T14:33:09.853000,1206,0.6165784211509697,75.27289661094207,-1.2030696660553593,-93.41722616059596,0.7396297954827165,26.256969461231293,-0.01084104161894788,-55.94150755185468,0.7349472684678355,0.33268349488573334,-54.55630745545831,-1.113406707846707
2026-06-24T14:33:09.861000,1207,0.7388067739452067,75.39975948056282,-1.6631528873822385,-93.26800609038537,0.5698053244656954,26.237971161122765,0.2872455462901868,-55.8465445296292,0.8805048320673583,0.31656325705574,-54.203086506662274,-0.9323034237848793
2026-06-24T14:33:09.871000,1208,0.7946042552270807,75.72960778494198,-1.5468387779465627,-93.03884567501076,0.643761996354339,26.11856742771063,0.22070846355166712,-56.00616276496726,0.957403223193467,0.20909596645415876,-54.69117106567401,-0.9475550238746715
2026-06-24T14:33:09.881000,1209,0.6378337893336967,75.77471465029832,-1.3116295015286574,-93.08947360656686,0.7040220078999666,25.730503837196338,0.1488473854026941,-56.00616276496726,0.7267080498151409,-0.1804726013770853,-54.174186422785816,-1.0867169194195354
2026-06-24T14:33:09.892000,1210,0.879634287166735,75.61683910799951,-1.2909505125187521,-93.26267578032667,0.8738464789169926,26.020874788486935,0.3564431978569977,-55.735416619379365,0.6360795935326437,0.238647812612105,-54.44713051010538,-0.903707952941445
2026-06-24T14:33:09.907000,1211,0.5368636577917688,75.0078888579308,-1.4796369204930748,-93.15608960715575,0.6245890247468411,25.988309604129135,0.17812507352945892,-56.084963068660805,0.5564328302575341,-0.4464536407767157,-54.315473423154444,-1.1000607901731776
2026-06-24T14:33:09.912000,1212,0.8557198581589902,75.52098588395357,-1.5003131341722866,-93.48384216118487,0.6656760646849758,25.969314217870316,0.01577321992565483,-56.084963068660805,0.6141073608264066,-0.24226780799064881,-54.620527565489695,-1.1763146967823743
2026-06-24T14:33:09.922000,1213,0.8876057635026628,75.239065705149,-1.3374761562930282,-93.04950343398484,0.980672782756145,26.121283135640255,0.29523011052893144,-55.97989672023355,0.701990393857057,-0.06494519186048783,-53.73426867023486,-1.0447775778224626
2026-06-24T14:33:09.932000,1214,0.6006354684791141,75.83955822876945,-1.4848045862475312,-93.24668771129384,0.38080788184117653,25.89332684513564,0.0796497338358832,-55.8465445296292,0.7047387660060577,0.2520823057356495,-54.72970451084262,-1.1667842377811521
2026-06-24T14:33:09.942000,1215,1.1373748846020468,75.46742129214896,-1.3142133344058855,-93.58509802429704,0.49037234131256985,25.782064407812953,0.2606312847455453,-55.88695349545145,0.6278403748799489,-0.06494519186048783,-54.79071464973479,-0.7149798922946649
2026-06-24T14:33:09.952000,1216,0.6032916762345885,75.64503052045931,-1.4460359917663264,-93.23069964226107,0.7834579321440001,26.2271170709534,-0.25835967526712966,-55.99000004643532,0.5729112675629234,0.12312040309554663,-54.687961094534785,-0.9094270471101311
2026-06-24T14:33:09.962000,1217,0.8132062687239154,75.59992365510297,-1.567517766956468,-93.41988988505364,0.8957605472476294,25.646378082221922,-0.06673299129039285,-55.99000004643532,0.7157234079105993,-0.062259447154039006,-54.28978675829167,-0.5853484557510195
2026-06-24T14:33:09.972000,1218,0.8902619712580986,75.46460305903395,-1.570101599833696,-93.42255647065467,0.9286301791981383,25.646378082221922,0.13554168350728943,-56.16578316979774,1.0233169724150342,0.5341835829653123,-54.283363368138744,-1.079092142834583
2026-06-24T14:33:09.983000,1219,1.0045188477164464,75.61683910799951,-0.8541328884096995,-93.34527984994835,0.816324623003601,26.170127998327246,-0.07471755552917625,-55.83644120342742,0.5866442816164658,0.3246233759707171,-54.51135062013677,-0.7664517398128472
2026-06-24T14:33:09.998000,1220,0.8530607973339724,75.86211014789599,-1.6398900654951054,-93.14543184818169,0.5698053244656954,26.083289449272915,0.06102003653002514,-55.80411359687113,0.6717818913952791,-0.2019672134156069,-54.37006361976814,-1.113406707846707
2026-06-24T14:33:10.003000,1221,0.8105472078989363,75.33773716230995,-1.3038752275662795,-93.39857436710548,0.3616349102336836,26.161986702237797,0.13554168350728943,-56.06879818063645,1.1578898941100153,0.4052216803252094,-54.41180703607599,-1.0390584836537764
2026-06-24T14:33:10.013000,1222,0.722863821273351,75.63093632778103,-1.2315029290276422,-92.91893801840811,0.42189492177931126,25.898755347145176,-0.3914338407441689,-56.07688170939484,0.770649566330471,0.10162867585257748,-54.78750467859556,-0.8941754470203355
2026-06-24T14:33:10.023000,1223,0.9168326080213177,75.76625692385005,-1.5520092190317123,-93.2253721933457,0.9751935304007551,26.221691482793574,-0.5191868685645482,-55.37172724900937,1.0150777537623394,0.28163415189363483,-54.456763871397534,-0.781701292982752
2026-06-24T14:33:10.033000,1224,0.7175485526928976,75.41667493345935,-1.1668849044513825,-93.55312188623144,0.8382386913342428,25.80920109016122,0.16747994046238426,-55.893015057274035,1.026062395666881,0.031773350323997765,-54.30905348087599,-0.8922697646040693
2026-06-24T14:33:10.043000,1225,0.5315483892113154,75.29544853006861,-1.2625200248771626,-93.19072946967906,0.805369059383734,26.20540889061467,0.5054893495653972,-55.854625888895164,0.24883926575309925,0.042522098741054344,-54.37969698106029,-0.886550670435383
2026-06-24T14:33:10.053000,1226,0.9194916688463354,75.57173224264317,-1.2754419645939965,-93.08414615765149,0.8683701676525106,26.121283135640255,0.47621166143859356,-55.947569113677254,0.8887440507200529,0.21446745586709548,-55.09576879207004,-0.978056177134372
2026-06-24T14:33:10.063000,1227,1.2250611242971756,75.93259019259713,-1.7303547448357264,-93.49716650575999,1.0738024262522814,26.13213722580962,-0.5112023043257649,-56.06879818063645,1.119439224098379,0.09087992743552091,-54.99943517914849,-1.0752787310821632
2026-06-24T14:33:10.073000,1228,0.8636913344949181,75.43077215324088,-1.3219676083682632,-93.29998222845097,0.791675340131626,25.904183849154716,0.21804789472333713,-55.981918687169355,0.9766300326478671,0.06670245548610296,-54.620527565489695,-1.113406707846707
2026-06-24T14:33:10.083000,1229,0.5687495631354414,75.18550111334439,-1.2728581317167684,-93.49449992015894,0.9368475871857642,25.66266067440082,0.029081779574891595,-55.96373400170162,0.4548167831733415,-0.2019672134156069,-54.28978675829167,-0.9113327295263974
2026-06-24T14:33:10.101000,1230,0.7095770763569698,75.239065705149,-1.520992123182192,-93.56378250634886,0.8793257312723776,26.00187648837841,-0.21311571641663019,-55.71723193391162,0.5893897048683127,0.031773350323997765,-54.53061734272107,-0.9456472945385178
2026-06-24T14:33:10.104000,1231,0.8902619712580986,75.01071011814903,-1.2340867619048703,-93.31063998742505,0.3835489785643204,25.7413579273657,0.4229831383493494,-56.084963068660805,0.6635426727425745,0.3380549842986701,-54.537040732874004,-0.8179235873310295
2026-06-24T14:33:10.114000,1232,0.43323731849436653,75.15167020755132,-1.097096438789973,-92.88163157028377,0.9258890824749944,26.105000543461355,0.21804789472333713,-56.084963068660805,0.6855119565516676,0.3998501909122727,-54.187029755217196,-1.161065143612466
2026-06-24T14:33:10.124000,1233,1.0231180081437377,75.38848352099954,-1.1462059154414772,-93.07348553753407,1.0409327943017725,25.63009549004302,-0.27965279915514984,-55.862709417653555,0.6580488773417268,0.1983472180370631,-54.2062964778015,-1.0238068835639809
2026-06-24T14:33:10.134000,1234,0.8450921740676267,75.52380411706858,-1.6114568025228129,-93.47584812666847,0.9149335188551274,25.57039362333695,0.24998615167843194,-55.89907661909662,0.7129779846587523,0.1123745394740816,-54.12280964518582,-1.3021347684934872
2026-06-24T14:33:10.151000,1235,1.0736030739147018,75.41667493345935,-1.6502281723347112,-93.16675022727321,0.7642820194455993,25.632811197972643,0.01577321992565483,-55.89907661909662,0.7239626265632939,0.5234348345482557,-54.315473423154444,-0.7759821988140659
2026-06-24T14:33:10.154000,1236,0.7122332841124441,75.82827924210292,-1.425357002756421,-93.15342588269809,0.7724994274332252,25.936749033512513,-0.175853464051082,-56.0283892148142,0.8173394549947919,0.10968879476759369,-54.748971233426936,-0.9551798004596274
2026-06-24T14:33:10.164000,1237,0.8105472078989363,75.88748332724079,-1.4796369204930748,-93.19605977973777,0.6601968123295908,25.97745260011006,0.03706634381367498,-56.0283892148142,0.8008610176894027,-0.04882495403049452,-54.620527565489695,-1.056215766159835
2026-06-24T14:33:10.175000,1238,0.8769752263417173,75.25315989782729,-1.2702742988395404,-93.86222264677004,0.1945485948488986,25.480839366352992,-0.15189977133477056,-56.00414296752387,0.4740435926277315,0.21715608536917497,-54.81319134345832,-0.8808315762666968
2026-06-24T14:33:10.185000,1239,0.6537767420055524,76.05381659598787,-1.8130651502139696,-93.13210750360656,0.5369386336060895,26.020874788486935,0.1568319496414775,-55.68692412479872,1.0233169724150342,-0.14554638101057166,-54.62373753662892,-1.0600291779122584
2026-06-24T14:33:10.200000,1240,0.7946042552270807,75.64221228734431,-1.5571768847861684,-93.30264595290868,0.6875871919247147,25.765781815634057,0.18078564235778893,-55.68692412479872,1.2649997365950558,0.1419292704276194,-54.93521506911711,-1.1019685195093312
2026-06-24T14:33:10.205000,1241,0.6590920105860059,75.67604319313737,-1.4744664794079252,-93.22803591780337,0.2109834108241555,25.68437176858926,-0.22642141831203486,-55.97989672023355,0.8942378461209006,-0.5028744731817509,-54.45355045238383,-0.84842474059073
2026-06-24T14:33:10.215000,1242,0.7441191894561168,75.85365242144773,-1.6709071613446165,-93.29998222845097,0.5561116052135875,26.18641059050615,-0.05874842705160947,-55.707130777202266,0.789876375784861,0.06670245548610296,-54.10033295146228,-0.8579551995919488
2026-06-24T14:33:10.225000,1243,0.9062049239299542,75.80854555609139,-1.1255297017622656,-93.69701450752666,1.0628468626324143,26.142991315978986,0.0077886556869101705,-55.707130777202266,0.7816371571321664,0.27357403297861865,-54.68474767552108,-0.886550670435383
2026-06-24T14:33:10.235000,1244,0.8238339528153176,75.96360286527519,-1.285782846764296,-93.34261612549065,1.0874961455043894,26.259682255311205,0.010452082269033542,-55.41011641738824,0.7788887849831657,0.2628281693571536,-54.549884065305385,-0.7912337989038581
2026-06-24T14:33:10.249000,1245,0.7813203633802428,75.239065705149,-1.453790265728704,-93.27866384935945,0.9286301791981383,25.621954193953567,-0.04277929857408143,-55.89503702420985,0.9354339393843839,0.3004430192257076,-54.832458066042626,-0.9933057303042803
2026-06-24T14:33:10.256000,1246,0.5607780867995136,75.68731915270065,-1.0790040579879896,-93.2839941594182,0.6738934726726067,25.82548368234012,-0.2636836706776218,-55.95161087805646,0.7679041430786241,0.31118888284717267,-54.620527565489695,-0.4461865602061554
2026-06-24T14:33:10.266000,1247,0.6032916762345885,75.33210069607992,-1.3736636932276889,-93.29198819393457,0.4985897493001958,25.77121031764359,0.16481651388022214,-56.06475858574968,1.0233169724150342,0.06938820019255178,-55.009068540440644,-1.1210314844316593
2026-06-24T14:33:10.276000,1248,0.7494344580365702,75.61965734111452,-1.6062891367683567,-93.15342588269809,0.5040690016555808,25.7413579273657,-0.2636836706776218,-56.111229113394515,1.0452892051212712,0.18222698020706976,-54.41180703607599,-1.0257146129001344
2026-06-24T14:33:10.286000,1249,0.9593461974563925,75.95796337194193,-1.3348923234158,-93.47584812666847,0.8190657197267449,25.540544146908772,-0.01616503702943999,-56.121332439596294,1.1935921919726409,0.04520784344754226,-54.67511431422893,-1.2601933799765235
2026-06-24T14:33:10.300000,1250,0.5023215446926218,75.65630950712583,-1.7148461969109707,-93.31063998742505,0.43285048539917825,26.05343997284474,-0.045439867402372706,-55.981918687169355,0.9134617066781469,0.1284947773040749,-54.49529386869168,-0.8064853989936538
2026-06-24T14:33:10.306000,1251,0.512949228784024,75.66194597335584,-1.5778558737960737,-93.34261612549065,0.6656760646849758,26.254253753301665,-0.20513115217788552,-55.9354459900321,1.2375337084879712,0.15267513404908442,-54.46639723268969,-0.995213459640434
2026-06-24T14:33:10.316000,1252,0.8344616369066812,75.30954574985014,-1.425357002756421,-92.88696188034251,0.8519353516772536,25.518833052720332,-0.22376084948374358,-55.89503702420985,0.38615761069992743,-0.13748626209555545,-54.1035429226015,-1.1019685195093312
2026-06-24T14:33:10.326000,1253,0.9088611316854286,75.69013738581566,-1.2909505125187521,-93.45986005763564,0.6766316283048478,25.991022398209047,-0.29828249646100785,-56.111229113394515,1.001347688605951,0.012967367787516544,-54.06179950629366,-1.052402354407415
2026-06-24T14:33:10.336000,1254,0.7122332841124441,75.59710542198796,-1.5003131341722866,-93.01486357146158,0.81358646737136,26.129424431729703,0.111587990790978,-55.85664785583097,1.21007062927803,0.16610962717266803,-54.36685364862891,-0.6844787390349608
2026-06-24T14:33:10.349000,1255,0.685662647349225,75.23060797870073,-1.3840018000672947,-93.06282777855999,0.8683701676525106,26.300388735758457,0.0716651695970998,-55.72531546267001,1.1633836895108631,0.015653112493965362,-54.45997384253676,-1.1705956026136848
2026-06-24T14:33:10.357000,1256,0.9965473713805185,75.43077215324088,-1.6114568025228129,-93.32396433200017,1.0299772306819057,25.665373468480734,0.43096770258813283,-55.862709417653555,0.7267080498151409,0.3004430192257076,-54.347586926044606,-0.9799618595506383
2026-06-24T14:33:10.367000,1257,1.0576601212428847,75.1629461671146,-1.345230430255406,-93.4065684016219,0.7067631046231155,25.82548368234012,0.2606312847455453,-55.917261304564356,1.1743683314154048,0.44820801960670015,-54.392540313491686,-0.9265843296161896
2026-06-24T14:33:10.377000,1258,0.9168326080213177,75.41667493345935,-1.4460359917663264,-93.41189585053726,0.6848490362924737,26.09414353944228,0.0796497338358832,-56.10314775412855,0.7239626265632939,0.0962543016440492,-54.60126084290539,-0.903707952941445
2026-06-24T14:33:10.387000,1259,0.44652121034120446,75.498433964827,-1.4873911944554528,-93.44920229866156,0.7314123874950905,25.931320531502976,0.3457980647898843,-55.72531546267001,0.9491640045407724,0.3998501909122727,-54.283363368138744,-1.056215766159835
2026-06-24T14:33:10.399000,1260,0.7653774107084258,75.67604319313737,-1.141038249687021,-93.34527984994835,0.5752845768210804,26.11856742771063,0.5187950514608017,-55.670761406266784,0.6388250167844906,0.042522098741054344,-54.76502798487203,-0.863674293760635
2026-06-24T14:33:10.407000,1261,0.9513747211204647,76.01434922396479,-1.0479869621384785,-93.50516054027639,0.654717559974206,26.077860947263378,0.0796497338358832,-55.88291390056468,0.9683908139951625,0.35417522212870245,-54.736127900995555,-1.0447775778224626
2026-06-24T14:33:10.417000,1262,0.7308352976092789,75.58582946242468,-1.4563740986059321,-93.00953612254621,0.6711523759494579,26.11585463363072,0.3271683674840262,-56.012224326789834,0.6800211100479737,0.012967367787516544,-54.61089420419754,-0.65969667994395
2026-06-24T14:33:10.428000,1263,1.0045188477164464,75.17704338689612,-1.1565440222810832,-93.41988988505364,0.7752405241563691,25.475413778193165,-0.0028564773802032236,-55.903118383475814,0.8502963296055805,0.22790194899063998,-54.45997384253676,-0.84842474059073
2026-06-24T14:33:10.438000,1264,1.0523477057319746,75.45332407236744,-1.3969237397841288,-93.33462209097428,0.802630903751493,26.110426131621182,-0.053424431641156095,-56.04051233845936,0.6031227189218651,0.6765770939333681,-54.890258233795564,-0.903707952941445
2026-06-24T14:33:10.450000,1265,0.7414629817006424,75.98615478440173,-0.9368432937879427,-92.96157191544779,0.9587587144255031,25.689797356749086,0.3271683674840262,-55.92332286638694,0.6690364681434322,0.44820801960670015,-54.6719043430897,-0.5853484557510195
2026-06-24T14:33:10.458000,1266,0.7494344580365702,75.41667493345935,-1.4977293012950585,-93.08147957205048,0.5424149448705716,25.87975996088636,-0.11730094555134572,-56.03849254101597,1.0343016143195758,0.06938820019255178,-54.25125331312306,-0.9094270471101311
2026-06-24T14:33:10.468000,1267,0.8955772398385906,75.27571484405706,-1.3142133344058855,-92.99887550242876,0.4821549333249439,25.985593896199507,0.10094285772386462,-55.668741608823396,1.1633836895108631,-0.011212988957532066,-54.270520035707364,-0.8045776696575001
2026-06-24T14:33:10.478000,1268,0.8264901605707533,75.65067001379256,-1.3969237397841288,-93.52381233376688,0.986149094020622,25.82548368234012,-0.1332700740289125,-55.94958891112064,0.6168527840782536,0.2923829003106914,-54.41180703607599,-1.008557330394076
2026-06-24T14:33:10.488000,1269,0.7281762367842611,75.2926302969536,-1.6398900654951054,-93.37725598801396,0.47941677769270286,26.59347248112897,0.5507333084158966,-55.80411359687113,0.9656424418461617,-0.0165844783704688,-54.3443735070309,-0.8274540463322483
2026-06-24T14:33:10.499000,1270,0.8025757315630085,75.3180034762984,-1.1823934523761475,-93.33728581543194,0.8848049836277625,25.985593896199507,0.2766004132230734,-56.06475858574968,1.100215363541143,0.44820801960670015,-54.14207636777013,-0.6673214565289024
2026-06-24T14:33:10.509000,1271,0.5501504027081501,75.41667493345935,-1.0919259977048235,-93.34794357440602,0.7478472034703424,26.14027852189907,0.1861096377682423,-55.73137702449259,1.1853529733199462,-0.424959028738155,-54.241619951830906,-1.1076876136780174
2026-06-24T14:33:10.519000,1272,0.7706898262193359,75.57737173597641,-1.704508090071365,-93.19605977973777,0.8464560993218688,26.05072426491511,0.17546450470116765,-55.98393848461274,0.8667747669109698,-0.008524359455452598,-54.174186422785816,-0.7740765163977996
2026-06-24T14:33:10.529000,1273,1.0443762293960468,75.67322496002237,-1.4124322877088937,-93.45986005763564,0.5917193927963322,25.974739806030144,-0.08802325742454219,-56.10314775412855,0.957403223193467,0.28163415189363483,-54.52419395256815,-0.2822405586503896
2026-06-24T14:33:10.539000,1274,0.5926639921431862,75.79726959652811,-1.2495953098296257,-92.9109439838917,0.6601968123295908,26.067006857094015,0.1062639953804859,-56.03849254101597,0.9381793626362308,0.015653112493965362,-54.21592983909367,-0.6901978332036505
2026-06-24T14:33:10.549000,1275,1.0736030739147018,75.5660927493099,-1.0376488552988725,-93.72632405999121,0.6108923644038302,26.151132612068434,0.5081499183936884,-55.60206442877501,0.8585355482582752,0.18222698020706976,-54.50492722998384,-1.090530331171959
2026-06-24T14:33:10.567000,1276,0.7839765711357172,75.498433964827,-1.0583250689780843,-93.32662805645788,0.9888901907437709,25.925892029493443,-0.048103293984534806,-55.65055692335565,1.21007062927803,0.13118052201056282,-54.392540313491686,-0.7664517398128472
2026-06-24T14:33:10.569000,1277,0.9115201925104076,75.63375456089604,-1.7510337338456317,-93.19605977973777,0.5122864096432117,25.912325145244164,0.18078564235778893,-56.02232765299161,0.8585355482582752,-0.1804726013770853,-54.434283729799525,-1.1229371668479258
2026-06-24T14:33:10.579000,1278,0.6112631525705162,75.57455047575817,-1.9164545446021275,-93.37991971247166,0.8245420309912269,25.689797356749086,0.0716651695970998,-55.943527349298066,0.770649566330471,0.00490724887250034,-54.41180703607599,-1.046683260238729
2026-06-24T14:33:10.589000,1279,0.34023581021878446,75.21651075891921,-1.453790265728704,-93.47318440221076,0.986149094020622,25.795634205911945,-0.1385940694393659,-55.94150755185468,0.8255786736474966,0.25745379514858624,-54.44713051010538,-1.0829035076671156
2026-06-24T14:33:10.612000,1280,0.5607780867995136,75.78035414363157,-1.4848045862475312,-93.37991971247166,1.328539132777818,25.852623278538097,0.11690912844759929,-55.878872136185485,0.792621799036708,0.2520823057356495,-54.42465036850737,-0.7683574222291135
2026-06-24T14:33:10.612000,1281,1.0337456922351012,75.69577687914891,-1.2961209536039018,-93.49716650575999,0.5314593812507046,25.920466441333616,0.29789067935726143,-56.09304442792677,0.5564328302575341,0.04520784344754226,-54.585204091460305,-0.781701292982752
2026-06-24T14:33:10.620000,1282,0.6750349632578615,75.77471465029832,-1.5494253861544842,-93.57444026532296,0.6711523759494579,25.94217462167234,-0.00019590855187321592,-56.15972160797516,1.284223597152292,0.15267513404908442,-54.3283202034603,-0.6539775857752603
2026-06-24T14:33:10.630000,1283,0.7839765711357172,75.67322496002237,-1.4279408356336492,-93.23602995231978,0.7478472034703424,25.60838730970429,0.1488473854026941,-56.293073798579506,1.1331722381519214,0.3380549842986701,-54.1388663966309,-1.2335056384692429
2026-06-24T14:33:10.640000,1284,0.7653774107084258,75.34055539542496,-1.1927315592157532,-93.32662805645788,1.0902372422275333,25.912325145244164,-0.08003869318579752,-55.747539743024525,0.5948835002691704,-0.40615304620167375,-54.41180703607599,-0.9551798004596274
2026-06-24T14:33:10.650000,1285,0.9168326080213177,75.60556314843623,-1.1617144633662329,-93.30530967736634,0.5889812371640912,25.65451937831137,-0.08003869318579752,-55.95161087805646,0.6607972494907275,0.09087992743552091,-54.569150787889704,-0.9837752713030616
2026-06-24T14:33:10.662000,1286,0.6909779159296784,75.83391873543619,-1.1772230112909883,-93.37991971247166,0.44380899010995306,25.57039362333695,0.07432573842539109,-56.10516755157193,0.20215232598593214,0.20909596645415876,-54.34116353589168,-0.8331731405009344
2026-06-24T14:33:10.670000,1287,0.31632138121103964,75.51816765083856,-1.5080674081346643,-93.3745922635563,0.8601527596648846,25.87975996088636,0.05835660994786304,-56.08900483304,0.7184688311624462,0.06670245548610296,-53.987942587095645,-0.9323034237848793
2026-06-24T14:33:10.726000,1288,0.706920868601534,75.72396829160871,-1.469298813653469,-93.35593760892243,0.46572011734968705,25.860764574627545,-0.15456034016306183,-55.8768523387421,1.0645130656785173,-0.08375117439696905,-54.241619951830906,-0.9875866361355942
2026-06-24T14:33:10.726000,1289,0.8876057635026628,75.89875928680407,-1.2134105482256585,-93.20938412431288,1.0902372422275333,25.78749290982249,-0.15456034016306183,-55.80411359687113,0.8887440507200529,-0.09181129331198526,-54.46639723268969,-1.1763146967823743
2026-06-24T14:33:10.734000,1290,0.8450921740676267,75.64503052045931,-1.5907805888436013,-93.51315171364944,0.5424149448705716,25.84719477652856,0.03706634381367498,-55.52124432763807,0.6168527840782536,0.14998938934263562,-53.88518903189564,-0.8350788229172007
2026-06-24T14:33:10.734000,1291,0.6670634869219336,75.59710542198796,-1.2909505125187521,-93.44120826414516,1.0436709499340135,26.297675941678545,-0.18649859711815664,-55.65257672079904,0.5619266256583818,-0.22883331486710431,-54.819614733611246,-1.1400944493539842
2026-06-24T14:33:10.745000,1292,0.8557198581589902,75.85083418833271,-1.8156517584218912,-93.19872350419543,0.4931104969448109,26.0317288786563,0.01577321992565483,-55.88291390056468,0.8173394549947919,0.19566147333061426,-54.88383484364263,-1.0485909895748826
2026-06-24T14:33:10.745000,1293,0.6644072791664593,75.81700328253964,-1.285782846764296,-93.02818791603669,0.8300212833466168,26.172843706256874,-0.00019590855187321592,-55.660658080065005,1.3638674115302476,-0.46794825281527636,-54.395750284630914,-0.7435753631380991
2026-06-24T14:33:10.745000,1294,0.9434032447845369,75.24470519848225,-1.4977293012950585,-93.42788391957004,0.6738934726726067,26.15384540614835,0.01843664650781693,-55.93948775441129,0.9985993164569502,0.03714772453252606,-54.44391709109168,-0.46334384271221385
2026-06-24T14:33:10.757000,1295,0.6590920105860059,75.61683910799951,-0.9962908772790527,-93.61707416236264,0.8628909152971207,25.554111031158047,-0.05874842705160947,-55.52528609201727,0.7459348592695408,0.7007574506784167,-54.15170972906228,-1.1858472027034803
2026-06-24T14:33:10.764000,1296,1.0975175029224464,75.2672571176088,-1.8440822460634902,-93.01486357146158,0.9012368585121115,25.887901256975812,0.40701400987178266,-55.747539743024525,0.301020000921124,0.3488008479201351,-54.562727397736765,-1.079092142834583
2026-06-24T14:33:10.773000,1297,0.6697196946773694,75.66476723357408,-1.6217976846931217,-93.36659822903988,0.8957605472476294,26.007304990387947,-0.24239054678960162,-55.93342619258871,0.7349472684678355,-0.08643980389904853,-54.126019616325046,-1.0371528012375102
2026-06-24T14:33:10.783000,1298,1.2170896479612476,75.43077215324088,-1.2651038577543907,-93.21471157322826,0.24111488714242327,25.841766274519024,-0.06673299129039285,-56.12537203448306,0.9107162834263,0.1338691515126032,-54.50814064899754,-1.0371528012375102
2026-06-24T14:33:10.792000,1299,0.8264901605707533,75.39975948056282,-1.572685432710924,-92.9322595018399,0.6191097723914561,26.343808010285624,0.46024253296106554,-55.763704631048874,1.1249330194992269,0.17148111658560475,-54.64621767822693,-1.0219012011477147
2026-06-24T14:33:10.805000,1300,1.1905161581284853,75.83955822876945,-1.8259898652614972,-93.19605977973777,0.5205038176308376,25.744073635295322,0.30587524359604484,-55.82027848489549,1.0123323305104925,0.22521620428415207,-54.408597064936764,-0.7054494332934427
2026-06-24T14:33:10.812000,1301,0.7122332841124441,75.33773716230995,-1.5261625642673415,-93.63039850693775,0.45476455372982005,25.719649747026974,0.12755711926850605,-55.77986734958081,0.9464185812889254,0.238647812612105,-54.7232811206897,-1.1305619434328782
2026-06-24T14:33:10.822000,1302,0.964661466036846,75.32646120274667,-1.7949727694119861,-92.73241150007318,0.6766316283048478,25.35601004478103,0.21006333048459247,-56.0546552595479,0.6360795935326437,0.03446197982607724,-54.76502798487203,-1.2049101676258085
2026-06-24T14:33:10.832000,1303,0.6325213738227866,75.52380411706858,-1.4977293012950585,-93.36659822903988,0.8738464789169926,25.966598509940695,0.13820225233561945,-55.8768523387421,0.5674204210592295,-0.2100273323306231,-55.214579098715134,-0.8998945411890217
2026-06-24T14:33:10.842000,1304,0.6218908366618798,75.70705283871219,-1.5468387779465627,-94.056740338478,0.9231509268427533,26.00187648837841,0.005128086858580163,-56.185987652708874,0.8008610176894027,-0.15360649992558786,-54.71686117841124,-0.9723370829656858
2026-06-24T14:33:10.853000,1305,0.4491774180966402,75.94386917926364,-1.3012913946890514,-93.49449992015894,0.6601968123295908,25.708795656857614,-0.1652083309840073,-55.76774422593565,0.8722656134146637,-0.0756939402775835,-54.18060981293874,-1.0447775778224626
2026-06-24T14:33:10.863000,1306,0.6670634869219336,75.87338610745927,-1.704508090071365,-93.42255647065467,0.9176716744873684,25.974739806030144,0.3564431978569977,-55.8465445296292,1.0864852983847544,-0.15898087413411616,-54.241619951830906,-0.903707952941445
2026-06-24T14:33:10.873000,1307,0.5900077843877505,75.66758546668909,-1.1798068441682164,-93.32396433200017,0.8902812948922445,26.007304990387947,-0.021486174686061274,-55.56367526039614,1.1139483775946852,0.20909596645415876,-54.713647759397546,-1.1153123902629698
2026-06-24T14:33:10.883000,1308,0.4916938606012583,75.50970992439028,-1.7742965557327743,-93.55845219629015,0.5971986451517222,25.925892029493443,-0.013501610447277887,-55.65459651824243,1.2869690204041389,-0.04882495403049452,-54.203086506662274,-0.9628045770445798
2026-06-24T14:33:10.893000,1309,0.9168326080213177,75.74088374450525,-0.7584977679839288,-93.3159702974838,0.6191097723914561,25.953031625691416,0.18078564235778893,-56.02232765299161,1.2430275038888188,-0.17509822716851792,-54.161343090354436,-0.7740765163977996
2026-06-24T14:33:10.903000,1310,0.3960361445702405,75.69013738581566,-1.5416711121921065,-93.10279795114197,0.7067631046231155,25.73864513328579,-0.032134165506968036,-56.00010120314467,0.5427027651011456,0.023713231408981565,-54.7232811206897,-1.138188766937718
2026-06-24T14:33:10.913000,1311,0.6245498974868975,75.75498096428679,-1.7200166379961206,-93.76895795703093,0.5561116052135875,25.912325145244164,-0.024149601268223377,-56.097086192305966,0.814594031742945,0.5932901600768354,-54.395750284630914,-0.8713011172654782
2026-06-24T14:33:10.923000,1312,0.720204760448372,75.59992365510297,-1.5907805888436013,-93.43321422962879,0.7286742318628495,26.0317288786563,-0.032134165506968036,-55.9354459900321,1.2073252060261832,-0.10524578643552975,-54.49208389755246,-0.7283237630483034
2026-06-24T14:33:10.933000,1313,0.7839765711357172,75.39975948056282,-1.1798068441682164,-93.06282777855999,1.117627621822657,25.82819939026975,-0.19448316135694002,-55.668741608823396,0.4877736577841201,0.14461501513410732,-54.50814064899754,-1.0619348603285246
2026-06-24T14:33:10.953000,1314,0.8663475422503537,75.41667493345935,-0.9678603896374632,-93.44387198860287,0.81358646737136,25.852623278538097,0.2020787662458091,-55.864729215096936,1.2979536623086905,-0.3282404865536694,-54.7746578982897,-0.8198292697472959
2026-06-24T14:33:10.955000,1315,0.7653774107084258,75.24470519848225,-1.3038752275662795,-93.46519036769439,0.7505883001934913,26.126708723800082,-0.07737812435746752,-56.24256150655548,0.6360795935326437,-0.040764835115478314,-53.907665725619175,-1.0600291779122584
2026-06-24T14:33:10.964000,1316,0.5687495631354414,75.72396829160871,-1.3917560740296726,-93.17740798624727,0.4821549333249439,25.936749033512513,0.08497372924633657,-56.062736618813865,0.7596649244259295,0.06670245548610296,-54.06179950629366,-1.0333393894850869
2026-06-24T14:33:10.974000,1317,0.8477483818230624,75.85083418833271,-1.2030696660553593,-93.25734833141131,0.6601968123295908,25.65451937831137,-0.3169121937668659,-56.06475858574968,0.9683908139951625,0.6362764993583653,-54.161343090354436,-0.8503304230069963
2026-06-24T14:33:10.984000,1318,0.6458052656696246,75.54354083018335,-1.3710770850197673,-93.65438061048698,0.44380899010995306,25.898755347145176,-0.11730094555134572,-55.85260609145178,0.6745273146471261,0.27357403297861865,-53.91729908691133,-1.1858472027034803
2026-06-24T14:33:11.003000,1319,0.8530607973339724,75.47869725171223,-1.5313302300217977,-92.9775599844806,0.9587587144255031,25.719649747026974,-0.3940944095724602,-55.943527349298066,0.6278403748799489,0.4052216803252094,-54.86778154007203,-1.0638405427447875
2026-06-24T14:33:11.004000,1320,0.47840711568487704,75.2926302969536,-1.6528120052119393,-92.9935480535134,0.39176344546104347,26.07243535910355,-0.35949558378907415,-55.747539743024525,0.6305857981317959,0.49119724368382156,-54.469607203828915,-1.117218072679236
2026-06-24T14:33:11.014000,1321,1.0124903240523742,75.78881187007984,-1.2521791427068538,-93.21737815882929,0.6738934726726067,25.66266067440082,-0.056087858223318195,-56.14153692250742,0.3037683730701248,-0.5109345920967671,-54.768237956011255,-1.138188766937718
2026-06-24T14:33:11.025000,1322,0.6909779159296784,75.62811506756277,-1.5907805888436013,-93.60641640338856,0.8245420309912269,25.904183849154716,-0.021486174686061274,-55.84048296780662,0.5756596397119241,-0.26375953523361795,-54.957691762840646,-1.2506629209753048
2026-06-24T14:33:11.035000,1323,0.6006354684791141,75.48715497816049,-0.8644709952493054,-93.0361819505531,0.8793257312723776,25.882472754966276,0.021097215336146936,-56.060716821370484,1.1249330194992269,0.09894004635053712,-54.99943517914849,-1.1763146967823743
2026-06-24T14:33:11.053000,1324,0.8105472078989363,75.7183318253787,-1.6941699832317592,-93.17474426178958,0.7177186682429825,26.05072426491511,0.1062639953804859,-55.965753799145006,0.6607972494907275,-0.20733870282854364,-54.57557073016814,-1.0180877893952947
2026-06-24T14:33:11.055000,1325,0.4544926866771323,75.53226184351684,-1.2030696660553593,-92.98288743339597,0.7944134957638671,25.980168308039683,0.0317423484032216,-55.670761406266784,1.0343016143195758,0.06401382598402348,-54.76502798487203,-0.7874203871514383
2026-06-24T14:33:11.065000,1326,0.7281762367842611,75.06991420328691,-1.7096785311565146,-93.45186602311927,0.4711993697050719,26.197267594525222,0.5161344826324717,-55.58589954075065,0.8887440507200529,-0.0703195660690552,-54.16455306149366,-1.1667842377811521
2026-06-24T14:33:11.075000,1327,1.0124903240523742,75.35465261520648,-1.4563740986059321,-92.70309908646529,0.7505883001934913,25.871618664796912,-0.21577628524496018,-56.15366004615258,0.9656424418461617,0.19566147333061426,-54.19345314537012,-0.9323034237848793
2026-06-24T14:33:11.085000,1328,0.6006354684791141,75.26161762427554,-1.7613718406852374,-93.04683970952718,0.6985456966354846,25.820058094180293,0.3085386701781682,-55.917261304564356,0.9326855672353831,0.27357403297861865,-54.48566050739952,-1.0848112370032692
2026-06-24T14:33:11.103000,1329,0.9593461974563925,75.48997623837874,-1.8621774021961672,-93.14276812372398,0.27124342236978316,26.172843706256874,-0.09600782166332557,-56.084963068660805,1.1249330194992269,0.15267513404908442,-54.59483745275246,-0.9265843296161896
2026-06-24T14:33:11.105000,1330,1.0975175029224464,75.40539897389608,-1.4563740986059321,-93.49449992015894,0.5533734495813464,26.00187648837841,0.31652323441695157,-56.10920931595113,0.9381793626362308,-0.25032504211007345,-54.48245053626031,-0.9227709178637697
2026-06-24T14:33:11.116000,1331,0.7547497266170623,75.54354083018335,-1.1203592606771158,-93.61973788682035,1.0874961455043894,25.4157119114871,-0.024149601268223377,-56.10920931595113,0.9985993164569502,0.31118888284717267,-54.47924056512108,-1.0257146129001344
2026-06-24T14:33:11.126000,1332,0.8424331132426089,75.7211500584937,-1.8880240569605287,-92.95091129533037,0.7067631046231155,25.858048866697924,-0.01616503702943999,-55.87483037180629,0.5399543929521449,-0.4383935218616995,-54.64942764936616,-0.7893281164875918
2026-06-24T14:33:11.136000,1333,0.879634287166735,75.50689169127527,-1.55976349299409,-93.41189585053726,0.8382386913342428,25.803775502001393,0.25530728933505326,-55.82229828233888,1.004093111857798,-0.13480051738910664,-54.752181204566156,-0.720698986463351
2026-06-24T14:33:11.158000,1334,0.5846925158072971,75.66194597335584,-1.46412837256831,-93.54246412725736,0.7505883001934913,25.554111031158047,-0.0055170462084945015,-55.93342619258871,0.40812984340616437,0.20640733695207927,-54.585204091460305,-1.1591574142763124
2026-06-24T14:33:11.158000,1335,0.7414629817006424,75.57737173597641,-1.3426465973781778,-93.37991971247166,1.0135424147066487,26.493064133975647,-0.26900480833424306,-56.02232765299161,1.0535284237739657,0.17148111658560475,-54.78108128844263,-0.8713011172654782
2026-06-24T14:33:11.166000,1336,0.48106332344035146,75.64503052045931,-1.4796369204930748,-93.27333353930075,0.5451560415937154,25.996450900218584,0.46024253296106554,-55.65459651824243,1.004093111857798,0.3488008479201351,-54.2929967294309,-0.9418359297059853
2026-06-24T14:33:11.176000,1337,0.46777943159351354,75.50689169127527,-1.3736636932276889,-93.2253721933457,0.8820638869046186,25.920466441333616,-0.18383802828986537,-56.084963068660805,0.701990393857057,-0.04345346461755778,-54.562727397736765,-0.7149798922946649
2026-06-24T14:33:11.186000,1338,0.8636913344949181,75.57737173597641,-1.572685432710924,-93.09214019216789,1.1285831854425241,25.578534919426403,0.08231030266417447,-55.733396821935976,0.8036064409412496,-0.3416720948816223,-54.315473423154444,-0.978056177134372
2026-06-24T14:33:11.206000,1339,1.2224020634721577,75.5407195699651,-1.5623473258713183,-93.58509802429704,0.5670671688334544,26.01001778446786,-0.024149601268223377,-56.16982493417693,0.7459348592695408,-0.040764835115478314,-54.46639723268969,-1.0447775778224626
2026-06-24T14:33:11.207000,1340,0.9008896553495007,75.30390625651688,-1.1151888195919661,-93.35327388446477,0.3835489785643204,25.83091218434966,-0.03745530316358932,-56.21023389999919,0.7294564219641416,0.13924064092553995,-54.7232811206897,-0.8407979170858868
2026-06-24T14:33:11.217000,1341,0.9965473713805185,75.92977195948212,-1.2237486550652643,-92.94025353635627,0.7971516513961081,26.061578355084475,-0.4047424003934057,-56.17386452906371,0.9683908139951625,0.088194182729033,-54.11317628389366,-0.6387259856854681
2026-06-24T14:33:11.227000,1342,0.9168326080213177,75.39975948056282,-1.4848045862475312,-93.06282777855999,0.808110156106878,26.16470241016742,-0.13060950520058248,-56.00010120314467,0.9326855672353831,0.012967367787516544,-54.16455306149366,-1.1153123902629698
2026-06-24T14:33:11.237000,1343,0.7494344580365702,75.25315989782729,-1.660566279174317,-93.56378250634886,1.1203657774548983,26.172843706256874,-0.024149601268223377,-55.660658080065005,0.8914924228690537,0.2843227813956752,-54.395750284630914,-1.0180877893952947
2026-06-24T14:33:11.256000,1344,0.5607780867995136,75.1375729877698,-1.259933416669241,-93.20405381425418,0.7533264558257323,26.045298676755284,-0.3328813222444327,-55.903118383475814,0.9985993164569502,0.25745379514858624,-54.33474014573875,-0.8751124820980073
2026-06-24T14:33:11.257000,1345,0.8530607973339724,75.81982151565465,-1.4899750273326808,-93.26001205586897,0.4136775137916853,25.920466441333616,-0.3302207534161027,-55.596002866952425,1.1990859873734887,-0.6452679841498458,-54.30263009072306,-1.046683260238729
2026-06-24T14:33:11.267000,1346,1.0310894844796656,75.81700328253964,-1.2831962385563744,-93.65970805940235,1.2710172768644263,25.841766274519024,-0.3009430652893379,-55.90917994529839,0.8365633155520381,-0.12674039847409044,-54.66227098179754,-0.8350788229172007
2026-06-24T14:33:11.278000,1347,0.5368636577917688,75.5660927493099,-1.6812452681842223,-93.20405381425418,1.0409327943017725,26.05072426491511,-0.00019590855187321592,-55.828359844161454,0.8695201901628167,0.17416686129205358,-54.44713051010538,-0.930397741368613
2026-06-24T14:33:11.288000,1348,0.3694655078070213,75.38848352099954,-1.3865856329445228,-93.31330371188275,0.5971986451517222,25.678943266579722,-0.10665581248427106,-55.947569113677254,0.7157234079105993,-0.021958852578997087,-54.581994120321085,-0.7416696807218328
2026-06-24T14:33:11.304000,1349,0.879634287166735,75.43922987968915,-1.019553699166186,-93.34794357440602,0.9560205587932621,26.455070447608307,0.14352624774607284,-55.890995259830646,0.7733979384794718,0.30312876393215643,-54.65263762050538,-0.8407979170858868
2026-06-24T14:33:11.308000,1350,0.47575090792944136,75.44204811280416,-1.7665422817703966,-93.55312188623144,0.40272195017181833,25.936749033512513,0.09561886231341124,-55.94958891112064,0.9464185812889254,0.13118052201056282,-54.585204091460305,-1.0714653193297434
2026-06-24T14:33:11.318000,1351,1.2250611242971756,76.10738118779248,-1.570101599833696,-93.05217001958589,0.29315749070042496,25.76035622747423,0.005128086858580163,-56.08900483304,0.7267080498151409,-0.212713077037111,-54.267310064568136,-0.7912337989038581
2026-06-24T14:33:11.328000,1352,1.1294034082661577,75.42795089302263,-1.3659094192653112,-93.50516054027639,1.314842472434802,25.651806584231455,0.17014050929071425,-55.94958891112064,0.9271947207316892,0.2628281693571536,-54.83888145619555,-1.0676539544972108
2026-06-24T14:33:11.338000,1353,0.7600621421279724,75.7211500584937,-1.107434545629579,-93.2839941594182,0.8245420309912269,26.107713337541266,0.502825922983235,-55.965753799145006,1.100215363541143,0.13924064092553995,-54.11317628389366,-0.9647102594608461
2026-06-24T14:33:11.354000,1354,0.6909779159296784,75.66476723357408,-1.6424738983723335,-93.34794357440602,0.969717219136273,25.887901256975812,0.1541713808131475,-56.149618281773385,1.1633836895108631,0.088194182729033,-54.80355798216617,-0.8141101755786062
2026-06-24T14:33:11.358000,1355,0.9912321028000651,75.80290606275813,-1.4150188959168153,-93.49183619570124,1.0518883579216396,26.159273908157882,0.5134739138041805,-56.17588649599952,1.21007062927803,0.015653112493965362,-54.954481791701426,-1.0371528012375102
2026-06-24T14:33:11.369000,1356,0.6112631525705162,75.81700328253964,-1.4796369204930748,-93.29465191839228,0.8382386913342428,26.121283135640255,0.042387481470296265,-55.890995259830646,0.6278403748799489,0.3004430192257076,-53.904455754479955,-0.873206799681741
2026-06-24T14:33:11.379000,1357,0.43854973400527664,75.84237646188446,-1.0092155923265802,-93.75030616354044,0.9368475871857642,25.730503837196338,-0.05874842705160947,-55.93140639514532,0.814594031742945,0.1284947773040749,-54.44713051010538,-0.8884583997715366
2026-06-24T14:33:11.389000,1358,0.6590920105860059,75.15167020755132,-1.4356951095960269,-93.13477408920761,0.5314593812507046,25.931320531502976,-0.045439867402372706,-55.759662866669686,0.9052224880254423,-0.10256004172908093,-54.41180703607599,-1.1153123902629698
2026-06-24T14:33:11.404000,1359,0.7122332841124441,75.59710542198796,-1.6734909942218446,-93.33728581543194,0.7588057081811173,25.716936952947062,-0.2370665513791095,-55.965753799145006,0.4355929226160953,0.1419292704276194,-54.48566050739952,-0.9380225179535654
2026-06-24T14:33:11.409000,1360,1.1320596160215934,76.06791381576939,-1.4744664794079252,-93.12411346909016,0.5807638291764653,25.80920109016122,0.1541713808131475,-55.84048296780662,0.9464185812889254,0.31656325705574,-54.38611692333875,-0.9113327295263974
2026-06-24T14:33:11.419000,1361,0.4172943658225496,75.82264277587291,-1.4176027287940434,-93.32662805645788,1.0135424147066487,25.535115644899236,0.3883814548120925,-56.121332439596294,0.9354339393843839,0.15267513404908442,-54.241619951830906,-0.8274540463322483
2026-06-24T14:33:11.429000,1362,0.722863821273351,75.39975948056282,-1.691583375023828,-93.01752729591924,0.808110156106878,26.012733492397484,0.1541713808131475,-55.80411359687113,0.5179851091430616,0.1123745394740816,-54.49529386869168,-1.2678202034813633
2026-06-24T14:33:11.439000,1363,0.5953201998986606,75.67322496002237,-1.5468387779465627,-93.05749746850125,0.6930664442800997,25.923179235413528,0.13820225233561945,-55.88695349545145,0.8695201901628167,0.34611510321368627,-54.254463284262286,-0.9647102594608461
2026-06-24T14:33:11.456000,1364,0.5262359737004053,75.60556314843623,-1.6062891367683567,-93.35327388446477,0.5369386336060895,25.958457213851243,0.0796497338358832,-56.046573900281935,0.8914924228690537,0.1338691515126032,-54.65263762050538,-1.206815850042075
2026-06-24T14:33:11.460000,1365,0.6112631525705162,75.4617817988157,-1.4356951095960269,-93.49183619570124,0.7588057081811173,26.400797082911776,0.5081499183936884,-55.87483037180629,0.6305857981317959,0.14461501513410732,-55.0187019017328,-0.5224404668153522
2026-06-24T14:33:11.470000,1366,0.5687495631354414,75.5632745161949,-1.422773169879193,-93.3745922635563,0.613633461126974,26.067006857094015,0.3378135005511396,-55.862709417653555,0.7074841892579047,0.10700016526551422,-54.283363368138744,-1.313570909910972
2026-06-24T14:33:11.480000,1367,0.6458052656696246,75.55199855663162,-1.4460359917663264,-93.56378250634886,0.4821549333249439,26.31938412201727,-0.10133181707381768,-55.80411359687113,1.0809915029839066,-0.09449992281406472,-54.736127900995555,-1.008557330394076
2026-06-24T14:33:11.490000,1368,0.7786613025552638,75.42795089302263,-1.601118695683207,-93.58509802429704,1.0135424147066487,26.232545572962938,0.05303547229124175,-55.84048296780662,0.4795344391314254,0.3138746275536606,-54.10996631275443,-1.052402354407415
2026-06-24T14:33:11.507000,1369,0.558121879044078,75.35465261520648,-1.5080674081346643,-93.04683970952718,0.802630903751493,26.0317288786563,0.11690912844759929,-55.77380578775823,0.2817961403638778,0.055953707069007284,-54.59483745275246,-1.052402354407415
2026-06-24T14:33:11.510000,1370,0.43854973400527664,75.7183318253787,-1.244424868744476,-93.07348553753407,0.7095012602553565,25.958457213851243,0.37773632174501787,-56.032430979193386,1.1743683314154048,-0.3846613189587437,-54.421440397368144,-0.9456472945385178
2026-06-24T14:33:11.520000,1371,0.6006354684791141,75.69577687914891,-1.4951454684178305,-93.29998222845097,0.4492853013744351,26.2271170709534,0.12755711926850605,-56.05667722648371,0.5427027651011456,-0.15898087413411616,-54.2929967294309,-0.8789258938504306
2026-06-24T14:33:11.530000,1372,0.7839765711357172,75.7183318253787,-1.2806124056791464,-93.36926195349754,0.8902812948922445,25.904183849154716,0.39104488139425464,-55.80815536125033,0.7569195011740825,0.14998938934263562,-54.270520035707364,-0.8941754470203355
2026-06-24T14:33:11.541000,1373,0.930119352937699,75.83955822876945,-1.241841035867248,-93.14543184818169,1.14227984578554,26.37908598872334,0.03706634381367498,-56.07082014757226,1.12218759624738,0.15267513404908442,-54.270520035707364,-0.8369865522533543
2026-06-24T14:33:11.555000,1374,1.0948612951670107,75.3941230143328,-1.3917560740296726,-93.35860419452347,0.7423708922058604,25.7413579273657,0.7104217354375386,-56.07082014757226,0.7184688311624462,0.22521620428415207,-54.19987653552305,-1.1324696727690318
2026-06-24T14:33:11.561000,1375,0.7175485526928976,75.15448844066633,-1.5830263148812234,-93.48117843672716,0.7533264558257323,25.890614051055724,0.0690046007687698,-55.80411359687113,0.9601515953424677,0.13924064092553995,-53.83060228315641,-0.9761484477982184
2026-06-24T14:33:11.571000,1376,0.8371206977316988,75.38566528788454,-1.0996802716672012,-93.37725598801396,0.7615438638133583,25.554111031158047,0.3484614913720464,-56.08092130428162,0.4026360480053167,0.33536923959222126,-54.48566050739952,-1.0028382362253863
2026-06-24T14:33:11.581000,1377,0.48106332344035146,75.64503052045931,-1.3012913946890514,-93.11345571011609,0.39176344546104347,25.61381289786412,0.12223312385805267,-56.030409012257586,1.001347688605951,0.023713231408981565,-54.21271986795444,-1.1095932960942836
2026-06-24T14:33:11.591000,1378,0.7892918397161707,75.36592857476977,-1.520992123182192,-93.30530967736634,0.7396297954827165,26.042582968825663,-0.20513115217788552,-55.99808140570129,0.5646720489102288,0.1338691515126032,-54.52098398142892,-1.0829035076671156
2026-06-24T14:33:11.605000,1379,0.6590920105860059,75.27571484405706,-1.1772230112909883,-93.26267578032667,0.5670671688334544,25.597530305685215,0.17546450470116765,-55.814216923072905,0.701990393857057,0.6040360236983005,-54.244829922970126,-1.2487551916391477
2026-06-24T14:33:11.611000,1380,0.2738077917760035,76.0707320488844,-1.5520092190317123,-93.24668771129384,0.6108923644038302,25.958457213851243,0.10094285772386462,-55.915241507120975,0.5317151742994503,0.10700016526551422,-54.42465036850737,-1.0638405427447875
2026-06-24T14:33:11.621000,1381,0.9699767346172994,75.2644388844938,-1.0298945813364948,-93.2839941594182,0.641023840722098,25.871618664796912,-0.3382053176548861,-55.828359844161454,0.6278403748799489,0.053267962362558464,-54.23198659053875,-0.8274540463322483
2026-06-24T14:33:11.632000,1382,1.0071750554718821,75.27853307717207,-1.2340867619048703,-93.52647605822455,0.6245890247468411,25.91503793932408,0.01843664650781693,-56.012224326789834,1.1139483775946852,0.30581450863864434,-54.52098398142892,-0.9704293536295322
2026-06-24T14:33:11.642000,1383,0.7308352976092789,75.34901312187321,-1.4150188959168153,-93.61973788682035,0.805369059383734,25.97745260011006,-0.18649859711815664,-56.01424629372565,0.31200759172281944,-0.027333226787525377,-54.569150787889704,-0.84842474059073
2026-06-24T14:33:11.655000,1384,1.0045188477164464,75.52098588395357,-1.1720525702058386,-93.34794357440602,0.980672782756145,25.991022398209047,0.0690046007687698,-56.086982866104194,0.34770988958544496,0.3864156977887282,-54.1388663966309,-0.8846449880191167
2026-06-24T14:33:11.662000,1385,0.985919687289155,75.68731915270065,-1.7019242571941369,-93.34794357440602,0.8519353516772536,26.21626298078404,-0.247714542200055,-55.92332286638694,0.5317151742994503,0.19566147333061426,-54.55951742659754,-0.7740765163977996
2026-06-24T14:33:11.672000,1386,0.8238339528153176,75.498433964827,-1.616627243607972,-93.08414615765149,0.6848490362924737,25.65451937831137,0.111587990790978,-55.67884276553275,0.6525580308380329,0.46432825743673256,-54.47924056512108,-1.1763146967823743
2026-06-24T14:33:11.682000,1387,0.7388067739452067,75.5407195699651,-1.4382817178039486,-93.15342588269809,0.8957605472476294,25.953031625691416,-0.08536268859625092,-56.15770181053177,0.8502963296055805,-0.2100273323306231,-54.36685364862891,-0.863674293760635
2026-06-24T14:33:11.692000,1388,0.8876057635026628,75.22778974558572,-1.2702742988395404,-93.15608960715575,0.7642820194455993,26.075148153183466,-0.053424431641156095,-55.85260609145178,0.6937511752043624,0.1123745394740816,-54.65906101065832,-1.1439078611064075
2026-06-24T14:33:11.707000,1389,0.6750349632578615,75.37720756143628,-1.4460359917663264,-93.02552133043565,0.5314593812507046,26.034441672736214,0.09295829348511996,-55.78390911396001,0.509745890490357,0.023713231408981565,-54.700804426966165,-0.9704293536295322
2026-06-24T14:33:11.713000,1390,0.7733488870443537,75.61683910799951,-1.6114568025228129,-93.65970805940235,0.6711523759494579,25.91503793932408,0.12489369268634395,-55.5414488105492,1.075497707583059,-0.33630060546868557,-54.66548440081125,-0.9551798004596274
2026-06-24T14:33:11.723000,1391,0.8211777450598432,75.33773716230995,-1.5080674081346643,-92.57519739534622,0.8601527596648846,26.208121684694586,-0.2370665513791095,-55.62024911424275,1.0864852983847544,-0.09449992281406472,-54.687961094534785,-0.8560495171756826
2026-06-24T14:33:11.733000,1392,0.7839765711357172,75.78035414363157,-0.8567167212869276,-93.16408364167216,0.6985456966354846,25.936749033512513,0.21272389931288374,-55.75562110229049,0.9683908139951625,0.2359620679056562,-54.65906101065832,-1.0543100837435686
2026-06-24T14:33:11.743000,1393,0.791948047471645,75.67322496002237,-1.2521791427068538,-93.26267578032667,0.6245890247468411,25.497121958531896,0.05037204570907965,-55.91119974274178,0.5069975183413563,0.17685549079413304,-54.52419395256815,-1.3745752633502606
2026-06-24T14:33:11.758000,1394,0.8743190185862816,75.50125219794202,-1.469298813653469,-93.4065684016219,0.961499811148647,25.882472754966276,0.27393698664091126,-55.87483037180629,0.701990393857057,0.35954959633723077,-54.174186422785816,-0.7073551157097089
2026-06-24T14:33:11.763000,1395,0.8132062687239154,75.26161762427554,-1.4176027287940434,-93.27866384935945,1.0025839099958789,26.278677641570017,-0.10133181707381768,-55.947569113677254,0.979375455899704,-0.1804726013770853,-54.44713051010538,-1.0714653193297434
2026-06-24T14:33:11.773000,1396,0.8636913344949181,75.72960778494198,-1.5365006711069473,-93.27066981484305,0.9231509268427533,25.94217462167234,0.12489369268634395,-55.97383515841097,0.9354339393843839,0.18760135441559805,-54.755394623579875,-1.2716315683138957
2026-06-24T14:33:11.783000,1397,1.0417171685710291,75.36592857476977,-1.5468387779465627,-93.33195836651657,0.4821549333249439,25.836340686359197,-0.09600782166332557,-56.293073798579506,0.8283240968993335,0.08550843802258418,-54.12923303533875,-0.8274540463322483
2026-06-24T14:33:11.806000,1398,0.8477483818230624,75.7465232378385,-1.3167971672831136,-92.96157191544779,0.8820638869046186,26.007304990387947,0.09295829348511996,-55.854625888895164,1.0809915029839066,0.1284947773040749,-54.296206700570124,-0.7969528930725477
2026-06-24T14:33:11.806000,1399,0.8876057635026628,75.32927943586168,-1.4563740986059321,-93.07082181307636,0.961499811148647,25.91503793932408,-0.08003869318579752,-56.11325108033032,1.2732360063505965,-0.04345346461755778,-54.62373753662892,-1.1763146967823743
2026-06-24T14:33:11.814000,1400,0.8344616369066812,75.87902560079253,-1.1668849044513825,-93.16941395173087,0.8409768469664839,26.430646559339955,0.4442734044834988,-56.15164024870919,0.7514257057732348,0.238647812612105,-54.63658431693478,-1.1991910734571225
2026-06-24T14:33:11.824000,1401,0.6989493922656063,75.16012793399959,-1.6476443394574831,-92.95091129533037,0.6218508691146001,25.70065436076816,-0.2636836706776218,-55.86877097947613,0.7184688311624462,0.49656873309675825,-54.0328994224172,-0.9475550238746715
2026-06-24T14:33:11.834000,1402,0.7653774107084258,75.27289661094207,-1.0298945813364948,-93.44387198860287,1.2600617132445593,25.646378082221922,0.24998615167843194,-55.77178599031484,1.1359176614037685,0.3944758167037444,-55.20173231840926,-1.183941520287214
2026-06-24T14:33:11.858000,1403,0.8849467026776451,75.58864769553969,-1.4124322877088937,-93.28932160833357,0.9505413064378772,25.63009549004302,-0.03479473433529804,-55.699047248443875,0.8283240968993335,0.415970428742266,-54.54667409416616,-0.9399282003698317
2026-06-24T14:33:11.858000,1404,0.7733488870443537,75.56045628307989,-1.3529847042177836,-93.17740798624727,0.7423708922058604,25.708795656857614,-0.23440598255081824,-55.775827754694035,1.1029607867929898,0.34342935850719836,-53.6026150311584,-1.029525977732667
2026-06-24T14:33:11.864000,1405,1.116116663349738,75.43077215324088,-1.3710770850197673,-93.11611943457375,1.1011928058474052,26.00187648837841,0.3963660190508759,-55.77986734958081,0.7733979384794718,0.22521620428415207,-54.64942764936616,-0.7035417039572891
2026-06-24T14:33:11.874000,1406,1.163945521365266,75.87620736767751,-1.2728581317167684,-93.64371999036953,0.9286301791981383,25.944890329601968,0.4708876660281402,-56.06475858574968,0.9931084699532563,0.28969427080861193,-54.3443735070309,-1.15153263769136
2026-06-24T14:33:11.884000,1407,0.985919687289155,75.57173224264317,-1.5804397066733018,-93.46519036769439,0.7697612718009842,25.646378082221922,0.05037204570907965,-56.214275664378384,1.0672584889303642,0.023713231408981565,-54.65906101065832,-0.8407979170858868
2026-06-24T14:33:11.903000,1408,0.6909779159296784,75.68450091958563,-1.735525185920876,-93.31330371188275,0.7615438638133583,26.020874788486935,-0.1705294686406286,-55.903118383475814,0.9381793626362308,0.15267513404908442,-54.10033295146228,-0.9914000478880141
2026-06-24T14:33:11.905000,1409,0.858376065914426,75.62247860133276,-1.46412837256831,-93.43054764402774,0.9039779552352604,26.126708723800082,0.1541713808131475,-55.80007400198436,0.7514257057732348,0.1419292704276194,-54.187029755217196,-0.8922697646040693
2026-06-24T14:33:11.915000,1410,0.985919687289155,75.59428718887295,-1.2831962385563744,-93.45186602311927,0.9450649951733952,25.5296871428897,0.3591066244391598,-55.78188931651662,0.6388250167844906,0.09087992743552091,-54.392540313491686,-0.6978226097886029
2026-06-24T14:33:11.925000,1411,0.7281762367842611,75.66194597335584,-1.4951454684178305,-93.19872350419543,0.8382386913342428,25.80648829608131,-0.09867124824548767,-55.52528609201727,0.7349472684678355,0.20372159224563047,-54.52419395256815,-0.8446113288383067
2026-06-24T14:33:11.935000,1412,0.31898044203605735,75.94386917926364,-1.2625200248771626,-92.945583846415,0.654717559974206,26.042582968825663,0.06368060535831642,-55.71521213646823,0.7184688311624462,0.2682025435656819,-54.16776648050736,-0.8179235873310295
2026-06-24T14:33:11.948000,1413,0.8849467026776451,75.70705283871219,-1.0040451512414306,-93.14809557263935,0.4492853013744351,26.324812624026812,0.03706634381367498,-55.57175661966211,1.0590192702776597,0.20372159224563047,-54.44713051010538,-1.00093255380912
2026-06-24T14:33:11.958000,1414,1.1692607899457195,75.7465232378385,-1.3917560740296726,-93.26267578032667,1.4381035922492063,26.20540889061467,0.09295829348511996,-55.878872136185485,0.6250920027309482,0.30312876393215643,-54.32189681330737,-0.48812590180322823
2026-06-24T14:33:11.965000,1415,0.9088611316854286,75.9410479190454,-1.1177754277998877,-93.52381233376688,0.5698053244656954,25.80920109016122,-0.2450511156178929,-55.61418755242018,0.35869453148998653,0.2682025435656819,-54.58841751047401,-1.090530331171959
2026-06-24T14:33:11.976000,1416,1.0656315975787738,75.69577687914891,-1.7846346625723801,-93.23869367677744,1.1094102138350312,25.80920109016122,-0.19448316135694002,-55.60206442877501,0.9546577999416201,-0.0756939402775835,-54.633370897921075,-1.0543100837435686
2026-06-24T14:33:11.986000,1417,0.4704356393489492,75.3941230143328,-1.4563740986059321,-93.17474426178958,1.1094102138350312,25.749499223455153,0.2766004132230734,-55.711170372089036,0.8255786736474966,0.2843227813956752,-54.2062964778015,-1.1915662968721665
2026-06-24T14:33:12.007000,1418,0.9327755606931734,75.87338610745927,-1.3555685370950117,-93.60908012784623,0.6108923644038302,26.35737780838461,0.21804789472333713,-55.670761406266784,0.9683908139951625,0.055953707069007284,-54.30263009072306,-1.0333393894850869
2026-06-24T14:33:12.007000,1419,0.9380908292736267,75.75216273117177,-1.3865856329445228,-93.29198819393457,0.5643290132012134,25.39400081729866,0.8115605017133152,-56.00010120314467,1.0892307216366013,-0.0165844783704688,-54.52419395256815,-1.3631370750128882
2026-06-24T14:33:12.016000,1420,0.7122332841124441,75.45614533258568,-1.3167971672831136,-93.44920229866156,0.6656760646849758,25.93403332558289,0.10094285772386462,-56.08900483304,0.7624103476777764,0.33268349488573334,-54.16455306149366,-1.1553460494437797
2026-06-24T14:33:12.026000,1421,0.6245498974868975,75.43922987968915,-1.2831962385563744,-93.26267578032667,0.476675680969554,25.782064407812953,-0.17319289522279072,-55.94958891112064,0.9683908139951625,0.15536087875557233,-54.07464283872504,-0.9532720711234702
2026-06-24T14:33:12.036000,1422,0.7281762367842611,75.37720756143628,-0.869641436334455,-93.32396433200017,0.9149335188551274,25.592104717525388,-0.19182259252864875,-55.77178599031484,0.9354339393843839,0.00490724887250034,-54.3443735070309,-0.7683574222291135
2026-06-24T14:33:12.056000,1423,0.6484643264946423,75.37438630121802,-1.1979020003009029,-93.26800609038537,0.5670671688334544,25.665373468480734,0.11690912844759929,-56.06879818063645,0.8777594088155114,0.05864233657108675,-54.581994120321085,-0.9494607062909377
2026-06-24T14:33:12.056000,1424,0.7441191894561168,75.74088374450525,-1.7329385777129545,-93.2839941594182,0.8409768469664839,25.95574441977133,0.20739990390243038,-56.12739400141887,0.9436731580370785,0.1123745394740816,-54.90952495637987,-1.0981551077569114
2026-06-24T14:33:12.067000,1425,0.5714057708909158,75.45614533258568,-1.6217976846931217,-93.08414615765149,0.6629349679618319,26.213550186704126,0.18078564235778893,-55.890995259830646,0.7953672222885549,-0.23420768907567172,-54.7232811206897,-0.9799618595506383
2026-06-24T14:33:12.077000,1426,1.0576601212428847,75.32927943586168,-1.6631528873822385,-93.25734833141131,0.8711083232847516,25.80648829608131,-0.18117745946153535,-56.183967855265486,0.8283240968993335,0.10700016526551422,-54.50814064899754,-0.8141101755786062
2026-06-24T14:33:12.087000,1427,0.6909779159296784,75.35183438209147,-1.3012913946890514,-93.92350833730023,1.0327153863141467,25.836340686359197,0.31652323441695157,-55.54751037237178,0.5866442816164658,0.2843227813956752,-54.1035429226015,-1.1686899201974184
2026-06-24T14:33:12.106000,1428,0.7892918397161707,75.43922987968915,-1.567517766956468,-93.40123809156314,0.9039779552352604,25.744073635295322,0.16747994046238426,-56.04859369772532,0.5729112675629234,0.03446197982607724,-55.021911872872025,-0.6444450798541542
2026-06-24T14:33:12.107000,1429,0.9274631451822632,75.54354083018335,-1.3865856329445228,-93.79294006058012,0.17263746760916465,25.820058094180293,0.09295829348511996,-55.85664785583097,0.8914924228690537,-0.06494519186048783,-54.28978675829167,-0.995213459640434
2026-06-24T14:33:12.117000,1430,0.8052347923880263,75.77753288341333,-1.228919096150414,-93.60908012784623,0.5533734495813464,25.80648829608131,-0.1385940694393659,-55.84452473218581,0.8997316415217583,0.6120961426133167,-53.98152264481719,-0.9933057303042803
2026-06-24T14:33:12.127000,1431,0.6218908366618798,75.46460305903395,-1.3840018000672947,-93.18806574522135,1.1121483694672722,26.2271170709534,-0.08536268859625092,-55.711170372089036,0.605868142173712,0.4831371247688053,-54.37969698106029,-0.9799618595506383
2026-06-24T14:33:12.137000,1432,0.5740648317158948,75.73242601805698,-1.3038752275662795,-93.40923212607956,0.643761996354339,26.300388735758457,-0.3169121937668659,-55.98798024899194,0.6141073608264066,0.088194182729033,-54.65906101065832,-0.825548363915982
2026-06-24T14:33:12.156000,1433,0.47575090792944136,75.3151852431834,-1.6889995421466095,-93.04150939946847,1.131324282165673,25.773923111723505,-0.10931638131256234,-56.14153692250742,0.9354339393843839,0.10700016526551422,-54.241619951830906,-1.2296922267168229
2026-06-24T14:33:12.158000,1434,0.879634287166735,75.44204811280416,-1.3555685370950117,-93.54512785171502,1.1011928058474052,26.39536858090224,0.39104488139425464,-55.8121949561371,0.8557871761092744,-0.15360649992558786,-54.44391709109168,-0.9094270471101311
2026-06-24T14:33:12.168000,1435,0.8132062687239154,75.25315989782729,-1.347814263132634,-93.44387198860287,0.7478472034703424,26.034441672736214,-0.10931638131256234,-55.814216923072905,1.2540121457933604,0.31118888284717267,-54.421440397368144,-0.8274540463322483
2026-06-24T14:33:12.178000,1436,0.6325213738227866,75.75216273117177,-1.7665422817703966,-93.30530967736634,1.1970606049757828,25.554111031158047,-0.01616503702943999,-56.28903420369274,0.8036064409412496,0.18491560970914925,-54.79071464973479,-1.1629708260287321
2026-06-24T14:33:12.188000,1437,0.6670634869219336,75.42795089302263,-1.3323057152078785,-93.85422861225366,0.7040220078999666,26.056152766924647,0.3032146747677148,-55.96373400170162,0.8914924228690537,0.2923829003106914,-54.40538364592307,-0.7531078690592051
2026-06-24T14:33:12.207000,1438,1.0045188477164464,75.43359038635589,-1.4176027287940434,-93.3745922635563,0.6492412487097239,26.161986702237797,0.15949537622360088,-56.20215254073322,0.5948835002691704,0.06938820019255178,-54.30905348087599,-0.8941754470203355
2026-06-24T14:33:12.208000,1439,0.613919360325952,75.43359038635589,-1.1565440222810832,-93.06016405410229,0.9669761224131291,25.820058094180293,0.111587990790978,-55.77986734958081,0.09504248350088179,-0.45451375969173186,-54.71043778825832,-0.7569192338917377
2026-06-24T14:33:12.218000,1440,0.7999195238075342,75.21651075891921,-1.425357002756421,-93.15342588269809,0.9149335188551274,25.936749033512513,-0.1652083309840073,-56.04859369772532,0.5015066718376624,0.2493965610292007,-54.57557073016814,-0.9456472945385178
2026-06-24T14:33:12.228000,1441,0.512949228784024,75.19677707290766,-1.7251843037505767,-93.06282777855999,0.33698268627080075,26.075148153183466,0.1461868165743641,-55.99201984387871,0.8805048320673583,0.33268349488573334,-54.549884065305385,-1.1629708260287321
2026-06-24T14:33:12.239000,1442,0.9008896553495007,75.59992365510297,-1.3840018000672947,-93.33728581543194,1.0217598226942797,26.083289449272915,-0.1226249409617991,-55.84856432707259,0.4136236388070121,-0.0703195660690552,-54.585204091460305,-0.8045776696575001
2026-06-24T14:33:12.256000,1443,1.0045188477164464,75.54635906329837,-1.2185782139801147,-93.01486357146158,0.6656760646849758,26.02358758256685,-0.481924616199,-56.137495158128225,0.7679041430786241,0.012967367787516544,-55.253112543883745,-0.7512001397230516
2026-06-24T14:33:12.259000,1444,0.5368636577917688,75.81700328253964,-0.9756146635998411,-93.21737815882929,0.9341064904626203,25.931320531502976,-0.07471755552917625,-55.79199047322597,0.7129779846587523,-0.25301367161215293,-54.37969698106029,-1.138188766937718
2026-06-24T14:33:12.269000,1445,0.6803502318383149,75.35465261520648,-1.0919259977048235,-93.16408364167216,0.8355005357020018,26.020874788486935,-0.053424431641156095,-56.21023389999919,0.5948835002691704,0.1419292704276194,-54.3283202034603,-1.046683260238729
2026-06-24T14:33:12.279000,1446,1.2250611242971756,75.40821720701109,-1.5003131341722866,-93.36926195349754,0.7149805126107415,25.953031625691416,0.24998615167843194,-55.69096588917791,0.22686998194401606,-0.005838614748964683,-54.69759445582694,-0.8427056464220405
2026-06-24T14:33:12.289000,1447,0.39072087598978705,75.47587901859723,-1.0298945813364948,-93.31330371188275,0.20824525519191447,25.94217462167234,-0.03479473433529804,-55.545490574928394,0.789876375784861,0.08550843802258418,-54.41180703607599,-1.1477192259389366
2026-06-24T14:33:12.338000,1448,0.7414629817006424,75.88466509412578,-1.6476443394574831,-93.31330371188275,0.9888901907437709,26.41979246917059,-0.2370665513791095,-56.23246034984612,0.8777594088155114,0.15536087875557233,-54.203086506662274,-0.8522361054232627
2026-06-24T14:33:12.338000,1449,0.6776911710132971,75.29826979028687,-1.3142133344058855,-93.49449992015894,0.20550709955967345,25.592104717525388,0.07432573842539109,-55.65055692335565,1.1551444708581684,0.055953707069007284,-54.5338273138603,-0.8922697646040693
2026-06-24T14:33:12.338000,1450,0.7547497266170623,75.80290606275813,-1.7458632927604818,-92.76438763813881,0.5150245652754477,25.84719477652856,0.08231030266417447,-55.82431807978226,0.8338178923001912,0.17685549079413304,-54.59483745275246,-0.798858575488814
2026-06-24T14:33:12.338000,1451,0.8636913344949181,75.14885197443631,-1.3245514412454913,-93.00686953694516,0.34793824989066774,25.953031625691416,0.3138598078347895,-55.80411359687113,0.5427027651011456,-0.11599165005699477,-54.241619951830906,-0.9914000478880141
2026-06-24T14:33:12.340000,1452,0.8318054291512454,75.76625692385005,-1.5778558737960737,-93.05749746850125,0.5752845768210804,25.708795656857614,-0.3834492765053856,-56.03647057408016,0.701990393857057,0.06401382598402348,-54.408597064936764,-1.313570909910972
2026-06-24T14:33:12.350000,1453,0.5714057708909158,75.62811506756277,-1.5907805888436013,-93.49716650575999,0.8930223916153884,25.94760312368188,0.1488473854026941,-55.915241507120975,0.7157234079105993,-0.08375117439696905,-54.16776648050736,-0.6806653272825409
2026-06-24T14:33:12.360000,1454,0.4358935262498409,75.18267985312615,-1.1591306304890048,-93.51581829925047,0.6930664442800997,25.96388571586078,0.22070846355166712,-55.92332286638694,0.3339768755319026,-0.17509822716851792,-54.456763871397534,-0.8293617756684019
2026-06-24T14:33:12.370000,1455,1.1373748846020468,75.99743377106826,-1.3064590604435076,-93.48117843672716,0.9258890824749944,25.87975996088636,-0.1332700740289125,-55.8465445296292,0.5207305323949086,-0.021958852578997087,-54.79071464973479,-0.995213459640434
2026-06-24T14:33:12.380000,1456,0.3375796024633487,75.64221228734431,-1.46412837256831,-93.10279795114197,0.81358646737136,25.82819939026975,0.05303547229124175,-56.04859369772532,0.47678901587957845,0.13118052201056282,-54.09711953244857,-0.8751124820980073
2026-06-24T14:33:12.390000,1457,1.0682906584037917,75.98051831817172,-1.7329385777129545,-93.35593760892243,0.40546010580405933,25.87975996088636,0.33515293172280963,-55.943527349298066,0.1719408746269905,0.4831371247688053,-54.549884065305385,-0.9647102594608461
2026-06-24T14:33:12.400000,1458,0.5740648317158948,75.42231442679261,-1.4486198246435544,-93.31063998742505,0.8902812948922445,25.426566001656465,-0.1625449044018452,-55.798052035048556,0.8722656134146637,0.3971615614101932,-54.64942764936616,-0.8274540463322483
2026-06-24T14:33:12.411000,1459,0.8477483818230624,75.47869725171223,-1.1591306304890048,-93.49449992015894,0.6875871919247147,25.904183849154716,0.021097215336146936,-56.00818473190307,0.8365633155520381,0.07744831910756797,-54.996225208009264,-0.8198292697472959
2026-06-24T14:33:12.421000,1460,0.6989493922656063,75.72396829160871,-1.4951454684178305,-93.15608960715575,1.0655850182646556,25.94760312368188,0.324507798655735,-56.04051233845936,0.9381793626362308,0.33268349488573334,-54.61089420419754,-0.873206799681741
2026-06-24T14:33:12.431000,1461,1.2542879688158304,75.73524727827522,-1.691583375023828,-93.68369016295155,0.44380899010995306,25.657232172391282,0.05835660994786304,-55.97383515841097,1.141411456804626,0.04520784344754226,-54.280153396999516,-1.0333393894850869
2026-06-24T14:33:12.441000,1462,0.8849467026776451,75.45050583925243,-1.3219676083682632,-93.50782426473405,0.7971516513961081,25.611100103784203,-0.30892762952808256,-55.53942901310582,0.5536874070056872,-0.13748626209555545,-54.71686117841124,-0.7454810455543653
2026-06-24T14:33:12.451000,1463,1.0470324371514825,75.65348824690757,-1.345230430255406,-93.48117843672716,0.9149335188551274,25.969314217870316,-0.1598843355735152,-56.15366004615258,0.7404410638686832,-0.14554638101057166,-54.16776648050736,-0.825548363915982
2026-06-24T14:33:12.461000,1464,0.7839765711357172,75.59992365510297,-1.3012913946890514,-93.59575578327112,0.8574116629417358,26.30853003184791,-0.45797092348264984,-55.95969223732242,0.5289697510476032,0.1983472180370631,-54.45997384253676,-1.0638405427447875
2026-06-24T14:33:12.471000,1465,0.9912321028000651,75.77471465029832,-1.567517766956468,-93.39058033258907,0.7478472034703424,25.94760312368188,0.13554168350728943,-55.84452473218581,0.8887440507200529,0.088194182729033,-54.62373753662892,-1.138188766937718
2026-06-24T14:33:12.481000,1466,0.7892918397161707,75.54354083018335,-1.2237486550652643,-93.13743781366527,0.8601527596648846,25.82548368234012,0.01577321992565483,-55.981918687169355,0.8365633155520381,0.3380549842986701,-54.244829922970126,-0.7073551157097089
2026-06-24T14:33:12.491000,1467,0.7414629817006424,75.59710542198796,-1.4667122054455382,-93.58776460989809,0.5917193927963322,25.66266067440082,0.005128086858580163,-56.22437682108774,0.8502963296055805,0.026401860911061035,-54.21914325810737,-0.7035417039572891
2026-06-24T14:33:12.502000,1468,0.8371206977316988,75.63939405422929,-1.6631528873822385,-93.12411346909016,0.9039779552352604,25.94217462167234,-0.19182259252864875,-55.901098586032425,0.7184688311624462,0.00490724887250034,-54.581994120321085,-1.008557330394076
2026-06-24T14:33:12.512000,1469,1.062975389823338,75.88748332724079,-1.1823934523761475,-92.93492322629756,1.0984546502151642,25.849907570608472,0.3032146747677148,-55.854625888895164,0.9107162834263,0.1177489136826099,-54.47281717496814,-1.0543100837435686
2026-06-24T14:33:12.522000,1470,0.6803502318383149,75.37156806810302,-1.6114568025228129,-93.06282777855999,0.5971986451517222,26.335666714196176,0.1062639953804859,-56.030409012257586,0.9381793626362308,0.4428365301937634,-54.12280964518582,-0.8789258938504306
2026-06-24T14:33:12.532000,1471,0.6431490579141889,75.44486634591917,-1.6062891367683567,-93.32396433200017,0.6766316283048478,26.096859247371906,0.029081779574891595,-56.012224326789834,0.8997316415217583,0.31118888284717267,-54.11638625503288,-0.9399282003698317
2026-06-24T14:33:12.542000,1472,0.7520906657920445,75.28417257050535,-1.3710770850197673,-93.64371999036953,0.7286742318628495,25.966598509940695,-0.2530356798566763,-55.55761369857356,0.9134617066781469,0.17685549079413304,-54.21592983909367,-1.1858472027034803
2026-06-24T14:33:12.552000,1473,0.8344616369066812,75.5632745161949,-1.6734909942218446,-93.57710398978062,0.816324623003601,25.820058094180293,-0.2104522898345068,-55.89503702420985,0.9024770647735953,0.43208778177670687,-54.395750284630914,-0.9418359297059853
2026-06-24T14:33:12.562000,1474,0.17283766023403693,75.5660927493099,-1.2315029290276422,-93.36926195349754,1.2189746733064246,26.045298676755284,0.0716651695970998,-56.25670442764403,0.9903600978042556,-0.03001897149401329,-54.562727397736765,-1.1400944493539842
2026-06-24T14:33:12.572000,1475,0.7016056000210806,75.9015805470223,-0.9678603896374632,-93.13477408920761,0.816324623003601,25.920466441333616,0.46024253296106554,-56.04051233845936,1.1743683314154048,0.5825442964553704,-54.30905348087599,-1.2335056384692429
2026-06-24T14:33:12.582000,1476,1.0178027395632843,75.76343869073504,-1.6192110764851906,-93.23069964226107,0.9039779552352604,26.20269318268505,-0.2743288037446964,-55.98393848461274,0.9326855672353831,-0.25301367161215293,-54.819614733611246,-0.8789258938504306
2026-06-24T14:33:12.593000,1477,0.47840711568487704,75.3941230143328,-1.2728581317167684,-93.27066981484305,0.791675340131626,26.099572041451818,-0.2743288037446964,-55.62024911424275,0.7239626265632939,0.05864233657108675,-54.44713051010538,-1.0028382362253863
2026-06-24T14:33:12.603000,1478,0.9513747211204647,75.45050583925243,-1.4176027287940434,-92.98555401899702,0.8574116629417358,26.00187648837841,0.3191838032452816,-55.86877097947613,0.957403223193467,-0.5539209313782969,-54.806771401179866,-0.896083176356489
2026-06-24T14:33:12.613000,1479,0.9168326080213177,75.23342621181574,-1.5287463971445696,-93.09214019216789,0.9012368585121115,25.754927725464693,-0.1652083309840073,-56.23448014728951,0.43009912721524757,-0.11599165005699477,-54.280153396999516,-1.1915662968721665
2026-06-24T14:33:12.623000,1480,0.7813203633802428,75.43077215324088,-2.0534448677170154,-93.21471157322826,0.9176716744873684,26.121283135640255,0.1541713808131475,-55.89907661909662,1.1029607867929898,0.05864233657108675,-54.280153396999516,-0.84842474059073
2026-06-24T14:33:12.633000,1481,0.8052347923880263,75.4730607854822,-1.3374761562930282,-93.30264595290868,0.9450649951733952,25.56768082925704,-0.08003869318579752,-56.14557868688661,0.8667747669109698,0.08550843802258418,-54.700804426966165,-1.0638405427447875
2026-06-24T14:33:12.649000,1482,0.6325213738227866,75.22215025225246,-1.3064590604435076,-93.36659822903988,0.8190657197267449,25.575822125346487,-0.49256974926607466,-56.214275664378384,0.5399543929521449,0.15536087875557233,-54.228776619399525,-1.1057798843418638
2026-06-24T14:33:12.653000,1483,0.6644072791664593,75.59710542198796,-1.660566279174317,-93.34527984994835,1.150497253773166,25.84719477652856,0.4176591429388573,-56.133455563241455,1.031556191067729,0.04789358815399108,-54.50814064899754,-1.1591574142763124
2026-06-24T14:33:12.663000,1484,1.2888300819149774,75.54635906329837,-1.3659094192653112,-93.27066981484305,0.5122864096432117,26.324812624026812,0.3271683674840262,-55.84856432707259,0.9354339393843839,-0.1965928392070786,-54.755394623579875,-0.6673214565289024
2026-06-24T14:33:12.673000,1485,0.8636913344949181,75.46460305903395,-1.1462059154414772,-93.35593760892243,1.0299772306819057,25.697938652838538,-0.08003869318579752,-56.024347450435,0.5674204210592295,-0.08106542969052023,-53.99436597724857,-0.873206799681741
2026-06-24T14:33:12.684000,1486,0.8238339528153176,75.45050583925243,-1.4951454684178305,-93.21471157322826,0.7861960877762362,25.776638819653126,0.16747994046238426,-56.10314775412855,0.8777594088155114,0.1123745394740816,-54.549884065305385,-1.00093255380912
2026-06-24T14:33:12.700000,1487,0.5102930210285497,75.57173224264317,-1.520992123182192,-93.54512785171502,0.8957605472476294,25.73864513328579,0.4176591429388573,-55.99000004643532,0.4795344391314254,0.3488008479201351,-54.31868684216815,-0.4785933958821222
2026-06-24T14:33:12.704000,1488,0.8849467026776451,75.69013738581566,-1.0686659511483836,-92.9109439838917,0.6656760646849758,25.678943266579722,-0.11996151437967574,-55.99000004643532,1.0480346283731181,0.47507700585378915,-54.37327359090737,-0.8293617756684019
2026-06-24T14:33:12.714000,1489,1.1506616295184282,75.39975948056282,-1.3245514412454913,-93.23069964226107,0.8245420309912269,25.925892029493443,0.41233514752840394,-55.64247339459727,0.44657756452064684,0.18760135441559805,-54.49850728770539,-1.2087235793782285
2026-06-24T14:33:12.724000,1490,0.4598079552575857,75.48997623837874,-0.9962908772790527,-93.00953612254621,0.6985456966354846,25.782064407812953,-0.26634423950591307,-56.05263546210451,0.5015066718376624,0.44820801960670015,-54.69117106567401,-0.5033754549731366
2026-06-24T14:33:12.734000,1491,0.7520906657920445,75.49561270460876,-1.660566279174317,-93.07348553753407,0.6738934726726067,25.887901256975812,0.3883814548120925,-55.67682296808937,0.9711362372470094,0.28969427080861193,-54.33153017459952,-1.056215766159835
2026-06-24T14:33:12.751000,1492,0.9620052582813715,75.59428718887295,-1.1306973675167218,-93.14809557263935,1.0573676102770295,26.0317288786563,-0.0055170462084945015,-56.04051233845936,0.6690364681434322,-0.3040601298086599,-54.023266061125035,-1.113406707846707
2026-06-24T14:33:12.754000,1493,1.3499456848468483,75.32927943586168,-1.3116295015286574,-93.39590778150443,1.008063162351264,25.83091218434966,0.28192155087969467,-56.10920931595113,0.9491640045407724,0.042522098741054344,-54.62373753662892,-0.6082248324257675
2026-06-24T14:33:12.764000,1494,0.6697196946773694,75.45050583925243,-0.9316728527027931,-93.41722616059596,0.7861960877762362,25.472698070263544,-0.19448316135694002,-56.14355671995081,0.9024770647735953,-0.06494519186048783,-54.639794288074,-0.873206799681741
2026-06-24T14:33:12.775000,1495,0.9221478766018099,75.73242601805698,-1.3323057152078785,-92.82833991427002,1.0546294546447885,25.912325145244164,0.0690046007687698,-55.96373400170162,0.770649566330471,0.06938820019255178,-54.360430258475986,-1.1076876136780174
2026-06-24T14:33:12.785000,1496,0.8238339528153176,75.63375456089604,-1.7665422817703966,-93.83557681876317,1.2819728404842932,26.09414353944228,0.16481651388022214,-55.733396821935976,1.2540121457933604,0.2682025435656819,-54.585204091460305,-0.9265843296161896
2026-06-24T14:33:12.802000,1497,0.613919360325952,75.62247860133276,-1.1979020003009029,-93.12411346909016,1.46549397184433,25.77121031764359,-0.19182259252864875,-56.060716821370484,1.2540121457933604,-0.2100273323306231,-54.64942764936616,-1.0238068835639809
2026-06-24T14:33:12.805000,1498,0.7095770763569698,75.76343869073504,-1.0143860334117298,-93.63039850693775,0.5971986451517222,25.89332684513564,0.3138598078347895,-55.798052035048556,1.0150777537623394,0.5610496844168097,-54.81319134345832,-1.3288225100007642
2026-06-24T14:33:12.815000,1499,1.086889818831083,75.60838138155124,-1.570101599833696,-93.26001205586897,1.2545824608891745,25.852623278538097,0.22869302779045053,-56.04051233845936,0.4548167831733415,0.08550843802258418,-54.395750284630914,-0.8884583997715366
2026-06-24T14:33:12.825000,1500,1.01514653180781,75.58582946242468,-1.066079342940462,-93.2493542968949,0.635544588366713,25.65451937831137,0.16481651388022214,-56.21629546182177,0.5838988583646189,0.3568609668351513,-54.63658431693478,-1.1629708260287321
2026-06-24T14:33:12.835000,1501,0.5023215446926218,75.19959530602267,-0.9135804719008095,-93.11611943457375,0.460243806085205,26.137565727819158,0.09029486690295786,-55.901098586032425,0.9107162834263,0.17416686129205358,-54.392540313491686,-0.9608988946283135
2026-06-24T14:33:12.852000,1502,0.722863821273351,75.5407195699651,-1.8440822460634902,-93.54246412725736,0.6218508691146001,25.719649747026974,-0.2104522898345068,-55.84452473218581,0.38890598284892813,-0.08106542969052023,-54.549884065305385,-0.9628045770445798
2026-06-24T14:33:12.856000,1503,0.8158624764793898,75.5632745161949,-1.2315029290276422,-92.88696188034251,0.6875871919247147,25.87975996088636,-0.10931638131256234,-56.04051233845936,1.0919761448884482,0.31118888284717267,-54.49850728770539,-0.9856809537193278
2026-06-24T14:33:12.866000,1504,1.0895460265865573,75.32082170941341,-1.1772230112909883,-93.17740798624727,0.8300212833466168,25.803775502001393,0.0077886556869101705,-56.030409012257586,0.8667747669109698,-0.24495355269713673,-54.44391709109168,-0.7664517398128472
2026-06-24T14:33:12.876000,1505,1.2011466952894307,75.87902560079253,-1.453790265728704,-93.16408364167216,0.4273741741346962,25.93403332558289,0.13820225233561945,-55.75158150740371,0.7788887849831657,-0.22345894065857602,-54.30584006186229,-0.9723370829656858
2026-06-24T14:33:12.886000,1506,0.7653774107084258,75.55481678974662,-1.3348923234158,-93.33728581543194,0.9669761224131291,25.72236254110689,0.05037204570907965,-55.864729215096936,0.5866442816164658,0.49119724368382156,-54.48245053626031,-1.0104630128103387
2026-06-24T14:33:12.903000,1507,0.9806044187087016,75.41667493345935,-1.2961209536039018,-93.76096392251452,1.0354535419463877,26.11856742771063,0.03706634381367498,-55.759662866669686,0.3312314522800557,-0.005838614748964683,-54.3443735070309,-0.8751124820980073
2026-06-24T14:33:12.906000,1508,0.8344616369066812,75.4617817988157,-1.3710770850197673,-93.00953612254621,0.8491942549541098,25.94217462167234,0.03706634381367498,-55.98798024899194,0.6141073608264066,0.07476257440108006,-54.408597064936764,-0.9075213646938649
2026-06-24T14:33:12.916000,1509,0.985919687289155,76.0707320488844,-1.6502281723347112,-93.68369016295155,0.8902812948922445,25.863477368707457,-0.10133181707381768,-55.95969223732242,0.7486802825213879,0.2789484071871469,-54.78750467859556,-1.0600291779122584
2026-06-24T14:33:12.926000,1510,0.9434032447845369,75.67604319313737,-1.4176027287940434,-93.14809557263935,0.8409768469664839,25.80920109016122,0.0796497338358832,-56.044554102838546,0.8448025342047328,-0.12674039847409044,-54.49208389755246,-0.8179235873310295
2026-06-24T14:33:12.937000,1511,0.558121879044078,75.48433674504548,-1.1979020003009029,-93.51848202370813,0.9998457543636379,25.678943266579722,0.3032146747677148,-55.79603223760517,1.0562738470258128,0.2520823057356495,-54.37006361976814,-1.1076876136780174
2026-06-24T14:33:12.954000,1512,0.9487185133649904,75.64503052045931,-1.2625200248771626,-92.95091129533037,0.8848049836277625,26.09414353944228,-0.2530356798566763,-55.74350014813775,0.7184688311624462,0.21446745586709548,-54.023266061125035,-1.2659124741452097
2026-06-24T14:33:12.957000,1513,0.5102930210285497,75.54354083018335,-1.3374761562930282,-93.29198819393457,0.802630903751493,25.754927725464693,0.2606312847455453,-55.7232934957342,0.31200759172281944,0.20372159224563047,-54.7232811206897,-0.8884583997715366
2026-06-24T14:33:12.967000,1514,0.7494344580365702,75.30954574985014,-1.5571768847861684,-93.47584812666847,0.4821549333249439,26.11585463363072,0.05037204570907965,-56.086982866104194,0.6690364681434322,-0.212713077037111,-54.54667409416616,-0.8026719872412339
2026-06-24T14:33:12.977000,1515,0.8424331132426089,75.62247860133276,-1.3348923234158,-93.2839941594182,0.7067631046231155,26.151132612068434,-0.04277929857408143,-56.15770181053177,1.0562738470258128,-0.22883331486710431,-53.96867931238582,-0.652071903358994
2026-06-24T14:33:12.987000,1516,0.8238339528153176,75.66476723357408,-1.4356951095960269,-93.43321422962879,0.42189492177931126,25.836340686359197,-0.06939356011868414,-55.8768523387421,0.5536874070056872,-0.4598881339002602,-54.44070711995246,-1.1553460494437797
2026-06-24T14:33:13.003000,1517,0.9407470370291011,75.59428718887295,-1.1668849044513825,-93.26267578032667,0.5013279049324368,25.79292141183203,0.24998615167843194,-56.16982493417693,0.8585355482582752,0.1177489136826099,-53.87234569946426,-0.8941754470203355
2026-06-24T14:33:13.007000,1518,0.6989493922656063,75.41103846722933,-1.5184082903049638,-93.49716650575999,0.9587587144255031,25.67623047249981,-0.03479473433529804,-56.25872639457984,0.9217009253308416,0.4267162923637701,-54.228776619399525,-0.65969667994395
2026-06-24T14:33:13.017000,1519,0.8132062687239154,75.24188393826401,-1.6476443394574831,-93.51315171364944,0.8464560993218688,25.94217462167234,0.1488473854026941,-55.917261304564356,0.7569195011740825,-0.005838614748964683,-54.752181204566156,-1.0333393894850869
2026-06-24T14:33:13.028000,1520,0.8769752263417173,75.05017749017213,-0.7895148638334398,-93.44920229866156,0.7724994274332252,26.275964847490105,0.5693630057217547,-56.11729067521709,1.0480346283731181,0.2493965610292007,-54.585204091460305,-0.7797956105664858
2026-06-24T14:33:13.038000,1521,0.9938911636250828,75.68450091958563,-1.208240107140509,-93.68369016295155,0.295895646332666,25.890614051055724,0.24466215626797858,-56.07688170939484,0.9107162834263,0.10162867585257748,-54.14207636777013,-0.9227709178637697
2026-06-24T14:33:13.052000,1522,0.6272061052423332,75.85083418833271,-1.3840018000672947,-93.43054764402774,0.4985897493001958,25.689797356749086,0.21006333048459247,-55.70915057464565,0.9162100788271477,0.053267962362558464,-54.49529386869168,-0.8293617756684019
2026-06-24T14:33:13.058000,1523,0.7999195238075342,75.58864769553969,-1.5571768847861684,-93.70234195644203,0.9121953632228863,25.901468141225088,-0.23174541372248822,-56.2082141025558,1.0809915029839066,-0.09718566752051354,-54.360430258475986,-0.7531078690592051
2026-06-24T14:33:13.068000,1524,0.8663475422503537,75.39975948056282,-1.3814179671900666,-93.12411346909016,0.4931104969448109,25.936749033512513,-0.026810170096514655,-56.086982866104194,0.8448025342047328,0.18491560970914925,-54.581994120321085,-0.8331731405009344
2026-06-24T14:33:13.078000,1525,0.7946042552270807,75.65348824690757,-1.4356951095960269,-93.44387198860287,0.6245890247468411,26.322096916097184,0.43894940907304536,-55.65459651824243,0.5866442816164658,0.055953707069007284,-54.6719043430897,-0.8713011172654782
2026-06-24T14:33:13.088000,1526,1.0762621347397194,75.5632745161949,-1.200485833178131,-93.11079198565838,0.5533734495813464,25.860764574627545,-0.14923920250644054,-55.93342619258871,1.0150777537623394,0.5583639397103609,-54.59805087176616,-0.9933057303042803
2026-06-24T14:33:13.102000,1527,0.3588349706460758,75.54354083018335,-1.3840018000672947,-93.56910995526422,0.42189492177931126,26.213550186704126,0.16747994046238426,-55.798052035048556,1.0809915029839066,-0.37391257054164806,-54.76502798487203,-0.8141101755786062
2026-06-24T14:33:13.108000,1528,1.0124903240523742,75.91003827347059,-1.2237486550652643,-93.1267800546912,1.0190187259711307,26.01001778446786,0.3803968905733091,-55.83037964160484,1.0480346283731181,0.19297572862412635,-54.44070711995246,-1.0848112370032692
2026-06-24T14:33:13.119000,1529,0.9221478766018099,75.13193652153979,-1.4020941808692877,-93.07082181307636,0.5040690016555808,25.597530305685215,-0.4180481022888104,-55.890995259830646,0.6607972494907275,0.16610962717266803,-54.41180703607599,-0.8064853989936538
2026-06-24T14:33:13.129000,1530,0.8132062687239154,75.86211014789599,-1.244424868744476,-93.29198819393457,1.14227984578554,25.83091218434966,-0.31158819835641255,-55.828359844161454,1.2073252060261832,0.14998938934263562,-54.34116353589168,-0.6501641740228404
2026-06-24T14:33:13.139000,1531,0.7414629817006424,75.91285650658558,-1.3943399069069007,-93.23069964226107,0.808110156106878,26.0317288786563,-0.3302207534161027,-55.94958891112064,0.8255786736474966,0.19566147333061426,-54.27693997798582,-0.863674293760635
2026-06-24T14:33:13.151000,1532,1.0656315975787738,75.18267985312615,-1.3607389781801615,-93.25734833141131,0.6821108806602327,25.782064407812953,0.21272389931288374,-56.10516755157193,0.5756596397119241,0.04789358815399108,-54.22556320038582,-1.2525686033915675
2026-06-24T14:33:13.159000,1533,0.6803502318383149,75.14039424798806,-1.0479869621384785,-93.34261612549065,0.8601527596648846,26.384514490732876,0.43362827141642407,-56.200130573797416,0.8036064409412496,-0.04345346461755778,-53.637935057313314,-0.7664517398128472
2026-06-24T14:33:13.169000,1534,1.001862639960972,75.62247860133276,-1.0040451512414306,-93.74764243908274,0.9998457543636379,25.79292141183203,0.28192155087969467,-55.759662866669686,1.1990859873734887,0.19297572862412635,-54.86778154007203,-0.9380225179535654
2026-06-24T14:33:13.179000,1535,0.7839765711357172,75.74088374450525,-1.833744139223875,-93.73698468010868,1.0244979783265207,26.11585463363072,0.09029486690295786,-55.798052035048556,0.8887440507200529,0.021027486702532745,-54.585204091460305,-1.2087235793782285
2026-06-24T14:33:13.189000,1536,1.4030869583732866,75.25598115804553,-1.2340867619048703,-93.13210750360656,0.6629349679618319,25.66266067440082,0.17812507352945892,-55.77380578775823,0.6388250167844906,-0.22883331486710431,-54.469607203828915,-0.8941754470203355
2026-06-24T14:33:13.200000,1537,0.7494344580365702,75.89875928680407,-1.3917560740296726,-93.34261612549065,0.6711523759494579,25.80648829608131,-0.05874842705160947,-56.060716821370484,0.6717818913952791,0.4428365301937634,-54.51135062013677,-0.9761484477982184
2026-06-24T14:33:13.210000,1538,1.1745760585262115,75.95232387860868,-1.1875611181306036,-92.9322595018399,0.7834579321440001,25.7413579273657,0.08497372924633657,-55.91119974274178,0.7349472684678355,0.36760971525224695,-54.21914325810737,-1.052402354407415
2026-06-24T14:33:13.220000,1539,0.4491774180966402,75.84237646188446,-1.6062891367683567,-92.92426546732348,0.6191097723914561,25.91503793932408,0.09295829348511996,-55.94958891112064,1.0535284237739657,0.053267962362558464,-54.161343090354436,-1.069559636913477
2026-06-24T14:33:13.230000,1540,0.8530607973339724,75.75779919740178,-1.55976349299409,-92.92160174286578,0.8902812948922445,26.05072426491511,0.39104488139425464,-55.97585712534678,1.3199258950149275,0.18491560970914925,-54.957691762840646,-0.9189595530312372
2026-06-24T14:33:13.240000,1541,0.8264901605707533,75.39975948056282,-1.3271380494534224,-93.04150939946847,0.8272831277143758,25.904183849154716,0.13554168350728943,-56.03849254101597,0.5976289235210174,0.04789358815399108,-54.33153017459952,-1.2716315683138957
2026-06-24T14:33:13.251000,1542,0.7175485526928976,75.42795089302263,-1.453790265728704,-93.67569612843513,1.0025839099958789,26.056152766924647,-0.06939356011868414,-55.62024911424275,0.7624103476777764,0.10162867585257748,-54.79071464973479,-0.7264180806320372
2026-06-24T14:33:13.260000,1543,0.3747779233179314,75.45050583925243,-1.1462059154414772,-93.19872350419543,0.5889812371640912,25.820058094180293,0.042387481470296265,-56.11729067521709,0.5866442816164658,0.47507700585378915,-54.37327359090737,-1.0752787310821632
2026-06-24T14:33:13.270000,1544,0.4252658421584387,75.22778974558572,-1.3038752275662795,-93.59575578327112,0.6081542087715891,26.00187648837841,-0.21577628524496018,-55.668741608823396,0.7349472684678355,-0.05151358353253489,-54.14207636777013,-1.1667842377811521
2026-06-24T14:33:13.280000,1545,0.7308352976092789,75.77753288341333,-1.4020941808692877,-93.65438061048698,0.7807168354208512,25.320729152493605,-0.06673299129039285,-55.8121949561371,1.0700068610793652,-0.35779233271161565,-54.755394623579875,-0.8293617756684019
2026-06-24T14:33:13.291000,1546,0.7946042552270807,75.09810561574672,-1.0040451512414306,-93.04150939946847,0.7177186682429825,25.93403332558289,0.17812507352945892,-55.83644120342742,0.8036064409412496,-0.05957370244755109,-54.61410417533677,-1.161065143612466
2026-06-24T14:33:13.302000,1547,0.5900077843877505,75.80008782964312,-1.1565440222810832,-93.37991971247166,0.7807168354208512,26.02358758256685,-0.23174541372248822,-55.79199047322597,0.8118456595939443,0.31118888284717267,-54.347586926044606,-1.1934719792884327
2026-06-24T14:33:13.311000,1548,0.9327755606931734,75.83391873543619,-1.3012913946890514,-93.41988988505364,0.39998085344866946,26.012733492397484,0.12755711926850605,-55.893015057274035,0.9711362372470094,0.13118052201056282,-54.67832773324263,-0.968523671213266
2026-06-24T14:33:13.321000,1549,0.7520906657920445,75.05017749017213,-1.5520092190317123,-93.05749746850125,0.791675340131626,25.776638819653126,-0.01616503702943999,-55.660658080065005,0.3916514061007751,0.18760135441559805,-54.78750467859556,-1.3669484398454208
2026-06-24T14:33:13.331000,1550,0.6165784211509697,75.2672571176088,-1.3736636932276889,-93.84623457773725,0.6492412487097239,25.651806584231455,0.29789067935726143,-55.84452473218581,1.0782460797320597,0.19297572862412635,-53.86592230931134,-0.7454810455543653
2026-06-24T14:33:13.341000,1551,0.5395198655472432,76.17786123249363,-1.1177754277998877,-93.14276812372398,1.1231068741780421,26.278677641570017,0.042387481470296265,-56.024347450435,0.7569195011740825,0.2843227813956752,-54.37006361976814,-1.0180877893952947
2026-06-24T14:33:13.352000,1552,0.6697196946773694,75.65630950712583,-1.1203592606771158,-93.2493542968949,0.7067631046231155,25.87975996088636,-0.5857239513030679,-55.915241507120975,0.5427027651011456,0.13924064092553995,-54.54667409416616,-0.863674293760635
2026-06-24T14:33:13.361000,1553,0.38540846047887695,75.3433766556432,-1.3659094192653112,-93.72632405999121,0.5561116052135875,26.278677641570017,-0.3382053176548861,-55.77380578775823,0.47678901587957845,0.7195634332148979,-54.7746578982897,-1.0142764245627622
2026-06-24T14:33:13.371000,1554,0.6484643264946423,75.80854555609139,-1.425357002756421,-93.15342588269809,1.3066250644471762,25.93403332558289,-0.024149601268223377,-56.012224326789834,0.7267080498151409,0.415970428742266,-54.9320016501034,-0.6139439265944537
2026-06-24T14:33:13.382000,1555,0.6776911710132971,75.76343869073504,-1.1384516414790995,-93.54779443731607,0.6985456966354846,25.898755347145176,-0.23440598255081824,-55.99201984387871,0.42185990856255295,0.00490724887250034,-54.49208389755246,-0.930397741368613
2026-06-24T14:33:13.392000,1556,0.6989493922656063,75.67604319313737,-1.2521791427068538,-92.8389976732441,0.6601968123295908,25.60838730970429,-0.18383802828986537,-55.75562110229049,0.29003535901658245,0.18491560970914925,-54.736127900995555,-1.1629708260287321
2026-06-24T14:33:13.403000,1557,0.879634287166735,75.67886142625238,-1.8466688542714118,-93.37991971247166,0.5424149448705716,25.936749033512513,-0.2530356798566763,-55.75562110229049,0.27630234496303013,0.37566983416722405,-54.35400686832306,-0.8179235873310295
2026-06-24T14:33:13.412000,1558,0.720204760448372,75.1375729877698,-1.3142133344058855,-92.67112580954301,0.5971986451517222,26.0317288786563,0.042387481470296265,-55.89503702420985,0.770649566330471,-0.008524359455452598,-54.585204091460305,-0.8751124820980073
2026-06-24T14:33:13.422000,1559,0.9938911636250828,75.58582946242468,-1.5907805888436013,-93.18806574522135,0.8957605472476294,26.354662100454988,0.005128086858580163,-55.82229828233888,0.5756596397119241,0.05864233657108675,-54.1356529776172,-1.0180877893952947
2026-06-24T14:33:13.432000,1560,0.8318054291512454,75.38848352099954,-1.4899750273326808,-93.08947360656686,0.6191097723914561,25.716936952947062,0.2020787662458091,-55.828359844161454,0.7404410638686832,0.29506864501717933,-54.31868684216815,-0.9837752713030616
2026-06-24T14:33:13.442000,1561,1.2941453504954308,75.33210069607992,-1.4124322877088937,-93.27066981484305,0.5643290132012134,25.966598509940695,0.08497372924633657,-56.119312642152906,0.7679041430786241,0.18222698020706976,-53.93335583835643,-0.9647102594608461
2026-06-24T14:33:13.453000,1562,0.5102930210285497,75.3828440276663,-1.4072646219544376,-93.23869367677744,0.4355915821223271,26.289534645589093,0.17546450470116765,-56.08092130428162,0.7267080498151409,0.5986616494897722,-54.48245053626031,-1.1229371668479258
2026-06-24T14:33:13.463000,1563,0.7600621421279724,75.3828440276663,-1.210823940017737,-93.30264595290868,0.980672782756145,25.689797356749086,0.32982893631235627,-55.901098586032425,0.6086135654255589,-0.28793989197862746,-54.42465036850737,-0.896083176356489
2026-06-24T14:33:13.473000,1564,0.4172943658225496,75.82827924210292,-1.469298813653469,-93.8755441302018,0.5670671688334544,25.63552399205256,0.502825922983235,-55.878872136185485,0.8008610176894027,0.37566983416722405,-53.987942587095645,-1.0619348603285246
2026-06-24T14:33:13.483000,1565,1.1294034082661577,75.59992365510297,-1.5313302300217977,-93.00953612254621,0.7807168354208512,26.39536858090224,0.1461868165743641,-55.68692412479872,0.9134617066781469,0.09894004635053712,-53.73426867023486,-0.8674877055130549
2026-06-24T14:33:13.493000,1566,0.457148894432568,75.66476723357408,-1.1927315592157532,-93.02552133043565,0.33698268627080075,26.029016084576387,0.25264672050676196,-55.763704631048874,0.7376956406168362,0.37835557887371196,-54.203086506662274,-0.7740765163977996
2026-06-24T14:33:13.504000,1567,0.706920868601534,75.69859511226392,-1.4331112767187988,-93.42788391957004,0.635544588366713,26.0317288786563,0.05037204570907965,-55.763704631048874,0.40812984340616437,0.14461501513410732,-54.53061734272107,-1.0333393894850869
2026-06-24T14:33:13.513000,1568,0.48637859202080486,75.498433964827,-1.6295519586554994,-93.51848202370813,0.5889812371640912,26.126708723800082,0.19941533966364697,-56.062736618813865,0.9052224880254423,-0.16703810825354082,-54.296206700570124,-1.1076876136780174
2026-06-24T14:33:13.523000,1569,0.6564358028305701,75.54354083018335,-1.141038249687021,-93.67569612843513,0.7040220078999666,26.159273908157882,0.0317423484032216,-55.96373400170162,1.2814752250032913,0.415970428742266,-54.37327359090737,-1.2811640742350052
2026-06-24T14:33:13.533000,1570,0.5607780867995136,75.40821720701109,-1.7665422817703966,-93.33195836651657,0.8711083232847516,25.592104717525388,0.23933816085752518,-56.02232765299161,0.8557871761092744,-0.17778685667059738,-54.62373753662892,-1.0543100837435686
2026-06-24T14:33:13.555000,1571,0.879634287166735,75.01634658437906,-1.0479869621384785,-93.2253721933457,0.6985456966354846,25.657232172391282,-0.07471755552917625,-55.83644120342742,0.9162100788271477,0.5180633451353189,-54.33153017459952,-0.7283237630483034
2026-06-24T14:33:13.555000,1572,0.3375796024633487,75.37720756143628,-1.4046780137465158,-93.32396433200017,0.7533264558257323,26.159273908157882,-0.19448316135694002,-55.80613556380694,0.792621799036708,-0.15898087413411616,-54.8292480949034,-1.0238068835639809
2026-06-24T14:33:13.564000,1573,1.0124903240523742,75.30672751673514,-1.6398900654951054,-92.94025353635627,1.0244979783265207,26.384514490732876,-0.20513115217788552,-56.185987652708874,1.0150777537623394,0.43746215598523513,-54.973745066411254,-1.056215766159835
2026-06-24T14:33:13.574000,1574,0.8876057635026628,75.68450091958563,-1.5571768847861684,-93.43321422962879,0.6985456966354846,26.17555650033679,0.01843664650781693,-56.097086192305966,0.7239626265632939,-0.22345894065857602,-54.68474767552108,-1.052402354407415
2026-06-24T14:33:13.584000,1575,0.8450921740676267,75.70987409893043,-1.6683205531366947,-93.39857436710548,0.7259360762306084,26.324812624026812,0.17812507352945892,-55.87079077691952,0.7157234079105993,0.33536923959222126,-54.11638625503288,-1.0676539544972108
2026-06-24T14:33:13.605000,1576,0.7441191894561168,75.85365242144773,-0.926505186948337,-93.35593760892243,0.9286301791981383,26.170127998327246,-0.20513115217788552,-56.03647057408016,1.001347688605951,0.12312040309554663,-54.54346067515245,-0.8045776696575001
2026-06-24T14:33:13.605000,1577,0.7175485526928976,75.0586352166204,-1.422773169879193,-93.13210750360656,1.0518883579216396,25.773923111723505,0.13820225233561945,-55.89503702420985,1.2759843784995972,0.37566983416722405,-54.174186422785816,-1.1705956026136848
2026-06-24T14:33:13.614000,1578,0.6697196946773694,75.63939405422929,-1.8156517584218912,-93.57444026532296,0.9286301791981383,26.235258367042853,0.2632918535738366,-55.947569113677254,0.6937511752043624,0.3702954599586958,-54.47924056512108,-0.8102967638261863
2026-06-24T14:33:13.624000,1579,0.985919687289155,75.62247860133276,-1.4589579314831602,-93.14809557263935,0.6081542087715891,25.925892029493443,0.31652323441695157,-56.00414296752387,0.6141073608264066,-0.008524359455452598,-54.960901733979874,-0.8503304230069963
2026-06-24T14:33:13.634000,1580,0.5421789263722223,75.68450091958563,-1.704508090071365,-93.64371999036953,0.43285048539917825,25.711508450937522,0.36975175750623446,-55.66671964188758,0.5893897048683127,0.3004430192257076,-54.42465036850737,-1.1458135435226737
2026-06-24T14:33:13.654000,1581,0.7706898262193359,75.74088374450525,-1.4899750273326808,-93.16408364167216,0.7396297954827165,25.64094958021238,0.05303547229124175,-56.024347450435,0.5674204210592295,0.03714772453252606,-54.59805087176616,-0.903707952941445
2026-06-24T14:33:13.655000,1582,0.4970062761121684,75.864928381011,-1.8957783309229064,-92.98821774345468,0.6930664442800997,26.075148153183466,0.021097215336146936,-56.012224326789834,0.6388250167844906,0.5986616494897722,-54.6719043430897,-1.1324696727690318
2026-06-24T14:33:13.665000,1583,0.7441191894561168,75.42231442679261,-1.4020941808692877,-93.13477408920761,1.2052780129634086,25.901468141225088,0.10094285772386462,-55.77986734958081,1.0205715491631873,0.17685549079413304,-54.31868684216815,-1.4127011931949134
2026-06-24T14:33:13.675000,1584,1.1719169977011938,75.47587901859723,-1.6502281723347112,-93.59575578327112,0.6108923644038302,26.39536858090224,0.2632918535738366,-55.93948775441129,0.8832532042163591,0.17148111658560475,-54.59483745275246,-1.0848112370032692
2026-06-24T14:33:13.685000,1585,0.7733488870443537,75.84237646188446,-1.6502281723347112,-92.9722296744219,0.6601968123295908,25.80920109016122,0.10360342655219462,-55.878872136185485,0.7184688311624462,0.20909596645415876,-54.51777401028969,-1.2716315683138957
2026-06-24T14:33:13.705000,1586,1.0231180081437377,75.32082170941341,-1.1487925236493988,-93.71566630101715,0.791675340131626,25.385859521209213,0.5879955607814448,-55.92534483332275,0.6086135654255589,-0.1992785839135665,-54.620527565489695,-0.9170518236950835
2026-06-24T14:33:13.705000,1587,0.9327755606931734,75.49561270460876,-1.4848045862475312,-92.9775599844806,0.5971986451517222,25.82819939026975,0.27393698664091126,-55.95767243987904,0.5674204210592295,0.14998938934263562,-54.9320016501034,-0.9418359297059853
2026-06-24T14:33:13.715000,1588,0.8769752263417173,75.43359038635589,-1.1358678086018714,-93.16675022727321,0.4383297377545681,25.874331458876828,0.16481651388022214,-55.74350014813775,0.9354339393843839,0.021027486702532745,-54.83888145619555,-1.2487551916391477
2026-06-24T14:33:13.726000,1589,0.5421789263722223,75.56045628307989,-1.5184082903049638,-93.20671753871184,0.6601968123295908,26.045298676755284,-0.053424431641156095,-55.94958891112064,1.026062395666881,-0.032704716200462114,-54.66227098179754,-1.1934719792884327
2026-06-24T14:33:13.736000,1590,0.5687495631354414,75.20523479935594,-1.228919096150414,-93.74764243908274,0.6191097723914561,25.97745260011006,0.11690912844759929,-55.965753799145006,0.8832532042163591,0.053267962362558464,-54.562727397736765,-1.2964156743247974
2026-06-24T14:33:13.749000,1591,0.6484643264946423,75.72396829160871,-1.345230430255406,-93.18007171070495,0.9751935304007551,25.985593896199507,-0.322236189177358,-55.83240160854065,1.004093111857798,0.17685549079413304,-54.63658431693478,-1.2201617677156007
2026-06-24T14:33:13.756000,1592,1.0736030739147018,75.62247860133276,-1.3323057152078785,-93.16408364167216,0.5780227324533214,26.346520804365536,-0.25835967526712966,-56.00818473190307,1.031556191067729,0.35954959633723077,-54.23840998069168,-0.9380225179535654
2026-06-24T14:33:13.766000,1593,0.8344616369066812,75.67604319313737,-1.469298813653469,-93.11345571011609,0.7177186682429825,25.82548368234012,0.3591066244391598,-55.7576430692263,0.8777594088155114,-0.24226780799064881,-54.49850728770539,-1.1667842377811521
2026-06-24T14:33:13.776000,1594,0.9221478766018099,75.63939405422929,-1.5365006711069473,-93.53713381719862,0.5533734495813464,26.020874788486935,-0.08802325742454219,-55.816236720516294,0.6690364681434322,-0.0703195660690552,-54.549884065305385,-1.0848112370032692
2026-06-24T14:33:13.786000,1595,0.558121879044078,75.46742129214896,-1.3710770850197673,-93.46519036769439,0.641023840722098,25.920466441333616,0.09029486690295786,-56.062736618813865,0.4850282345322731,0.10162867585257748,-54.890258233795564,-1.052402354407415
2026-06-24T14:33:13.805000,1596,0.7520906657920445,76.05945608932113,-1.3659094192653112,-93.36659822903988,0.3561556578782937,25.868905870717,-0.2530356798566763,-56.183967855265486,0.8997316415217583,0.06938820019255178,-54.395750284630914,-1.3593236632604648
2026-06-24T14:33:13.807000,1597,0.9194916688463354,75.83391873543619,-1.2134105482256585,-93.40123809156314,0.805369059383734,25.727791043116426,0.05303547229124175,-55.816236720516294,0.5948835002691704,-0.13480051738910664,-54.16455306149366,-1.1019685195093312
2026-06-24T14:33:13.817000,1598,0.8318054291512454,75.78035414363157,-1.7303547448357264,-93.42788391957004,0.5807638291764653,25.798346999991857,0.06368060535831642,-55.85664785583097,0.6278403748799489,0.17416686129205358,-53.85950236703288,-1.0314337070688206
2026-06-24T14:33:13.827000,1599,0.6989493922656063,75.23060797870073,-1.2935371207266737,-93.52647605822455,1.0655850182646556,26.354662100454988,-0.11996151437967574,-56.15770181053177,0.4960128764368147,-0.24226780799064881,-54.4310737586603,-0.9094270471101311
2026-06-24T14:33:13.837000,1600,0.9593461974563925,75.7859906098616,-1.836327972101103,-92.85764946673457,0.8601527596648846,25.966598509940695,-0.08536268859625092,-55.93948775441129,0.9381793626362308,0.4804484952667259,-54.49850728770539,-1.1362810376015642
2026-06-24T14:33:13.852000,1601,0.9699767346172994,75.15167020755132,-1.3374761562930282,-93.43054764402774,0.7861960877762362,26.232545572962938,0.08231030266417447,-55.78997067578259,0.4026360480053167,-0.05151358353253489,-54.421440397368144,-0.9933057303042803
2026-06-24T14:33:13.857000,1602,1.2968015582509052,75.36592857476977,-1.3840018000672947,-93.54246412725736,0.5478941972259564,25.91503793932408,0.03972691264200499,-55.76572442849226,1.5396364264887121,0.665831230311903,-54.53061734272107,-0.8560495171756826
2026-06-24T14:33:13.867000,1603,0.6883188551046994,75.58864769553969,-1.3736636932276889,-93.66237464500335,0.7588057081811173,26.083289449272915,-0.0055170462084945015,-55.56973682221872,1.0535284237739657,0.2682025435656819,-54.06179950629366,-1.1439078611064075
2026-06-24T14:33:13.877000,1604,0.685662647349225,75.73524727827522,-1.2030696660553593,-93.51581829925047,1.010801317983505,25.678943266579722,-0.18383802828986537,-55.606106193154204,0.7129779846587523,-0.09181129331198526,-54.395750284630914,-0.978056177134372
2026-06-24T14:33:13.887000,1605,0.9513747211204647,75.57173224264317,-1.4899750273326808,-93.04950343398484,1.1778876333682897,25.996450900218584,-0.31957276259519596,-55.77178599031484,0.6800211100479737,0.5583639397103609,-54.755394623579875,-0.9608988946283135
2026-06-24T14:33:13.903000,1606,0.8105472078989363,75.52944361040183,-1.241841035867248,-93.03884567501076,0.6629349679618319,25.944890329601968,0.3750757529166878,-55.915241507120975,0.6031227189218651,0.4294020370702189,-54.5338273138603,-1.0238068835639809
2026-06-24T14:33:13.908000,1607,0.7733488870443537,75.9664210983902,-1.7406928516753322,-93.39857436710548,0.7259360762306084,26.00187648837841,0.021097215336146936,-56.032430979193386,0.9491640045407724,-0.011212988957532066,-54.51135062013677,-1.0333393894850869
2026-06-24T14:33:13.918000,1608,1.001862639960972,75.41667493345935,-1.567517766956468,-93.38525002253037,0.7971516513961081,26.232545572962938,0.021097215336146936,-55.531347653839845,0.6141073608264066,-0.05957370244755109,-54.244829922970126,-0.9570854828758936
2026-06-24T14:33:13.928000,1609,1.3100883031672865,75.3941230143328,-1.3555685370950117,-92.96689936436316,0.8382386913342428,26.05072426491511,-0.21311571641663019,-55.862709417653555,0.6745273146471261,-0.00046424054043639446,-54.52419395256815,-1.0981551077569114
2026-06-24T14:33:13.938000,1610,0.9513747211204647,75.81700328253964,-1.0479869621384785,-92.75639360362241,0.7423708922058604,26.0317288786563,0.5134739138041805,-55.74350014813775,0.9546577999416201,-0.021958852578997087,-54.65263762050538,-1.0867169194195354
2026-06-24T14:33:13.954000,1611,1.01514653180781,75.75216273117177,-1.3943399069069007,-93.24668771129384,0.7314123874950905,25.868905870717,0.28192155087969467,-55.981918687169355,0.8887440507200529,0.27088828827213074,-54.06500947743289,-1.2411304150541953
2026-06-24T14:33:13.958000,1612,0.8955772398385906,75.51816765083856,-1.3038752275662795,-93.33195836651657,0.8300212833466168,25.985593896199507,-0.18383802828986537,-55.981918687169355,1.0480346283731181,-0.2180874512456393,-54.408597064936764,-1.0981551077569114
2026-06-24T14:33:13.969000,1613,1.0124903240523742,75.77753288341333,-1.885437448752607,-93.50249395467536,0.9395857428180052,26.303101529838372,-0.045439867402372706,-56.07890150683823,0.6690364681434322,0.4697026316452608,-54.569150787889704,-1.2411304150541953
2026-06-24T14:33:13.979000,1614,0.6006354684791141,75.51252815750529,-1.4951454684178305,-93.07082181307636,0.8245420309912269,26.17555650033679,0.1541713808131475,-55.74147818120194,0.5893897048683127,-0.26107379052713003,-54.48245053626031,-1.4584539465444097
2026-06-24T14:33:13.989000,1615,1.0124903240523742,75.08400839596518,-1.7148461969109707,-93.80892812961294,0.5971986451517222,26.034441672736214,0.09561886231341124,-55.890995259830646,0.9656424418461617,0.07744831910756797,-54.5338273138603,-1.2010967558733852
2026-06-24T14:33:14.004000,1616,0.7600621421279724,75.91849599991885,-1.3219676083682632,-93.46252378209334,0.4164156694239263,25.78749290982249,0.1914307754248636,-55.89907661909662,0.6580488773417268,0.4267162923637701,-54.49208389755246,-1.1076876136780174
2026-06-24T14:33:14.009000,1617,0.8344616369066812,75.43359038635589,-1.2237486550652643,-93.3745922635563,0.9395857428180052,25.863477368707457,-0.30626706069979126,-56.06879818063645,0.7843825803840133,0.37835557887371196,-54.15170972906228,-0.7893281164875918
2026-06-24T14:33:14.019000,1618,0.5182644973644774,75.47869725171223,-1.208240107140509,-93.24136026237848,0.7259360762306084,26.129424431729703,-0.032134165506968036,-56.32742337207161,0.8063548130902504,0.7544896535813724,-54.23198659053875,-0.8713011172654782
2026-06-24T14:33:14.029000,1619,0.9726329423727738,75.80854555609139,-1.4667122054455382,-93.42788391957004,1.0738024262522814,26.172843706256874,0.0317423484032216,-55.95565047294323,0.8036064409412496,0.14998938934263562,-54.76181456585832,-0.6501641740228404
2026-06-24T14:33:14.039000,1620,0.7839765711357172,75.65067001379256,-2.0818781306893075,-93.81159471521394,0.7807168354208512,25.999163694298495,-0.11197695014089235,-55.92736463076613,0.534463546448451,0.2628281693571536,-54.434283729799525,-0.8064853989936538
2026-06-24T14:33:14.053000,1621,0.8025757315630085,75.991794277735,-1.2521791427068538,-93.16675022727321,0.6875871919247147,25.925892029493443,0.2020787662458091,-55.7273352601134,0.814594031742945,-0.32555474184722055,-54.434283729799525,-1.0371528012375102
2026-06-24T14:33:14.060000,1622,0.8557198581589902,75.41103846722933,-1.5959482545980574,-93.61707416236264,0.7396297954827165,26.05343997284474,-0.2743288037446964,-55.95969223732242,0.5427027651011456,0.023713231408981565,-54.51777401028969,-1.1305619434328782
2026-06-24T14:33:14.070000,1623,0.6325213738227866,75.4194961936776,-1.4563740986059321,-93.52381233376688,0.8902812948922445,26.045298676755284,0.48685679450570696,-55.88695349545145,1.259505941194208,-0.032704716200462114,-54.39896370364461,-1.0829035076671156
2026-06-24T14:33:14.080000,1624,0.6006354684791141,75.63093632778103,-1.2340867619048703,-93.20671753871184,0.5040690016555808,25.920466441333616,-0.14391520709598715,-56.23852191166871,1.1084545821938376,0.3246233759707171,-54.30905348087599,-1.0638405427447875
2026-06-24T14:33:14.090000,1625,0.4890347997762406,75.39694124744781,-1.6631528873822385,-93.47051781660976,0.7368916398504755,25.923179235413528,0.12489369268634395,-55.915241507120975,0.7047387660060577,0.38910144249517703,-54.12923303533875,-0.7435753631380991
2026-06-24T14:33:14.101000,1626,0.9726329423727738,75.72960778494198,-1.453790265728704,-93.4065684016219,0.7807168354208512,25.923179235413528,0.17546450470116765,-55.981918687169355,0.7157234079105993,-0.2852541472721786,-54.27693997798582,-0.7645460573965809
2026-06-24T14:33:14.110000,1627,0.9380908292736267,75.52944361040183,-1.55976349299409,-93.36393164343885,1.139541690153299,26.14027852189907,0.18877020659657232,-56.240541709112094,0.7843825803840133,0.088194182729033,-54.78750467859556,-0.896083176356489
2026-06-24T14:33:14.120000,1628,0.7441191894561168,75.45614533258568,-1.4667122054455382,-93.54246412725736,0.44380899010995306,26.007304990387947,-0.10931638131256234,-55.816236720516294,0.44657756452064684,-0.5969072706597877,-54.58841751047401,-1.069559636913477
2026-06-24T14:33:14.130000,1629,1.0310894844796656,75.28699080362036,-0.9652765567602352,-92.9962117779711,0.9341064904626203,25.898755347145176,0.3883814548120925,-56.17588649599952,0.6964995473533631,0.10968879476759369,-54.21592983909367,-0.7912337989038581
2026-06-24T14:33:14.140000,1630,0.9806044187087016,75.77471465029832,-1.6502281723347112,-93.77162454263194,0.4164156694239263,26.170127998327246,-0.09867124824548767,-55.816236720516294,0.8475479574565797,0.21715608536917497,-53.75353539281918,-0.9094270471101311
2026-06-24T14:33:14.152000,1631,1.0576601212428847,75.01071011814903,-1.3038752275662795,-93.30264595290868,0.8272831277143758,26.324812624026812,-0.2902979322222245,-56.05667722648371,0.8942378461209006,0.43208778177670687,-54.10033295146228,-1.0371528012375102
2026-06-24T14:33:14.161000,1632,0.528892181455841,75.30390625651688,-1.469298813653469,-93.49449992015894,0.7095012602553565,26.07243535910355,-0.01616503702943999,-55.83240160854065,0.7267080498151409,0.09087992743552091,-54.59483745275246,-1.0161821069790284
2026-06-24T14:33:14.171000,1633,0.635177581578261,75.24188393826401,-1.2754419645939965,-93.50516054027639,1.0464120466571576,25.94217462167234,0.005128086858580163,-55.903118383475814,0.9546577999416201,0.5932901600768354,-54.87099151121125,-0.995213459640434
2026-06-24T14:33:14.181000,1634,0.5926639921431862,75.4730607854822,-1.4899750273326808,-93.52381233376688,1.0436709499340135,25.765781815634057,0.28192155087969467,-56.24660327093468,1.031556191067729,0.021027486702532745,-54.347586926044606,-1.178222426118528
2026-06-24T14:33:14.191000,1635,0.685662647349225,75.5660927493099,-1.2909505125187521,-93.28932160833357,0.6985456966354846,26.15384540614835,-0.08536268859625092,-55.71723193391162,0.38890598284892813,0.14998938934263562,-54.47281717496814,-0.8522361054232627
2026-06-24T14:33:14.201000,1636,1.036404753060119,75.19677707290766,-1.2030696660553593,-93.08414615765149,1.1970606049757828,25.711508450937522,0.3883814548120925,-55.95565047294323,0.3916514061007751,-0.24495355269713673,-54.23840998069168,-0.7054494332934427
2026-06-24T14:33:14.211000,1637,1.0071750554718821,75.76625692385005,-1.7406928516753322,-93.31330371188275,1.131324282165673,26.13213722580962,0.15949537622360088,-56.032430979193386,0.6196011562272543,0.7276235521299141,-54.890258233795564,-0.7512001397230516
2026-06-24T14:33:14.221000,1638,0.4544926866771323,75.61965734111452,-1.567517766956468,-93.24136026237848,0.5451560415937154,25.334298950592597,-0.10133181707381768,-56.29711556295871,0.9711362372470094,0.010281623081028628,-53.62509172488193,-1.0257146129001344
2026-06-24T14:33:14.231000,1639,0.7653774107084258,75.03044380416058,-1.2909505125187521,-93.73964840456634,0.6492412487097239,26.05072426491511,-0.14125463826765716,-55.91119974274178,0.8695201901628167,0.010281623081028628,-54.33153017459952,-1.1362810376015642
2026-06-24T14:33:14.242000,1640,0.5900077843877505,75.87338610745927,-1.453790265728704,-93.73964840456634,0.09868079572052113,25.77121031764359,-0.24239054678960162,-55.798052035048556,0.6607972494907275,0.03714772453252606,-54.77787131730341,-1.117218072679236
2026-06-24T14:33:14.252000,1641,0.7786613025552638,75.52944361040183,-1.572685432710924,-92.86297977679328,0.4383297377545681,26.099572041451818,-0.25835967526712966,-55.915241507120975,0.9931084699532563,-0.22883331486710431,-53.96867931238582,-0.9494607062909377
2026-06-24T14:33:14.262000,1642,0.8636913344949181,75.29544853006861,-1.7200166379961206,-93.13210750360656,0.9505413064378772,25.450989889924816,0.03706634381367498,-55.94150755185468,0.4630560018260361,-0.18584697558561358,-54.65263762050538,-0.9342091062011455
2026-06-24T14:33:14.272000,1643,1.1692607899457195,75.64503052045931,-1.1487925236493988,-92.79369719060338,0.8245420309912269,26.077860947263378,0.0317423484032216,-55.901098586032425,0.4960128764368147,-0.06494519186048783,-54.49850728770539,-0.7378562689694095
2026-06-24T14:33:14.282000,1644,0.9407470370291011,76.0707320488844,-1.1927315592157532,-93.45986005763564,0.9341064904626203,25.60024601361484,-0.048103293984534806,-55.798052035048556,0.8448025342047328,0.023713231408981565,-54.86778154007203,-1.1305619434328782
2026-06-24T14:33:14.292000,1645,0.8743190185862816,75.50125219794202,-1.510654016342586,-92.93492322629756,0.9751935304007551,25.497121958531896,0.09029486690295786,-55.965753799145006,0.6717818913952791,-0.24226780799064881,-55.028335263024964,-0.8808315762666968
2026-06-24T14:33:14.302000,1646,1.001862639960972,75.60838138155124,-1.1358678086018714,-93.37991971247166,0.8930223916153884,26.121283135640255,-0.013501610447277887,-55.981918687169355,0.7733979384794718,0.1177489136826099,-54.04895617386228,-0.8846449880191167
2026-06-24T14:33:14.312000,1647,0.5846925158072971,75.66194597335584,-1.422773169879193,-93.35593760892243,0.7478472034703424,25.581247713506315,0.2872455462901868,-56.15366004615258,0.4630560018260361,0.22521620428415207,-54.62695095564263,-0.8884583997715366
2026-06-24T14:33:14.322000,1648,0.964661466036846,75.44204811280416,-1.4176027287940434,-92.92426546732348,0.6191097723914561,26.129424431729703,0.0716651695970998,-55.97585712534678,0.605868142173712,0.5153747156332396,-54.48566050739952,-0.8808315762666968
2026-06-24T14:33:14.333000,1649,0.0638960523561812,75.63375456089604,-1.5287463971445696,-93.24668771129384,0.9368475871857642,26.129424431729703,0.18078564235778893,-55.7879508783392,0.5756596397119241,-0.10256004172908093,-54.11317628389366,-0.8598629289281023
2026-06-24T14:33:14.343000,1650,1.116116663349738,75.83391873543619,-1.3245514412454913,-93.09214019216789,0.6191097723914561,25.578534919426403,0.3484614913720464,-55.5414488105492,0.6470642354371852,0.32193474646867676,-54.7746578982897,-1.161065143612466
2026-06-24T14:33:14.353000,1651,0.558121879044078,75.42231442679261,-0.9885393786473685,-92.9322595018399,0.6108923644038302,25.66266067440082,-0.1385940694393659,-55.74350014813775,0.9052224880254423,0.7329979263384424,-54.89668162394849,-1.0142764245627622
2026-06-24T14:33:14.363000,1652,0.9965473713805185,75.96923933150521,-1.4848045862475312,-93.40123809156314,1.0957135534920153,25.890614051055724,0.25264672050676196,-55.74350014813775,1.1743683314154048,0.3864156977887282,-54.05858953515443,-0.903707952941445
2026-06-24T14:33:14.373000,1653,0.9699767346172994,75.83110050232118,-1.9500582486595603,-93.27066981484305,1.1121483694672722,26.11585463363072,0.12489369268634395,-55.864729215096936,0.4026360480053167,0.2305876936970888,-54.996225208009264,-1.1477192259389366
2026-06-24T14:33:14.383000,1654,0.7600621421279724,75.10374208197673,-1.0376488552988725,-93.2493542968949,0.8272831277143758,26.246112457212217,0.17546450470116765,-56.21023389999919,0.9326855672353831,0.19297572862412635,-54.39896370364461,-0.9723370829656858
2026-06-24T14:33:14.393000,1655,0.5607780867995136,75.83955822876945,-1.0479869621384785,-93.40123809156314,1.4874080401749719,26.02358758256685,0.4655665283715189,-56.00010120314467,1.0233169724150342,-0.019273107872509174,-54.456763871397534,-0.9399282003698317
2026-06-24T14:33:14.403000,1656,1.0417171685710291,75.54635906329837,-1.2909505125187521,-93.44120826414516,0.7505883001934913,25.890614051055724,0.12223312385805267,-55.759662866669686,0.6855119565516676,-0.12136602426556216,-54.28978675829167,-0.9113327295263974
2026-06-24T14:33:14.413000,1657,1.1267472005106833,75.7465232378385,-1.9448878075744105,-93.32662805645788,1.1340624377979092,26.126708723800082,-0.048103293984534806,-55.91119974274178,0.4795344391314254,-0.0165844783704688,-54.456763871397534,-1.046683260238729
2026-06-24T14:33:14.424000,1658,0.8450921740676267,75.8113637892064,-1.4744664794079252,-93.40923212607956,1.164190973025274,25.665373468480734,0.24200158743968728,-56.240541709112094,1.0095869072586456,0.3702954599586958,-54.16776648050736,-0.9151461412788173
2026-06-24T14:33:14.434000,1659,0.6165784211509697,75.92413246614888,-1.2625200248771626,-92.95624160538908,0.7615438638133583,25.66266067440082,0.3564431978569977,-55.86068745071775,1.1304268149000745,0.20909596645415876,-54.62373753662892,-0.903707952941445
2026-06-24T14:33:14.451000,1660,0.9274631451822632,75.51252815750529,-1.254765750914785,-93.46519036769439,0.9971075987313969,26.376373194643428,0.05303547229124175,-56.03849254101597,0.22412160979501533,0.023713231408981565,-54.94163501139557,-0.8560495171756826
2026-06-24T14:33:14.454000,1661,0.4970062761121684,75.29544853006861,-1.5623473258713183,-93.20938412431288,0.5533734495813464,25.749499223455153,-0.26634423950591307,-55.92332286638694,0.3916514061007751,0.10700016526551422,-54.944848430409266,-0.9418359297059853
2026-06-24T14:33:14.464000,1662,0.8318054291512454,75.27571484405706,-0.9626899485523136,-93.44120826414516,0.7588057081811173,25.868905870717,0.34313749596159304,-56.177906293442895,0.8063548130902504,0.1123745394740816,-54.2929967294309,-0.5071888667255565
2026-06-24T14:33:14.474000,1663,0.7999195238075342,75.87620736767751,-1.5287463971445696,-93.14809557263935,0.7040220078999666,26.31124282592782,-0.03745530316358932,-56.00818473190307,0.5454481883529926,0.1123745394740816,-54.30263009072306,-0.995213459640434
2026-06-24T14:33:14.484000,1664,0.613919360325952,75.83110050232118,-1.5313302300217977,-93.30264595290868,0.306851209952533,25.836340686359197,-0.053424431641156095,-55.95161087805646,0.8173394549947919,-0.41421316511669,-54.713647759397546,-0.9551798004596274
2026-06-24T14:33:14.501000,1665,1.0337456922351012,75.65067001379256,-1.1022668798751323,-93.24136026237848,0.6519794043419649,26.373660400563512,-0.048103293984534806,-56.030409012257586,0.45207135992149455,0.33536923959222126,-54.633370897921075,-0.8026719872412339
2026-06-24T14:33:14.505000,1666,0.4704356393489492,75.60838138155124,-1.704508090071365,-93.75563647359915,1.2819728404842932,25.841766274519024,0.04771147688074964,-55.97181536096758,1.1578898941100153,0.27357403297861865,-54.52419395256815,-0.8655820230967886
2026-06-24T14:33:14.515000,1667,1.0736030739147018,75.59710542198796,-1.4848045862475312,-93.12144974463246,1.0135424147066487,25.18233003282266,0.1914307754248636,-55.99201984387871,1.1633836895108631,0.06670245548610296,-54.00720930967995,-1.206815850042075
2026-06-24T14:33:14.525000,1668,1.0656315975787738,75.47869725171223,-1.4951454684178305,-93.70234195644203,0.5314593812507046,25.985593896199507,0.0796497338358832,-56.09506639486258,0.6855119565516676,0.031773350323997765,-54.51777401028969,-1.1057798843418638
2026-06-24T14:33:14.535000,1669,0.7095770763569698,75.69013738581566,-1.241841035867248,-92.95091129533037,0.7724994274332252,25.754927725464693,0.4229831383493494,-55.7576430692263,1.4847073191716864,0.26014242465066567,-54.58841751047401,-0.9799618595506383
2026-06-24T14:33:14.553000,1670,0.8132062687239154,75.1657644002296,-1.601118695683207,-93.44920229866156,1.0628468626324143,25.996450900218584,0.010452082269033542,-55.917261304564356,0.8255786736474966,0.0962543016440492,-54.023266061125035,-0.84842474059073
2026-06-24T14:33:14.555000,1671,0.879634287166735,75.42231442679261,-1.5184082903049638,-92.9322595018399,0.7067631046231155,26.045298676755284,0.21804789472333713,-55.97989672023355,0.8036064409412496,-0.032704716200462114,-54.203086506662274,-0.9170518236950835
2026-06-24T14:33:14.565000,1672,1.01514653180781,75.63375456089604,-1.453790265728704,-93.56910995526422,1.2929313451950681,26.08871795128245,0.06102003653002514,-56.024347450435,0.8008610176894027,0.3246233759707171,-54.44391709109168,-0.8026719872412339
2026-06-24T14:33:14.575000,1673,0.858376065914426,75.55481678974662,-1.2702742988395404,-93.40923212607956,0.8245420309912269,25.752214931384778,-0.11730094555134572,-55.8121949561371,0.4795344391314254,0.17685549079413304,-54.736127900995555,-0.9399282003698317
2026-06-24T14:33:14.585000,1674,0.930119352937699,75.67886142625238,-1.2030696660553593,-93.04950343398484,0.7615438638133583,25.969314217870316,-0.20513115217788552,-55.80411359687113,1.1963376152244878,0.021027486702532745,-54.39896370364461,-1.0104630128103387
2026-06-24T14:33:14.603000,1675,0.9593461974563925,75.50689169127527,-1.5494253861544842,-93.08947360656686,0.8190657197267449,25.83091218434966,-0.0906866840067043,-56.00818473190307,1.001347688605951,-0.09181129331198526,-54.44713051010538,-0.8407979170858868
2026-06-24T14:33:14.606000,1676,0.2233227260050009,75.71269233204545,-1.1306973675167218,-92.67112580954301,0.4383297377545681,25.63552399205256,0.24998615167843194,-56.218315259265154,0.9162100788271477,-0.09181129331198526,-54.562727397736765,-0.9990248244729665
2026-06-24T14:33:14.616000,1677,0.7999195238075342,75.47869725171223,-1.0040451512414306,-93.27333353930075,0.6875871919247147,25.773923111723505,0.1488473854026941,-55.80613556380694,1.3171804717630806,-0.00046424054043639446,-54.45355045238383,-0.8064853989936538
2026-06-24T14:33:14.626000,1678,0.6883188551046994,75.53508310373509,-1.3633228110573896,-93.19605977973777,0.33698268627080075,25.72236254110689,-0.20513115217788552,-56.135475360684836,0.4740435926277315,0.5261234640502961,-54.700804426966165,-0.6539775857752603
2026-06-24T14:33:14.636000,1679,1.2888300819149774,75.48433674504548,-1.4072646219544376,-93.23602995231978,0.8409768469664839,25.754927725464693,-0.15456034016306183,-55.7232934957342,0.7733979384794718,0.06670245548610296,-54.04574275484858,-0.7893281164875918
2026-06-24T14:33:14.649000,1680,0.930119352937699,75.75779919740178,-1.7303547448357264,-93.34261612549065,0.476675680969554,25.678943266579722,-0.11730094555134572,-55.52326412508146,0.6937511752043624,0.22790194899063998,-54.82603812376418,-1.34407411009056
2026-06-24T14:33:14.656000,1681,1.1506616295184282,75.62811506756277,-1.4951454684178305,-93.49716650575999,0.5232419732630786,26.300388735758457,0.19675477083531698,-55.893015057274035,0.5454481883529926,0.06670245548610296,-54.34116353589168,-0.84842474059073
2026-06-24T14:33:14.668000,1682,0.4890347997762406,75.58300820220643,-1.4563740986059321,-93.3745922635563,0.7204568238752235,26.056152766924647,-0.19182259252864875,-56.121332439596294,0.7486802825213879,0.5503038207953447,-54.30263009072306,-0.9475550238746715
2026-06-24T14:33:14.677000,1683,0.6644072791664593,75.57737173597641,-1.2211648221880362,-93.47318440221076,1.2655380245090413,26.275964847490105,0.0690046007687698,-55.92534483332275,0.979375455899704,0.4105960545337377,-54.408597064936764,-1.0371528012375102
2026-06-24T14:33:14.687000,1684,1.0736030739147018,75.87902560079253,-1.6192110764851906,-93.22004188328695,0.8519353516772536,26.15384540614835,0.03972691264200499,-56.230438382910314,0.8667747669109698,-0.3040601298086599,-54.76502798487203,-1.052402354407415
2026-06-24T14:33:14.705000,1685,0.8238339528153176,75.34055539542496,-0.8541328884096995,-93.39058033258907,0.8300212833466168,25.695225858758622,0.029081779574891595,-55.75158150740371,0.7459348592695408,-0.17778685667059738,-54.418230426228924,-0.886550670435383
2026-06-24T14:33:14.707000,1686,1.2968015582509052,75.1657644002296,-1.0066317594493521,-94.00877613137962,0.8738464789169926,26.324812624026812,0.17812507352945892,-55.890995259830646,0.9683908139951625,0.5503038207953447,-54.18060981293874,-1.0371528012375102
2026-06-24T14:33:14.717000,1687,0.5474913418831324,75.7437050047235,-0.9833689375622188,-93.09214019216789,0.6656760646849758,26.0317288786563,0.021097215336146936,-55.798052035048556,0.6196011562272543,-0.0165844783704688,-54.244829922970126,-1.079092142834583
2026-06-24T14:33:14.727000,1688,0.7122332841124441,75.77753288341333,-1.7406928516753322,-93.51315171364944,0.20550709955967345,25.980168308039683,0.07432573842539109,-56.19204921453145,1.026062395666881,0.21446745586709548,-54.585204091460305,-0.9608988946283135
2026-06-24T14:33:14.737000,1689,0.5714057708909158,75.77753288341333,-1.1177754277998877,-93.34527984994835,0.9998457543636379,26.02358758256685,0.0796497338358832,-55.70915057464565,1.2402820806369719,0.5503038207953447,-54.52419395256815,-0.9914000478880141
2026-06-24T14:33:14.754000,1690,0.7441191894561168,75.52380411706858,-1.6062891367683567,-92.95624160538908,0.5698053244656954,25.80920109016122,-0.3701435746099809,-55.72531546267001,0.6525580308380329,-0.23957917848860844,-54.52419395256815,-1.0829035076671156
2026-06-24T14:33:14.757000,1691,0.40135141315069395,75.50689169127527,-1.2702742988395404,-92.9962117779711,0.791675340131626,26.52562931833345,0.2340170232009039,-56.08092130428162,0.42185990856255295,-0.212713077037111,-54.71043778825832,-0.9990248244729665
2026-06-24T14:33:14.768000,1692,0.6325213738227866,75.55199855663162,-0.9833689375622188,-93.63039850693775,0.6026749564162043,25.556823825237963,-0.26634423950591307,-55.52326412508146,0.7843825803840133,0.6631426008098236,-54.620527565489695,-0.7512001397230516
2026-06-24T14:33:14.778000,1693,1.0656315975787738,75.83391873543619,-1.4279408356336492,-93.29998222845097,0.643761996354339,25.871618664796912,-0.3701435746099809,-55.890995259830646,0.9107162834263,0.015653112493965362,-54.36685364862891,-1.052402354407415
2026-06-24T14:33:14.788000,1694,1.2011466952894307,75.55481678974662,-1.4279408356336492,-93.17740798624727,1.0464120466571576,25.708795656857614,0.5081499183936884,-56.044554102838546,0.9656424418461617,-0.12405176897201098,-53.89803236432702,-1.2640067917289433
2026-06-24T14:33:14.804000,1695,1.0682906584037917,75.44204811280416,-1.5287463971445696,-93.03884567501076,0.630068277102231,25.602958807694755,0.1914307754248636,-55.76572442849226,0.6250920027309482,0.45358239381522847,-54.37327359090737,-1.0066516479778096
2026-06-24T14:33:14.808000,1696,0.7600621421279724,75.7183318253787,-1.3607389781801615,-93.26001205586897,0.6875871919247147,26.096859247371906,0.11424855961926929,-55.814216923072905,0.7459348592695408,0.22790194899063998,-54.392540313491686,-0.9380225179535654
2026-06-24T14:33:14.818000,1697,1.0071750554718821,75.61119961466625,-1.616627243607972,-93.34794357440602,0.7807168354208512,25.619241399873655,0.22869302779045053,-55.707130777202266,0.7514257057732348,0.33536923959222126,-54.67511431422893,-1.1286562610166118
2026-06-24T14:33:14.828000,1698,0.6590920105860059,75.3433766556432,-0.9368432937879427,-93.20671753871184,0.9888901907437709,26.343808010285624,-0.14923920250644054,-55.68692412479872,0.5399543929521449,0.327309120677205,-54.64621767822693,-0.8560495171756826
2026-06-24T14:33:14.838000,1699,1.1294034082661577,75.30954574985014,-1.598534862805979,-93.10279795114197,0.6821108806602327,25.95574441977133,0.30587524359604484,-55.967773596588394,1.0809915029839066,0.6523967371883586,-54.21914325810737,-0.48621817246707466
2026-06-24T14:33:14.854000,1700,0.9965473713805185,75.74088374450525,-0.9962908772790527,-93.2253721933457,0.7724994274332252,25.974739806030144,-0.247714542200055,-55.893015057274035,0.7074841892579047,0.1177489136826099,-54.3283202034603,-0.8884583997715366
2026-06-24T14:33:14.858000,1701,0.9221478766018099,75.67886142625238,-1.5184082903049638,-93.25201802135255,0.6519794043419649,25.882472754966276,0.17546450470116765,-56.16578316979774,0.8255786736474966,0.31656325705574,-54.49208389755246,-0.9647102594608461
2026-06-24T14:33:14.869000,1702,0.7786613025552638,75.19395883979266,-1.6502281723347112,-92.9935480535134,0.9505413064378772,25.882472754966276,0.08231030266417447,-55.97585712534678,0.4575651553223422,0.20372159224563047,-54.58841751047401,-0.9990248244729665
2026-06-24T14:33:14.879000,1703,0.6803502318383149,75.3941230143328,-1.1487925236493988,-93.45186602311927,0.5533734495813464,26.075148153183466,0.30587524359604484,-55.63035027095211,0.419114485310706,0.4294020370702189,-54.71686117841124,-0.978056177134372
2026-06-24T14:33:14.889000,1704,0.7175485526928976,75.73242601805698,-1.4150188959168153,-93.20938412431288,0.5971986451517222,26.246112457212217,-0.5218474373928782,-56.00616276496726,0.8887440507200529,0.3702954599586958,-54.65906101065832,-0.9113327295263974
2026-06-24T14:33:14.903000,1705,0.7175485526928976,75.52944361040183,-1.5907805888436013,-92.9962117779711,0.476675680969554,25.597530305685215,-0.1598843355735152,-55.65055692335565,1.004093111857798,0.28163415189363483,-54.62695095564263,-1.0447775778224626
2026-06-24T14:33:14.909000,1706,0.558121879044078,75.23060797870073,-1.4744664794079252,-93.54779443731607,0.5971986451517222,25.711508450937522,0.19675477083531698,-55.80613556380694,1.0343016143195758,0.1983472180370631,-54.010422728693655,-0.7302314923844571
2026-06-24T14:33:14.919000,1707,0.7786613025552638,75.75216273117177,-1.4770503122851533,-92.98555401899702,0.8409768469664839,25.841766274519024,-0.15456034016306183,-56.04859369772532,0.8118456595939443,0.20372159224563047,-54.2062964778015,-0.9113327295263974
2026-06-24T14:33:14.929000,1708,0.6245498974868975,75.7859906098616,-1.4589579314831602,-94.03542482052985,0.5971986451517222,26.09414353944228,0.3085386701781682,-55.97383515841097,0.7047387660060577,0.03714772453252606,-54.62373753662892,-0.8674877055130549
2026-06-24T14:33:14.939000,1709,0.7520906657920445,75.54635906329837,-1.598534862805979,-93.42255647065467,0.20002784720428354,26.1945518865956,-0.08536268859625092,-55.94150755185468,1.026062395666881,0.22790194899063998,-54.03932281257013,-1.0943416960044914
2026-06-24T14:33:14.951000,1710,0.579377247226805,75.24470519848225,-1.6192110764851906,-93.61707416236264,0.7286742318628495,26.11585463363072,0.005128086858580163,-56.226398788023545,1.0480346283731181,-0.027333226787525377,-53.83060228315641,-1.1210314844316593
2026-06-24T14:33:14.960000,1711,0.5023215446926218,75.3151852431834,-1.469298813653469,-93.46519036769439,0.8820638869046186,26.30853003184791,-0.31957276259519596,-55.644495361533075,0.5207305323949086,-0.027333226787525377,-54.9673251241328,-0.8560495171756826
2026-06-24T14:33:14.970000,1712,0.7839765711357172,75.42795089302263,-1.2134105482256585,-93.44387198860287,0.7588057081811173,25.898755347145176,0.19675477083531698,-55.97585712534678,0.770649566330471,0.3004430192257076,-54.59805087176616,-0.7683574222291135
2026-06-24T14:33:14.980000,1713,0.4970062761121684,76.02280695041306,-1.5287463971445696,-93.52381233376688,0.7944134957638671,26.17555650033679,-0.11197695014089235,-55.93140639514532,0.8805048320673583,-0.08375117439696905,-54.61410417533677,-1.0314337070688206
2026-06-24T14:33:14.990000,1714,0.930119352937699,75.7859906098616,-1.4434493835584048,-92.88163157028377,0.35889675460144255,26.08871795128245,-0.15189977133477056,-55.82027848489549,0.9711362372470094,-0.032704716200462114,-54.48566050739952,-0.8293617756684019
2026-06-24T14:33:15.001000,1715,0.8769752263417173,75.67886142625238,-1.6062891367683567,-93.33195836651657,0.9012368585121115,25.95574441977133,0.08231030266417447,-56.032430979193386,0.8173394549947919,-0.34973221379663855,-54.51777401028969,-1.056215766159835
2026-06-24T14:33:15.010000,1716,0.8876057635026628,75.06145647683864,-1.1979020003009029,-93.17474426178958,0.6026749564162043,25.91503793932408,0.12755711926850605,-55.87483037180629,0.9381793626362308,0.04789358815399108,-54.4310737586603,-0.7740765163977996
2026-06-24T14:33:15.020000,1717,0.7016056000210806,75.72960778494198,-1.4356951095960269,-93.1267800546912,0.7944134957638671,25.752214931384778,0.24466215626797858,-55.76774422593565,0.5069975183413563,0.3246233759707171,-54.228776619399525,-1.2735392976500495
2026-06-24T14:33:15.030000,1718,0.6537767420055524,75.3941230143328,-1.8750993419130013,-93.32129774639917,1.0628468626324143,26.180985002346322,0.03972691264200499,-55.707130777202266,0.8502963296055805,-0.16972673775558117,-54.72970451084262,-1.0848112370032692
2026-06-24T14:33:15.041000,1719,0.9274631451822632,75.76343869073504,-1.5468387779465627,-93.18806574522135,0.4821549333249439,25.752214931384778,0.14352624774607284,-55.89503702420985,0.4548167831733415,-0.3040601298086599,-54.18060981293874,-0.9380225179535654
2026-06-24T14:33:15.051000,1720,0.9752891501282095,75.50689169127527,-1.1694687373286106,-93.08414615765149,0.9450649951733952,26.012733492397484,0.03972691264200499,-55.95161087805646,0.38890598284892813,0.5691098033318259,-54.92236828881125,-1.0333393894850869
2026-06-24T14:33:15.061000,1721,0.635177581578261,75.45332407236744,-1.5003131341722866,-93.45986005763564,0.9231509268427533,25.936749033512513,-0.11996151437967574,-55.93140639514532,0.5784050629637711,0.5368693276718002,-54.36685364862891,-1.1095932960942836
2026-06-24T14:33:15.071000,1722,0.3641502392265679,75.58582946242468,-1.3710770850197673,-93.30264595290868,0.8957605472476294,25.752214931384778,0.19675477083531698,-56.200130573797416,1.262251364446055,-0.054199328239022806,-54.89668162394849,-1.117218072679236
2026-06-24T14:33:15.081000,1723,0.9965473713805185,75.68450091958563,-1.6838291010614503,-93.05217001958589,1.3340154440422949,26.569048592860614,0.4735510926103023,-55.92332286638694,0.7733979384794718,-0.14286063630412285,-54.45355045238383,-1.0848112370032692
2026-06-24T14:33:15.091000,1724,0.7946042552270807,75.60556314843623,-1.5416711121921065,-93.47584812666847,0.7505883001934913,25.94760312368188,0.021097215336146936,-55.79199047322597,1.004093111857798,-0.04345346461755778,-54.71686117841124,-1.0104630128103387
2026-06-24T14:33:15.101000,1725,0.8344616369066812,75.26161762427554,-1.4020941808692877,-93.66503836946106,0.7861960877762362,25.860764574627545,0.0716651695970998,-55.84856432707259,1.2540121457933604,0.3971615614101932,-54.53061734272107,-1.00093255380912
2026-06-24T14:33:15.111000,1726,0.5740648317158948,75.54354083018335,-1.6709071613446165,-93.49449992015894,0.805369059383734,25.882472754966276,-0.3382053176548861,-55.64247339459727,1.1523960987091677,0.1284947773040749,-54.78750467859556,-1.0066516479778096
2026-06-24T14:33:15.122000,1727,0.558121879044078,75.60838138155124,-1.3426465973781778,-93.24668771129384,0.5451560415937154,26.20540889061467,0.06368060535831642,-55.83240160854065,0.8008610176894027,0.3138746275536606,-54.25767670327598,-0.903707952941445
2026-06-24T14:33:15.132000,1728,0.6670634869219336,75.92413246614888,-1.7226004708733487,-93.55578847183249,0.7834579321440001,25.651806584231455,0.37773632174501787,-55.86068745071775,0.6141073608264066,-0.22077319595212722,-54.23198659053875,-0.9113327295263974
2026-06-24T14:33:15.142000,1729,0.558121879044078,75.86774964122925,-1.567517766956468,-93.37725598801396,1.2545824608891745,25.67623047249981,0.06102003653002514,-55.84452473218581,0.7816371571321664,0.021027486702532745,-54.60126084290539,-1.0142764245627622
2026-06-24T14:33:15.152000,1730,0.5474913418831324,75.66194597335584,-1.0996802716672012,-92.98555401899702,0.6026749564162043,25.35601004478103,0.29789067935726143,-55.85664785583097,0.6305857981317959,-0.5324263193397363,-54.49529386869168,-0.8674877055130549
2026-06-24T14:33:15.162000,1731,0.8743190185862816,75.39694124744781,-1.5390845039841754,-93.39857436710548,0.7095012602553565,25.673514764570182,0.31652323441695157,-55.7232934957342,0.4630560018260361,0.015653112493965362,-54.63658431693478,-0.8579551995919488
2026-06-24T14:33:15.172000,1732,1.0310894844796656,75.35465261520648,-1.4796369204930748,-93.39058033258907,1.0628468626324143,26.064294063014103,0.10094285772386462,-55.864729215096936,0.5536874070056872,0.021027486702532745,-54.8292480949034,-0.8064853989936538
2026-06-24T14:33:15.182000,1733,1.1612893136098303,75.68731915270065,-1.285782846764296,-93.56378250634886,0.805369059383734,26.07243535910355,0.1461868165743641,-55.93342619258871,1.0700068610793652,0.010281623081028628,-54.79392462087401,-0.896083176356489
2026-06-24T14:33:15.192000,1734,0.6750349632578615,75.34901312187321,-1.0867583319503673,-93.33728581543194,0.8820638869046186,25.871618664796912,-0.03479473433529804,-55.967773596588394,0.6470642354371852,0.053267962362558464,-54.18060981293874,-1.2964156743247974
2026-06-24T14:33:15.202000,1735,0.8105472078989363,75.45050583925243,-1.1565440222810832,-93.36926195349754,0.476675680969554,25.76306902155414,0.0317423484032216,-56.11729067521709,0.5536874070056872,0.20640733695207927,-54.62373753662892,-1.0409641660700428
2026-06-24T14:33:15.213000,1736,0.8982334475940263,75.42795089302263,-1.5365006711069473,-93.21471157322826,0.961499811148647,25.991022398209047,-0.03479473433529804,-55.5414488105492,1.1304268149000745,-0.12136602426556216,-54.94163501139557,-0.8598629289281023
2026-06-24T14:33:15.223000,1737,0.6431490579141889,75.66194597335584,-1.3865856329445228,-93.1267800546912,0.45476455372982005,25.68437176858926,0.2340170232009039,-55.77380578775823,0.6827665332998207,0.35417522212870245,-54.61089420419754,-0.8427056464220405
2026-06-24T14:33:15.233000,1738,0.635177581578261,75.41667493345935,-1.46412837256831,-93.14276812372398,0.9888901907437709,26.452357653528395,0.24200158743968728,-55.93342619258871,0.7624103476777764,-0.22077319595212722,-54.19345314537012,-0.9456472945385178
2026-06-24T14:33:15.243000,1739,0.7999195238075342,75.5660927493099,-1.2185782139801147,-93.19605977973777,0.6245890247468411,25.651806584231455,-0.17319289522279072,-55.67480317064598,0.9601515953424677,0.25745379514858624,-54.537040732874004,-0.8655820230967886
2026-06-24T14:33:15.253000,1740,0.48637859202080486,75.45614533258568,-1.0479869621384785,-93.14276812372398,0.8628909152971207,25.901468141225088,-0.024149601268223377,-56.032430979193386,0.605868142173712,0.1419292704276194,-54.0328994224172,-0.9933057303042803
2026-06-24T14:33:15.263000,1741,0.8264901605707533,75.70705283871219,-1.4460359917663264,-93.05749746850125,1.0409327943017725,25.76306902155414,-0.03479473433529804,-55.80815536125033,0.8942378461209006,-0.027333226787525377,-54.30905348087599,-0.886550670435383
2026-06-24T14:33:15.273000,1742,0.8955772398385906,75.63939405422929,-1.8957783309229064,-93.67036867951977,0.9971075987313969,25.887901256975812,-0.2450511156178929,-55.9354459900321,0.8695201901628167,-0.05151358353253489,-54.44713051010538,-1.008557330394076
2026-06-24T14:33:15.283000,1743,0.9540337819454824,75.65067001379256,-1.5390845039841754,-93.26267578032667,0.4985897493001958,25.898755347145176,0.5480727395875666,-55.95161087805646,0.9683908139951625,0.03446197982607724,-54.241619951830906,-1.0485909895748826
2026-06-24T14:33:15.293000,1744,0.7520906657920445,75.67604319313737,-1.510654016342586,-93.73698468010868,0.30411305432029195,25.67623047249981,0.3963660190508759,-55.878872136185485,0.957403223193467,0.3004430192257076,-54.69759445582694,-1.056215766159835
2026-06-24T14:33:15.308000,1745,0.8211777450598432,75.71269233204545,-1.8957783309229064,-93.18540202076369,0.7095012602553565,25.72236254110689,0.1541713808131475,-55.83037964160484,0.9601515953424677,-0.0380790904089904,-54.7264945397034,-1.0028382362253863
2026-06-24T14:33:15.314000,1746,0.9513747211204647,75.50970992439028,-1.5494253861544842,-93.48384216118487,0.9751935304007551,26.37908598872334,0.36975175750623446,-55.943527349298066,1.328165113667622,0.04789358815399108,-54.700804426966165,-0.9494607062909377
2026-06-24T14:33:15.324000,1747,0.6909779159296784,75.67886142625238,-1.1203592606771158,-93.40923212607956,1.0190187259711307,25.749499223455153,0.15949537622360088,-55.98393848461274,0.7184688311624462,-0.05957370244755109,-54.10033295146228,-1.0924360135882252
2026-06-24T14:33:15.334000,1748,0.5102930210285497,75.45332407236744,-1.4279408356336492,-93.28932160833357,0.9176716744873684,25.89332684513564,0.13287825692512734,-56.02232765299161,0.8502963296055805,0.09894004635053712,-54.16455306149366,-1.1210314844316593
2026-06-24T14:33:15.352000,1749,0.858376065914426,75.7859906098616,-1.2237486550652643,-93.41722616059596,0.9231509268427533,26.012733492397484,0.46024253296106554,-55.95161087805646,0.8585355482582752,-0.23957917848860844,-54.54346067515245,-0.8217349521635586
2026-06-24T14:33:15.358000,1750,0.706920868601534,76.01998569019482,-1.9164545446021275,-93.35593760892243,1.010801317983505,26.14027852189907,0.24200158743968728,-56.10516755157193,0.5784050629637711,0.20372159224563047,-53.77922205768194,-0.8808315762666968
2026-06-24T14:33:15.368000,1751,0.5421789263722223,75.36311034165475,-1.0712497840256117,-92.86031319119228,0.7944134957638671,26.191839092515686,0.39902944563299925,-55.80613556380694,0.7733979384794718,0.09087992743552091,-54.79071464973479,-0.9380225179535654
2026-06-24T14:33:15.374000,1752,0.7414629817006424,75.51816765083856,-0.7171425652948024,-93.22004188328695,0.9012368585121115,26.1945518865956,-0.15456034016306183,-55.83240160854065,0.7404410638686832,-0.040764835115478314,-54.68474767552108,-0.9151461412788173
2026-06-24T14:33:15.384000,1753,0.7946042552270807,75.5632745161949,-1.1617144633662329,-93.13210750360656,0.38902528982880247,25.860764574627545,-0.1279460786184204,-56.05263546210451,0.9464185812889254,0.0022215041660124247,-54.37006361976814,-1.1324696727690318
2026-06-24T14:33:15.395000,1754,0.9726329423727738,75.79163010319485,-1.5287463971445696,-93.06282777855999,0.45750270936206106,25.589389009595763,-0.22642141831203486,-56.02030785554823,0.4877736577841201,0.19297572862412635,-54.76502798487203,-1.3040404509097498
2026-06-24T14:33:15.405000,1755,0.558121879044078,75.2108742926892,-0.9937070444018247,-93.16941395173087,0.641023840722098,25.860764574627545,-0.024149601268223377,-55.98393848461274,0.6388250167844906,0.0962543016440492,-54.0007893674015,-1.3631370750128882
2026-06-24T14:33:15.415000,1756,0.9487185133649904,76.01152796374654,-1.570101599833696,-93.01752729591924,0.5971986451517222,26.2271170709534,-0.35417444613245286,-56.121332439596294,1.473722677267145,0.16610962717266803,-54.44070711995246,-0.8503304230069963
2026-06-24T14:33:15.425000,1757,0.9008896553495007,75.45050583925243,-1.9035326048852843,-93.53447009274096,0.8382386913342428,25.95574441977133,0.3138598078347895,-55.915241507120975,0.8612809715101221,0.1123745394740816,-54.6719043430897,-1.1362810376015642
2026-06-24T14:33:15.435000,1758,0.6431490579141889,75.77471465029832,-1.4977293012950585,-94.13668068364203,0.791675340131626,26.039870174745747,0.13554168350728943,-55.79199047322597,0.6031227189218651,0.5341835829653123,-54.47281717496814,-1.0390584836537764
2026-06-24T14:33:15.445000,1759,1.0656315975787738,75.92131423303385,-1.5571768847861684,-93.41988988505364,0.5752845768210804,25.83905348043911,0.22336903237995842,-55.92332286638694,1.1578898941100153,0.35954959633723077,-54.755394623579875,-0.995213459640434
2026-06-24T14:33:15.455000,1760,0.38274939965385923,75.43077215324088,-1.0454031292612505,-93.26001205586897,0.6108923644038302,25.95574441977133,0.15949537622360088,-56.12739400141887,0.8502963296055805,-0.25301367161215293,-54.16455306149366,-0.8179235873310295
2026-06-24T14:33:15.465000,1761,0.7175485526928976,75.4617817988157,-1.6192110764851906,-93.02019388152029,0.6191097723914561,25.619241399873655,0.1861096377682423,-55.65459651824243,1.2704905830987496,-0.0703195660690552,-54.23840998069168,-0.9875866361355942
2026-06-24T14:33:15.476000,1762,0.44652121034120446,75.73524727827522,-1.4020941808692877,-93.17740798624727,0.808110156106878,25.953031625691416,-0.22376084948374358,-56.41026327065193,0.6470642354371852,0.5932901600768354,-54.36685364862891,-0.9532720711234702
2026-06-24T14:33:15.486000,1763,0.6989493922656063,75.40539897389608,-1.7639556735624655,-93.31063998742505,0.8930223916153884,25.60024601361484,0.005128086858580163,-56.19204921453145,0.7376956406168362,0.4079103098272889,-54.687961094534785,-0.7683574222291135
2026-06-24T14:33:15.496000,1764,0.6644072791664593,75.25315989782729,-1.1487925236493988,-93.43054764402774,0.7067631046231155,25.76035622747423,0.3457980647898843,-55.71925390084743,1.2183098479307348,0.34342935850719836,-54.57557073016814,-1.0180877893952947
2026-06-24T14:33:15.506000,1765,1.2277173320526114,75.8903015603558,-1.55976349299409,-93.18007171070495,0.7588057081811173,25.22303651326991,0.0690046007687698,-55.981918687169355,1.0343016143195758,0.13118052201056282,-54.44713051010538,-1.1553460494437797
2026-06-24T14:33:15.516000,1766,0.8238339528153176,75.05299875039037,-1.425357002756421,-93.60641640338856,1.14227984578554,26.197267594525222,-0.14391520709598715,-55.99808140570129,1.0452892051212712,0.20909596645415876,-54.42465036850737,-1.1705956026136848
2026-06-24T14:33:15.528000,1767,1.001862639960972,75.29826979028687,-1.3529847042177836,-93.11079198565838,0.46572011734968705,26.107713337541266,0.39104488139425464,-55.79199047322597,0.7459348592695408,0.10162867585257748,-54.267310064568136,-1.1000607901731776
2026-06-24T14:33:15.536000,1768,0.9593461974563925,75.64221228734431,-1.6321357915327275,-93.18007171070495,0.6629349679618319,25.931320531502976,-0.05874842705160947,-56.20619213562,1.0864852983847544,0.3702954599586958,-54.957691762840646,-0.9380225179535654
2026-06-24T14:33:15.547000,1769,0.7839765711357172,75.94386917926364,-1.7226004708733487,-93.25734833141131,0.7040220078999666,25.60024601361484,-0.3834492765053856,-56.01626609116904,0.6910057519525153,0.015653112493965362,-54.23840998069168,-0.9380225179535654
2026-06-24T14:33:15.557000,1770,0.47575090792944136,75.28699080362036,-1.0298945813364948,-92.94025353635627,0.7314123874950905,26.254253753301665,0.25530728933505326,-56.07082014757226,0.605868142173712,0.5153747156332396,-54.607684233058315,-1.3116652274947058
2026-06-24T14:33:15.567000,1771,0.8902619712580986,75.33210069607992,-1.7846346625723801,-93.53447009274096,1.131324282165673,25.83905348043911,-0.11197695014089235,-55.94958891112064,1.026062395666881,0.07744831910756797,-54.87099151121125,-0.9227709178637697
2026-06-24T14:33:15.577000,1772,0.5528066104636244,75.95232387860868,-1.4124322877088937,-93.41722616059596,0.5259801288953196,26.29224743966901,-0.27965279915514984,-55.79603223760517,0.8805048320673583,0.33536923959222126,-54.27693997798582,-0.8846449880191167
2026-06-24T14:33:15.587000,1773,0.558121879044078,75.7211500584937,-1.019553699166186,-92.9029499493753,0.9149335188551274,26.064294063014103,0.12755711926850605,-55.89503702420985,0.7596649244259295,-0.14554638101057166,-54.44391709109168,-0.8884583997715366
2026-06-24T14:33:15.597000,1774,0.5501504027081501,75.25034166471227,-1.2909505125187521,-93.70500854204307,0.5533734495813464,26.00187648837841,0.4549185375506122,-56.10516755157193,0.7239626265632939,0.12312040309554663,-54.35722028733676,-0.8579551995919488
2026-06-24T14:33:15.607000,1775,0.6165784211509697,75.38566528788454,-1.097096438789973,-93.0948039166256,0.4355915821223271,25.958457213851243,0.3378135005511396,-55.87483037180629,0.5893897048683127,-0.0756939402775835,-54.59483745275246,-0.863674293760635
2026-06-24T14:33:15.617000,1776,1.1294034082661577,76.13275436713728,-1.4020941808692877,-93.69701450752666,0.805369059383734,25.66266067440082,-0.0055170462084945015,-55.67884276553275,0.6086135654255589,0.053267962362558464,-54.45355045238383,-1.2506629209753048
2026-06-24T14:33:15.627000,1777,0.7494344580365702,75.89594105368906,-1.7975566022892142,-93.21471157322826,1.0765405818845224,25.689797356749086,0.36975175750623446,-56.044554102838546,0.7267080498151409,0.34342935850719836,-54.469607203828915,-0.8350788229172007
2026-06-24T14:33:15.637000,1778,0.9938911636250828,75.77753288341333,-1.228919096150414,-93.45452974757694,0.9587587144255031,26.00187648837841,0.1861096377682423,-55.92332286638694,0.4438321412687999,0.6094103979068678,-54.46639723268969,-0.8122044931623399
2026-06-24T14:33:15.647000,1779,0.9380908292736267,75.40821720701109,-1.1875611181306036,-93.35327388446477,0.7177186682429825,25.82548368234012,-0.18117745946153535,-56.333484933894184,0.9244492974798423,0.5341835829653123,-54.148499757923055,-0.8350788229172007
2026-06-24T14:33:15.658000,1780,0.9513747211204647,75.42231442679261,-1.5390845039841754,-93.17740798624727,0.9669761224131291,25.65451937831137,-0.0906866840067043,-55.58994130512985,1.2375337084879712,0.4428365301937634,-54.48245053626031,-1.1229371668479258
2026-06-24T14:33:15.668000,1781,0.9593461974563925,75.03044380416058,-1.7303547448357264,-93.54246412725736,0.2438530427746593,25.820058094180293,-0.14125463826765716,-55.50710140654953,0.4630560018260361,0.30312876393215643,-54.7232811206897,-1.1153123902629698
2026-06-24T14:33:15.678000,1782,1.0178027395632843,75.29826979028687,-1.3116295015286574,-93.17740798624727,0.6738934726726067,26.099572041451818,-0.09600782166332557,-55.57377641710549,0.8365633155520381,-0.3685410811287113,-54.4310737586603,-0.978056177134372
2026-06-24T14:33:15.688000,1783,0.28443547586736706,75.15448844066633,-1.2030696660553593,-93.37725598801396,0.5643290132012134,26.20540889061467,-0.3621590103711975,-56.03849254101597,0.4658043739750369,0.2843227813956752,-54.44391709109168,-0.9704293536295322
2026-06-24T14:33:15.698000,1784,0.8238339528153176,75.52380411706858,-1.3245514412454913,-93.14276812372398,0.9560205587932621,26.061578355084475,0.2766004132230734,-56.25670442764403,0.6607972494907275,-0.3040601298086599,-53.95583253207996,-1.1744090143661081
2026-06-24T14:33:15.708000,1785,0.930119352937699,75.51816765083856,-1.1384516414790995,-93.29465191839228,0.5095453129200628,25.63009549004302,0.09029486690295786,-55.83240160854065,0.4960128764368147,0.31118888284717267,-54.52419395256815,-0.8102967638261863
2026-06-24T14:33:15.719000,1786,0.9832606264641373,75.66476723357408,-1.3167971672831136,-93.34261612549065,0.7971516513961081,25.749499223455153,0.2632918535738366,-55.60408422621839,0.6141073608264066,-0.2852541472721786,-54.177396393925044,-0.9265843296161896
2026-06-24T14:33:15.729000,1787,0.8211777450598432,75.84237646188446,-1.735525185920876,-92.77504539711289,0.7286742318628495,26.01001778446786,0.36442776209574235,-55.996061608257904,1.141411456804626,-0.23420768907567172,-54.15170972906228,-0.7683574222291135
2026-06-24T14:33:15.739000,1788,0.5315483892113154,75.38566528788454,-1.567517766956468,-93.44387198860287,0.6985456966354846,26.007304990387947,0.1861096377682423,-56.00616276496726,1.0535284237739657,0.25745379514858624,-54.270520035707364,-0.7893281164875918
2026-06-24T14:33:15.749000,1789,0.613919360325952,75.2672571176088,-1.3736636932276889,-93.65970805940235,0.4164156694239263,26.191839092515686,-0.14125463826765716,-55.84048296780662,0.8667747669109698,0.47238837635170966,-54.65906101065832,-0.7378562689694095
2026-06-24T14:33:15.759000,1790,1.193175218953503,75.65630950712583,-0.9135804719008095,-92.9775599844806,0.8574116629417358,26.064294063014103,0.09561886231341124,-56.084963068660805,0.6278403748799489,-0.16972673775558117,-54.25125331312306,-0.6577889506077929
2026-06-24T14:33:15.769000,1791,0.5501504027081501,75.98897604461999,-1.453790265728704,-93.71833002547481,0.7396297954827165,26.045298676755284,0.55605730382635,-55.83037964160484,0.8777594088155114,-0.14554638101057166,-54.54667409416616,-0.9494607062909377
2026-06-24T14:33:15.782000,1792,0.528892181455841,75.68450091958563,-1.2340867619048703,-92.73241150007318,0.9258890824749944,25.749499223455153,-0.21577628524496018,-55.98798024899194,1.001347688605951,0.042522098741054344,-54.270520035707364,-1.0485909895748826
2026-06-24T14:33:15.789000,1793,0.7016056000210806,75.75216273117177,-1.3116295015286574,-93.31063998742505,0.9231509268427533,26.59347248112897,-0.03479473433529804,-55.854625888895164,0.25982390765764085,0.1123745394740816,-54.67511431422893,-1.1629708260287321
2026-06-24T14:33:15.799000,1794,0.3083499048751118,75.1883193464594,-1.4150188959168153,-93.37991971247166,0.8738464789169926,25.887901256975812,0.17546450470116765,-55.80411359687113,0.8008610176894027,-0.0756939402775835,-54.392540313491686,-1.00093255380912
2026-06-24T14:33:15.809000,1795,0.7892918397161707,75.16012793399959,-1.2961209536039018,-92.8469917077605,1.323059880422428,25.524261554729872,0.05303547229124175,-55.78188931651662,0.7569195011740825,0.37835557887371196,-54.55630745545831,-1.1076876136780174
2026-06-24T14:33:15.820000,1796,0.8424331132426089,75.60556314843623,-1.1487925236493988,-92.9962117779711,0.49037234131256985,25.798346999991857,-0.08536268859625092,-55.7232934957342,1.001347688605951,0.2923829003106914,-54.7264945397034,-1.0485909895748826
2026-06-24T14:33:15.830000,1797,1.1480025686934492,75.61119961466625,-1.3710770850197673,-93.18007171070495,0.9560205587932621,25.996450900218584,0.3963660190508759,-55.55761369857356,0.6827665332998207,0.33536923959222126,-54.254463284262286,-0.825548363915982
2026-06-24T14:33:15.840000,1798,0.2233227260050009,75.47587901859723,-1.4434493835584048,-93.29998222845097,0.8902812948922445,25.91503793932408,-0.045439867402372706,-55.60408422621839,0.29003535901658245,0.668516975018391,-54.37006361976814,-0.8884583997715366
2026-06-24T14:33:15.850000,1799,0.8902619712580986,75.53508310373509,-1.228919096150414,-93.939496406333,1.0436709499340135,26.2271170709534,-0.013501610447277887,-55.88695349545145,0.8805048320673583,0.012967367787516544,-54.47281717496814,-0.7664517398128472
2026-06-24T14:33:15.860000,1800,0.7308352976092789,75.55481678974662,-1.3529847042177836,-93.34794357440602,0.6218508691146001,26.16470241016742,-0.07471755552917625,-56.06879818063645,0.045607171584703954,-0.52436620042472,-54.68474767552108,-0.8846449880191167
2026-06-24T14:33:15.870000,1801,1.2356888083885391,75.12065753487326,-1.2237486550652643,-93.11345571011609,0.6656760646849758,25.94760312368188,0.2340170232009039,-55.92736463076613,0.9931084699532563,-0.36316670692018305,-54.23840998069168,-1.1458135435226737
2026-06-24T14:33:15.880000,1802,0.7547497266170623,75.39975948056282,-0.9213347458631872,-93.07348553753407,0.5013279049324368,25.863477368707457,-0.10931638131256234,-56.084963068660805,0.7486802825213879,0.4267162923637701,-54.39896370364461,-0.7283237630483034
2026-06-24T14:33:15.890000,1803,0.6537767420055524,75.67604319313737,-1.0790040579879896,-93.31330371188275,1.0655850182646556,26.042582968825663,0.21006333048459247,-55.94958891112064,0.8228332503956496,-0.3309262312601573,-54.44070711995246,-0.7721708339815333
2026-06-24T14:33:15.901000,1804,0.8344616369066812,75.29826979028687,-1.1720525702058386,-93.11611943457375,0.791675340131626,25.974739806030144,0.11424855961926929,-55.854625888895164,0.44657756452064684,0.026401860911061035,-54.44713051010538,-0.7912337989038581
2026-06-24T14:33:15.911000,1805,0.9380908292736267,75.81700328253964,-1.6812452681842223,-93.15342588269809,0.9450649951733952,26.067006857094015,0.28192155087969467,-55.9354459900321,0.8914924228690537,0.22521620428415207,-54.49208389755246,-0.8789258938504306
2026-06-24T14:33:15.921000,1806,0.8264901605707533,75.88466509412578,-1.7613718406852374,-93.05217001958589,0.802630903751493,25.77121031764359,-0.19714658793910214,-55.747539743024525,0.3037683730701248,0.1338691515126032,-54.19345314537012,-1.1934719792884327
2026-06-24T14:33:15.931000,1807,0.6989493922656063,75.74088374450525,-1.5468387779465627,-93.26267578032667,0.45476455372982005,25.68437176858926,-0.20246772559572343,-55.60408422621839,0.5454481883529926,-0.18853272029206242,-54.63658431693478,-0.8274540463322483
2026-06-24T14:33:15.941000,1808,0.7175485526928976,75.43359038635589,-1.4951454684178305,-92.79636377620442,0.6218508691146001,25.68437176858926,0.29523011052893144,-55.90917994529839,1.0645130656785173,-0.2100273323306231,-54.187029755217196,-1.0771844134984294
2026-06-24T14:33:15.951000,1809,0.8530607973339724,75.3433766556432,-1.660566279174317,-93.51848202370813,0.3232860259277849,25.944890329601968,0.20739990390243038,-55.61418755242018,1.1139483775946852,-0.0380790904089904,-54.33474014573875,-0.825548363915982
2026-06-24T14:33:15.961000,1810,1.0310894844796656,75.32082170941341,-1.5003131341722866,-93.57977057538167,0.8464560993218688,25.863477368707457,0.1541713808131475,-55.99201984387871,0.7129779846587523,-0.08643980389904853,-54.52098398142892,-0.9628045770445798
2026-06-24T14:33:15.971000,1811,0.9327755606931734,76.05945608932113,-1.5003131341722866,-93.38525002253037,0.8272831277143758,25.925892029493443,0.4176591429388573,-55.78997067578259,1.3061928809613852,0.1284947773040749,-54.569150787889704,-0.9227709178637697
2026-06-24T14:33:15.981000,1812,0.6378337893336967,75.80008782964312,-0.926505186948337,-93.10546167559967,0.7149805126107415,25.868905870717,0.08497372924633657,-56.2082141025558,0.8173394549947919,-0.34704646909015063,-54.54667409416616,-0.9170518236950835
2026-06-24T14:33:15.992000,1813,0.9434032447845369,75.23342621181574,-1.3116295015286574,-93.50249395467536,1.008063162351264,26.042582968825663,0.10360342655219462,-56.111229113394515,0.6086135654255589,0.5046288520117744,-54.46639723268969,-0.9113327295263974
2026-06-24T14:33:16.002000,1814,0.6378337893336967,75.70987409893043,-1.570101599833696,-93.63839254145417,0.9067161108675015,25.80648829608131,0.21006333048459247,-55.828359844161454,0.8502963296055805,0.04789358815399108,-54.42465036850737,-1.189658567536013
2026-06-24T14:33:16.012000,1815,0.6909779159296784,75.3941230143328,-1.5416711121921065,-93.24136026237848,0.4273741741346962,26.17555650033679,-0.04277929857408143,-56.01424629372565,0.7843825803840133,0.08013406381401679,-54.60126084290539,-0.9151461412788173
2026-06-24T14:33:16.022000,1816,0.5900077843877505,75.30672751673514,-1.469298813653469,-93.40923212607956,0.630068277102231,25.77121031764359,-0.1625449044018452,-55.92534483332275,0.43009912721524757,0.1419292704276194,-54.55951742659754,-1.1153123902629698
2026-06-24T14:33:16.032000,1817,0.7494344580365702,75.50125219794202,-1.805310876251592,-93.10279795114197,0.6245890247468411,25.80920109016122,0.2872455462901868,-55.917261304564356,0.8448025342047328,-0.07300531077550403,-54.6719043430897,-0.8293617756684019
2026-06-24T14:33:16.042000,1818,0.9327755606931734,75.56045628307989,-1.4873911944554528,-93.16408364167216,0.8930223916153884,25.82548368234012,0.29256954170064015,-55.89503702420985,0.8338178923001912,0.20640733695207927,-55.10540215336219,-1.2335056384692429
2026-06-24T14:33:16.052000,1819,0.21535124966911173,75.51816765083856,-1.4176027287940434,-93.00953612254621,1.131324282165673,25.697938652838538,0.18078564235778893,-55.890995259830646,0.7404410638686832,-0.14823212571705957,-54.49208389755246,-0.8350788229172007
2026-06-24T14:33:16.063000,1820,1.036404753060119,75.58864769553969,-1.4770503122851533,-93.06016405410229,0.6656760646849758,26.172843706256874,-0.17319289522279072,-55.76572442849226,1.21007062927803,0.30581450863864434,-54.148499757923055,-0.9075213646938649
2026-06-24T14:33:16.073000,1821,0.6750349632578615,75.14039424798806,-1.6734909942218446,-93.48650588564253,0.9012368585121115,26.029016084576387,0.5800109965426614,-56.214275664378384,0.6086135654255589,-0.06494519186048783,-54.700804426966165,-0.995213459640434
2026-06-24T14:33:16.083000,1822,0.8663475422503537,75.01071011814903,-1.3038752275662795,-93.46519036769439,0.5341975368829456,26.14027852189907,0.05303547229124175,-55.87079077691952,0.789876375784861,0.042522098741054344,-54.97053509527203,-0.84842474059073
2026-06-24T14:33:16.093000,1823,0.9487185133649904,75.53508310373509,-1.6502281723347112,-93.32129774639917,0.6930664442800997,26.541911910512347,-0.08802325742454219,-55.77380578775823,0.4960128764368147,-0.12405176897201098,-54.700804426966165,-0.8217349521635586
2026-06-24T14:33:16.103000,1824,0.964661466036846,75.89594105368906,-1.3710770850197673,-93.63306223139546,0.7642820194455993,25.711508450937522,-0.15189977133477056,-55.47477379999324,0.8805048320673583,-0.05151358353253489,-54.748971233426936,-0.9799618595506383
2026-06-24T14:33:16.113000,1825,0.9752891501282095,75.44204811280416,-1.3659094192653112,-93.15342588269809,0.986149094020622,25.988309604129135,0.01843664650781693,-55.77380578775823,0.8997316415217583,-0.032704716200462114,-54.07464283872504,-0.9342091062011455
2026-06-24T14:33:16.123000,1826,0.6378337893336967,75.65067001379256,-1.1772230112909883,-93.23069964226107,0.8738464789169926,25.581247713506315,0.3963660190508759,-55.947569113677254,0.6031227189218651,-0.0380790904089904,-54.3283202034603,-0.9723370829656858
2026-06-24T14:33:16.133000,1827,0.6458052656696246,75.57173224264317,-1.141038249687021,-93.03085164049436,0.6958045999123407,25.83905348043911,0.05835660994786304,-55.74955954046791,0.9464185812889254,0.042522098741054344,-54.44391709109168,-1.090530331171959
2026-06-24T14:33:16.143000,1828,0.6644072791664593,74.97123971902272,-1.2909505125187521,-93.25734833141131,0.33698268627080075,26.400797082911776,0.20739990390243038,-56.15366004615258,1.0480346283731181,0.09894004635053712,-54.44713051010538,-0.7721708339815333
2026-06-24T14:33:16.154000,1829,0.9088611316854286,75.2672571176088,-1.601118695683207,-92.98555401899702,0.7861960877762362,25.78478011574258,0.13554168350728943,-55.93342619258871,0.982120879151551,-0.011212988957532066,-54.64621767822693,-0.781701292982752
2026-06-24T14:33:16.164000,1830,0.8557198581589902,75.17140389356287,-1.5184082903049638,-93.55312188623144,0.37259047385355054,25.95574441977133,0.1914307754248636,-56.10516755157193,0.5207305323949086,-0.12136602426556216,-54.90310156622694,-0.9094270471101311
2026-06-24T14:33:16.174000,1831,0.9407470370291011,75.81700328253964,-1.6114568025228129,-93.21471157322826,1.0518883579216396,25.643665288142007,0.3191838032452816,-55.763704631048874,0.8228332503956496,-0.040764835115478314,-54.02005608998582,-0.9551798004596274
2026-06-24T14:33:16.184000,1832,0.9593461974563925,75.62811506756277,-0.9962908772790527,-93.55578847183249,0.5780227324533214,26.11585463363072,-0.07737812435746752,-55.816236720516294,0.5838988583646189,0.1284947773040749,-54.48566050739952,-1.008557330394076
2026-06-24T14:33:16.194000,1833,0.2658363154400757,75.55481678974662,-1.0273079731285637,-93.38791374698803,0.7095012602553565,26.41707967509068,0.33515293172280963,-55.890995259830646,0.4795344391314254,0.2843227813956752,-54.06179950629366,-0.7378562689694095
2026-06-24T14:33:16.204000,1834,1.0071750554718821,75.43077215324088,-1.3426465973781778,-93.43854167854415,0.6656760646849758,26.13213722580962,0.29256954170064015,-55.62631067606533,1.0425408329722705,0.45358239381522847,-54.37006361976814,-1.1629708260287321
2026-06-24T14:33:16.214000,1835,0.3535225551351657,75.91003827347059,-1.0996802716672012,-93.1587561927568,0.5752845768210804,25.95574441977133,-0.08003869318579752,-56.07082014757226,0.8173394549947919,-0.13211188788702719,-54.806771401179866,-0.5986923265046581
2026-06-24T14:33:16.224000,1836,0.8238339528153176,75.76343869073504,-1.1823934523761475,-93.50782426473405,0.8464560993218688,25.535115644899236,0.40701400987178266,-55.89907661909662,0.6800211100479737,0.08550843802258418,-54.752181204566156,-0.886550670435383
2026-06-24T14:33:16.235000,1837,0.9699767346172994,75.39694124744781,-1.6088729696455848,-93.18540202076369,1.0299772306819057,25.459131186014268,-0.024149601268223377,-56.030409012257586,0.7569195011740825,-0.06494519186048783,-54.55951742659754,-0.930397741368613
2026-06-24T14:33:16.273000,1838,0.985919687289155,75.46742129214896,-1.0919259977048235,-93.24136026237848,0.5369386336060895,25.689797356749086,-0.2370665513791095,-55.775827754694035,1.262251364446055,0.7061289400913534,-54.549884065305385,-1.0981551077569114
2026-06-24T14:33:16.273000,1839,0.5900077843877505,75.76343869073504,-0.9549356745899263,-93.69168419746795,0.23289747915479234,25.849907570608472,0.4921807899161604,-55.967773596588394,0.7459348592695408,0.4831371247688053,-54.806771401179866,-0.7340428572169896
2026-06-24T14:33:16.274000,1840,0.9938911636250828,75.3180034762984,-1.4382817178039486,-93.43054764402774,0.6848490362924737,25.817342386250672,-0.2902979322222245,-55.85260609145178,0.6607972494907275,0.03446197982607724,-54.34116353589168,-0.7607326456441575
2026-06-24T14:33:16.275000,1841,0.706920868601534,75.82827924210292,-1.208240107140509,-93.12411346909016,0.7423708922058604,26.0317288786563,-0.39675783615462235,-55.83240160854065,1.0809915029839066,0.055953707069007284,-54.7232811206897,-1.1095932960942836
2026-06-24T14:33:16.285000,1842,1.2489755533049203,75.58582946242468,-1.3142133344058855,-93.90485654380974,0.9121953632228863,25.752214931384778,-0.09600782166332557,-55.668741608823396,0.32024681037551406,0.3138746275536606,-55.23705579243867,-0.995213459640434
2026-06-24T14:33:16.295000,1843,0.9194916688463354,75.96923933150521,-1.1384516414790995,-93.2839941594182,0.9669761224131291,25.912325145244164,0.3138598078347895,-56.04051233845936,0.8557871761092744,-0.12674039847409044,-54.3443735070309,-0.798858575488814
2026-06-24T14:33:16.305000,1844,1.0337456922351012,75.94668741237865,-1.3038752275662795,-93.04683970952718,0.8409768469664839,25.63009549004302,-0.2636836706776218,-55.84048296780662,0.512491313742204,-0.19121846499855033,-54.66548440081125,-0.8331731405009344
2026-06-24T14:33:16.315000,1845,0.6750349632578615,74.93177234699964,-1.7303547448357264,-93.60108609332985,0.8300212833466168,25.719649747026974,-0.18649859711815664,-55.87483037180629,0.9436731580370785,-0.11330590535054595,-54.66227098179754,-0.9628045770445798
2026-06-24T14:33:16.325000,1846,0.7892918397161707,75.66194597335584,-1.3064590604435076,-93.15342588269809,0.6738934726726067,25.73864513328579,-0.09867124824548767,-56.25064286582145,0.6937511752043624,-0.0756939402775835,-54.48566050739952,-1.1763146967823743
2026-06-24T14:33:16.335000,1847,0.7308352976092789,75.40821720701109,-1.5287463971445696,-93.39590778150443,0.7834579321440001,26.37908598872334,0.010452082269033542,-55.86877097947613,1.1029607867929898,-0.20733870282854364,-54.392540313491686,-0.9018022705251787
2026-06-24T14:33:16.345000,1848,1.0337456922351012,75.91003827347059,-1.3607389781801615,-93.25201802135255,0.38080788184117653,25.80920109016122,-0.26900480833424306,-55.97383515841097,0.9217009253308416,-0.11330590535054595,-54.04574275484858,-1.1057798843418638
2026-06-24T14:33:16.356000,1849,0.5607780867995136,75.96923933150521,-1.735525185920876,-93.15342588269809,0.81358646737136,26.012733492397484,0.5480727395875666,-55.82431807978226,0.3806667641962335,0.5556753102082814,-54.45355045238383,-0.9875866361355942
2026-06-24T14:33:16.366000,1850,0.7414629817006424,75.48997623837874,-1.6734909942218446,-93.1267800546912,0.2274182267994074,25.744073635295322,0.12489369268634395,-56.00818473190307,0.8557871761092744,0.015653112493965362,-54.59483745275246,-0.7492944573067852
2026-06-24T14:33:16.376000,1851,0.47575090792944136,75.61965734111452,-1.5830263148812234,-93.28132757381715,0.9286301791981383,26.126708723800082,0.0077886556869101705,-55.99000004643532,0.9326855672353831,0.17685549079413304,-54.742547843274004,-1.2087235793782285
2026-06-24T14:33:16.386000,1852,0.7839765711357172,75.45332407236744,-1.8130651502139696,-93.47584812666847,0.5670671688334544,25.858048866697924,-0.3861127030875477,-56.02030785554823,0.6141073608264066,-0.07300531077550403,-54.421440397368144,-0.7683574222291135
2026-06-24T14:33:16.396000,1853,0.6458052656696246,75.63939405422929,-0.8515462802017779,-93.26001205586897,0.7588057081811173,25.80648829608131,-0.03745530316358932,-56.14355671995081,1.119439224098379,-0.2664452799400668,-54.25767670327598,-1.1858472027034803
2026-06-24T14:33:16.406000,1854,1.4110584347092143,75.8113637892064,-1.4046780137465158,-93.31063998742505,0.9587587144255031,25.727791043116426,-0.2370665513791095,-55.80815536125033,1.1112000054456845,0.09894004635053712,-54.19345314537012,-0.8808315762666968
2026-06-24T14:33:16.416000,1855,0.4040076209061683,75.53508310373509,-1.2909505125187521,-93.23602995231978,0.6930664442800997,25.687084562669174,-0.06939356011868414,-55.78188931651662,0.7267080498151409,0.08013406381401679,-54.00720930967995,-0.8579551995919488
2026-06-24T14:33:16.426000,1856,1.4057460191983042,74.91767512721812,-1.5080674081346643,-93.10279795114197,0.9505413064378772,25.999163694298495,0.22336903237995842,-55.733396821935976,0.9217009253308416,0.05864233657108675,-54.64621767822693,-0.9704293536295322
2026-06-24T14:33:16.437000,1857,1.0576601212428847,75.72396829160871,-1.1591306304890048,-93.19872350419543,1.1833668857236748,25.459131186014268,-0.15456034016306183,-56.00616276496726,0.9244492974798423,0.19566147333061426,-54.36685364862891,-0.8713011172654782
2026-06-24T14:33:16.447000,1858,0.5634342945549881,75.1629461671146,-1.5365006711069473,-93.10279795114197,0.49037234131256985,26.33295392011626,-0.1279460786184204,-55.80815536125033,0.8557871761092744,0.30312876393215643,-54.61089420419754,-0.8579551995919488
2026-06-24T14:33:16.457000,1859,0.8052347923880263,75.60556314843623,-1.5571768847861684,-93.31063998742505,0.6656760646849758,25.931320531502976,0.13820225233561945,-55.8465445296292,0.8722656134146637,0.29506864501717933,-54.4310737586603,-1.2239731325481333
2026-06-24T14:33:16.467000,1860,0.46777943159351354,75.5660927493099,-1.4124322877088937,-93.13210750360656,0.8272831277143758,26.151132612068434,-0.10931638131256234,-55.8768523387421,0.7047387660060577,0.2467079315271212,-54.58841751047401,-0.9799618595506383
2026-06-24T14:33:16.477000,1861,0.3747779233179314,75.33210069607992,-1.2806124056791464,-93.07082181307636,1.2874520928396782,25.980168308039683,-0.19714658793910214,-55.60408422621839,1.0123323305104925,0.32193474646867676,-54.47924056512108,-0.9342091062011455
2026-06-24T14:33:16.487000,1862,0.7494344580365702,75.68450091958563,-1.1513763565266268,-93.10013136554096,1.1121483694672722,25.621954193953567,-0.06673299129039285,-56.05263546210451,0.29003535901658245,0.04789358815399108,-54.37006361976814,-0.9018022705251787
2026-06-24T14:33:16.497000,1863,0.8690037500058281,75.67886142625238,-1.4382817178039486,-92.89228932925788,0.805369059383734,25.578534919426403,-0.11996151437967574,-55.75562110229049,0.6910057519525153,0.15267513404908442,-54.78108128844263,-0.7683574222291135
2026-06-24T14:33:16.507000,1864,0.4146353049975319,75.5660927493099,-1.7562013996000878,-93.55578847183249,1.2217128289386656,25.817342386250672,-0.1625449044018452,-55.76774422593565,0.5564328302575341,-0.22345894065857602,-54.241619951830906,-0.9647102594608461
2026-06-24T14:33:16.518000,1865,1.1081451870138486,75.3180034762984,-1.5365006711069473,-93.19605977973777,0.9039779552352604,25.76035622747423,0.48153565684908567,-55.78188931651662,0.7788887849831657,-0.29331426618719486,-54.68474767552108,-1.069559636913477
2026-06-24T14:33:16.528000,1866,0.528892181455841,75.54635906329837,-1.7096785311565146,-92.95091129533037,0.9916283463760119,26.384514490732876,-0.03745530316358932,-55.73945838375856,0.5015066718376624,0.30312876393215643,-54.41180703607599,-0.9456472945385178
2026-06-24T14:33:16.538000,1867,0.7946042552270807,75.66194597335584,-1.6373034572871836,-92.9722296744219,0.8683701676525106,26.1945518865956,0.14352624774607284,-55.7273352601134,0.8475479574565797,0.5610496844168097,-54.315473423154444,-0.7378562689694095
2026-06-24T14:33:16.548000,1868,0.7308352976092789,75.96360286527519,-1.3038752275662795,-93.01752729591924,0.7478472034703424,25.980168308039683,0.01577321992565483,-56.030409012257586,0.4850282345322731,0.28969427080861193,-54.38290695219952,-1.1629708260287321
2026-06-24T14:33:16.558000,1869,0.7441191894561168,75.21651075891921,-1.691583375023828,-93.34794357440602,0.6848490362924737,25.996450900218584,0.36442776209574235,-56.133455563241455,0.8914924228690537,-0.1992785839135665,-54.33474014573875,-1.0771844134984294
2026-06-24T14:33:16.568000,1870,0.8318054291512454,75.95232387860868,-1.3736636932276889,-93.33728581543194,0.49037234131256985,26.172843706256874,-0.10931638131256234,-56.21023389999919,0.7679041430786241,-0.24226780799064881,-54.620527565489695,-0.6959169273723366
2026-06-24T14:33:16.578000,1871,0.964661466036846,75.08400839596518,-1.2340867619048703,-93.06282777855999,0.5478941972259564,25.624669901883188,-0.13060950520058248,-55.70308901282307,0.9244492974798423,0.08550843802258418,-54.60126084290539,-1.0390584836537764
2026-06-24T14:33:16.589000,1872,0.6325213738227866,75.57455047575817,-1.5830263148812234,-93.39590778150443,0.6766316283048478,26.01001778446786,0.32982893631235627,-55.915241507120975,1.1331722381519214,0.37835557887371196,-54.03610939355642,-0.6749462331138548
2026-06-24T14:33:16.599000,1873,0.6989493922656063,75.83391873543619,-1.5287463971445696,-93.28132757381715,0.643761996354339,26.110426131621182,0.14352624774607284,-55.86877097947613,1.146905252205474,-0.212713077037111,-54.04895617386228,-0.7283237630483034
2026-06-24T14:33:16.609000,1874,0.5953201998986606,75.35465261520648,-1.4020941808692877,-93.2493542968949,0.9450649951733952,25.820058094180293,0.0716651695970998,-55.85664785583097,0.7267080498151409,-0.24226780799064881,-54.71686117841124,-0.7512001397230516
2026-06-24T14:33:16.619000,1875,0.964661466036846,76.20041617872342,-1.5261625642673415,-93.73964840456634,0.9341064904626203,25.67623047249981,0.06368060535831642,-55.97181536096758,1.0123323305104925,0.10162867585257748,-54.38611692333875,-0.7874203871514383
2026-06-24T14:33:16.629000,1876,1.2064591108003022,75.23060797870073,-1.4124322877088937,-93.35593760892243,1.0436709499340135,25.82819939026975,0.16747994046238426,-56.24660327093468,0.605868142173712,-0.27719402835716245,-54.28978675829167,-1.0333393894850869
2026-06-24T14:33:16.639000,1877,0.23926567867685652,75.68450091958563,-1.1772230112909883,-93.31330371188275,0.3945045421841874,25.657232172391282,0.3803968905733091,-55.86068745071775,0.5674204210592295,0.26014242465066567,-54.54667409416616,-0.9723370829656858
2026-06-24T14:33:16.649000,1878,0.6537767420055524,75.70705283871219,-0.9161643047780376,-93.18007171070495,0.613633461126974,25.602958807694755,-0.026810170096514655,-55.67480317064598,1.0370499864685765,-0.019273107872509174,-54.49208389755246,-0.6654157741126361
2026-06-24T14:33:16.659000,1879,0.7839765711357172,75.47869725171223,-1.6786614353069942,-93.22803591780337,1.0765405818845224,25.904183849154716,-0.3807887076770556,-56.24256150655548,1.026062395666881,0.09087992743552091,-54.537040732874004,-0.8350788229172007
2026-06-24T14:33:16.669000,1880,0.722863821273351,75.57737173597641,-1.4434493835584048,-93.59042833435575,0.3287652782831748,25.765781815634057,-0.00019590855187321592,-56.05667722648371,1.2320428619842771,0.5583639397103609,-54.37327359090737,-0.873206799681741
2026-06-24T14:33:16.679000,1881,1.3472866240218693,75.52380411706858,-1.601118695683207,-93.04950343398484,0.9231509268427533,25.925892029493443,0.005128086858580163,-55.901098586032425,0.42185990856255295,0.26014242465066567,-54.47924056512108,-0.720698986463351
2026-06-24T14:33:16.690000,1882,0.706920868601534,75.66758546668909,-1.7226004708733487,-93.61174385230393,0.40546010580405933,26.322096916097184,0.05037204570907965,-55.78188931651662,0.8585355482582752,0.3971615614101932,-54.49529386869168,-0.9532720711234702
2026-06-24T14:33:16.700000,1883,0.685662647349225,75.26161762427554,-1.3116295015286574,-93.43321422962879,0.6191097723914561,25.966598509940695,0.10094285772386462,-55.69096588917791,0.6937511752043624,0.34342935850719836,-54.38290695219952,-0.9151461412788173
2026-06-24T14:33:16.710000,1884,1.1692607899457195,75.48433674504548,-1.4486198246435544,-93.10279795114197,0.39176344546104347,26.427933765260043,-0.18649859711815664,-55.95565047294323,0.7157234079105993,0.16073525296410063,-54.46639723268969,-0.7950472106562815
2026-06-24T14:33:16.720000,1885,0.9487185133649904,75.48715497816049,-1.2134105482256585,-93.12144974463246,0.6218508691146001,25.77121031764359,0.630578950803653,-55.7879508783392,0.8667747669109698,-0.3900328083716805,-54.71686117841124,-0.9227709178637697
2026-06-24T14:33:16.730000,1886,0.9699767346172994,75.64503052045931,-1.6217976846931217,-93.31330371188275,0.5780227324533214,26.22440427687349,-0.024149601268223377,-55.735416619379365,0.6800211100479737,0.2467079315271212,-54.392540313491686,-0.9342091062011455
2026-06-24T14:33:16.740000,1887,0.635177581578261,75.3941230143328,-1.6424738983723335,-93.02818791603669,0.8300212833466168,26.208121684694586,0.1461868165743641,-55.99201984387871,0.512491313742204,0.10700016526551422,-54.76502798487203,-0.8789258938504306
2026-06-24T14:33:16.750000,1888,0.4358935262498409,75.49561270460876,-1.3736636932276889,-93.49449992015894,1.0655850182646556,25.83905348043911,0.502825922983235,-55.82431807978226,1.0919761448884482,0.09894004635053712,-54.537040732874004,-1.1210314844316593
2026-06-24T14:33:16.760000,1889,0.9832606264641373,75.61683910799951,-1.5804397066733018,-93.53447009274096,0.7177186682429825,26.406222671071603,-0.045439867402372706,-55.62833047350872,1.0864852983847544,-0.1562922446320367,-53.95904595109366,-0.9837752713030616
2026-06-24T14:33:16.771000,1890,0.6776911710132971,75.67604319313737,-1.4770503122851533,-92.9029499493753,0.38902528982880247,25.78478011574258,-0.0906866840067043,-56.05667722648371,0.8942378461209006,0.1284947773040749,-54.023266061125035,-0.995213459640434
2026-06-24T14:33:16.781000,1891,0.9965473713805185,75.7465232378385,-1.4124322877088937,-93.41189585053726,0.9587587144255031,25.969314217870316,-0.18649859711815664,-56.121332439596294,0.8283240968993335,-0.10793153114201766,-54.42465036850737,-1.1095932960942836
2026-06-24T14:33:16.791000,1892,0.8690037500058281,75.98051831817172,-1.0790040579879896,-93.32396433200017,0.7944134957638671,25.868905870717,-0.032134165506968036,-55.64247339459727,0.3312314522800557,-0.1965928392070786,-54.50492722998384,-1.2735392976500495
2026-06-24T14:33:16.801000,1893,0.8025757315630085,75.60838138155124,-0.8256996254374165,-92.9722296744219,0.6958045999123407,26.24882816514184,0.13554168350728943,-55.72531546267001,1.2512667225415135,-0.2180874512456393,-54.23840998069168,-0.9723370829656858
2026-06-24T14:33:16.811000,1894,0.7016056000210806,75.09246612241346,-1.704508090071365,-93.04683970952718,1.1121483694672722,25.437420091825828,0.26595528015599873,-55.88695349545145,1.1633836895108631,0.5610496844168097,-54.87099151121125,-1.0161821069790284
2026-06-24T14:33:16.821000,1895,1.0257742158991734,75.48715497816049,-1.425357002756421,-93.23602995231978,1.1669320697484178,25.882472754966276,0.005128086858580163,-55.67884276553275,0.8338178923001912,0.010281623081028628,-54.37969698106029,-0.8998945411890217
2026-06-24T14:33:16.831000,1896,1.086889818831083,75.51816765083856,-1.425357002756421,-93.33462209097428,0.9039779552352604,25.418424705567016,-0.10931638131256234,-55.88493369800806,1.001347688605951,0.16073525296410063,-54.254463284262286,-1.0219012011477147
2026-06-24T14:33:16.841000,1897,1.0337456922351012,75.7183318253787,-1.6321357915327275,-93.09214019216789,0.6601968123295908,26.01001778446786,-0.18649859711815664,-56.060716821370484,1.21007062927803,-0.011212988957532066,-55.13751220837789,-1.0371528012375102
2026-06-24T14:33:16.851000,1898,0.24458094725730997,75.46742129214896,-1.0919259977048235,-93.77162454263194,0.9149335188551274,25.83905348043911,-0.39675783615462235,-56.072839945015645,0.9656424418461617,0.06670245548610296,-54.52098398142892,-0.6901978332036505
2026-06-24T14:33:16.862000,1899,0.9806044187087016,75.66194597335584,-1.2521791427068538,-93.27066981484305,1.0738024262522814,26.354662100454988,0.17546450470116765,-55.644495361533075,0.21588239114232066,0.47507700585378915,-54.187029755217196,-1.0924360135882252
2026-06-24T14:33:16.872000,1900,0.858376065914426,75.44204811280416,-1.5830263148812234,-93.24136026237848,0.7533264558257323,26.34109521620571,-0.3328813222444327,-56.032430979193386,1.001347688605951,-0.3685410811287113,-54.267310064568136,-1.1553460494437797
2026-06-24T14:33:16.882000,1901,1.193175218953503,75.29826979028687,-1.3348923234158,-93.32129774639917,0.7177186682429825,25.730503837196338,0.4442734044834988,-56.218315259265154,0.8228332503956496,0.16342099767058854,-54.23840998069168,-1.138188766937718
2026-06-24T14:33:16.892000,1902,0.6245498974868975,75.87902560079253,-1.3710770850197673,-93.57977057538167,0.2657671111053011,26.237971161122765,0.021097215336146936,-56.01626609116904,0.8448025342047328,-0.15898087413411616,-54.46639723268969,-0.968523671213266
2026-06-24T14:33:16.902000,1903,0.9062049239299542,75.77471465029832,-1.244424868744476,-93.36926195349754,0.5561116052135875,26.13213722580962,0.10360342655219462,-55.981918687169355,1.1578898941100153,0.43208778177670687,-54.53061734272107,-1.2373190502216627
2026-06-24T14:33:16.912000,1904,0.39337993681476613,75.51816765083856,-1.4796369204930748,-93.26800609038537,0.9779346271239039,25.95574441977133,0.3484614913720464,-55.965753799145006,1.383091272087494,0.20372159224563047,-54.59483745275246,-0.9608988946283135
2026-06-24T14:33:16.922000,1905,0.8025757315630085,75.01071011814903,-1.11002115383751,-93.2839941594182,0.8683701676525106,25.66266067440082,0.03706634381367498,-55.890995259830646,1.144156880056473,-0.1804726013770853,-54.7746578982897,-1.0943416960044914
2026-06-24T14:33:16.932000,1906,0.19409302841680268,75.56045628307989,-1.3969237397841288,-92.66579549948432,0.7067631046231155,26.354662100454988,0.005128086858580163,-55.915241507120975,0.46854979722688384,0.38910144249517703,-54.39896370364461,-1.4336718874533954
2026-06-24T14:33:16.943000,1907,0.8132062687239154,75.80290606275813,-1.7019242571941369,-93.07082181307636,0.6738934726726067,25.803775502001393,-0.1332700740289125,-55.77986734958081,1.097469940289296,0.20909596645415876,-54.89668162394849,-0.7893281164875918
2026-06-24T14:33:16.953000,1908,0.8105472078989363,75.57737173597641,-1.660566279174317,-93.42788391957004,0.5341975368829456,26.213550186704126,0.16481651388022214,-56.10920931595113,0.5866442816164658,0.026401860911061035,-54.3283202034603,-1.1057798843418638
2026-06-24T14:33:16.963000,1909,0.706920868601534,75.65630950712583,-1.4744664794079252,-93.50516054027639,0.5424149448705716,26.01815908055731,0.4708876660281402,-56.10112795668516,0.9052224880254423,0.06401382598402348,-54.15170972906228,-0.6921035156199168
2026-06-24T14:33:16.973000,1910,0.16486618389814778,75.56045628307989,-1.3038752275662795,-93.36659822903988,1.0135424147066487,26.02358758256685,0.7077611666092474,-56.1819480578221,0.9683908139951625,0.16342099767058854,-54.700804426966165,-0.7950472106562815
2026-06-24T14:33:16.983000,1911,1.036404753060119,75.73524727827522,-1.228919096150414,-93.13743781366527,0.5341975368829456,26.208121684694586,0.02641835299276822,-56.012224326789834,1.1139483775946852,-0.13480051738910664,-54.408597064936764,-1.1095932960942836
2026-06-24T14:33:16.993000,1912,0.791948047471645,75.44486634591917,-1.347814263132634,-93.15342588269809,0.7177186682429825,25.689797356749086,-0.31957276259519596,-56.030409012257586,0.7267080498151409,-0.15898087413411616,-54.49208389755246,-1.1229371668479258
2026-06-24T14:33:17.013000,1913,0.9380908292736267,75.72960778494198,-1.5571768847861684,-93.39857436710548,0.6492412487097239,26.365519104474064,-0.3382053176548861,-55.668741608823396,0.3449615174364442,0.668516975018391,-54.633370897921075,-0.9456472945385178
2026-06-24T14:33:17.013000,1914,0.6909779159296784,75.9410479190454,-0.8799795431740609,-93.18007171070495,0.6026749564162043,25.868905870717,0.010452082269033542,-55.87079077691952,1.0123323305104925,-0.05151358353253489,-54.02005608998582,-1.069559636913477
2026-06-24T14:33:17.023000,1915,0.8211777450598432,75.60556314843623,-1.6476443394574831,-92.83633394878643,0.816324623003601,25.953031625691416,0.11424855961926929,-55.85664785583097,1.328165113667622,0.26014242465066567,-54.88383484364263,-0.9856809537193278
2026-06-24T14:33:17.033000,1916,0.6590920105860059,75.50125219794202,-0.9161643047780376,-93.62240447242135,0.6629349679618319,26.170127998327246,0.03706634381367498,-56.097086192305966,0.29003535901658245,0.327309120677205,-54.54346067515245,-0.9647102594608461
2026-06-24T14:33:17.044000,1917,0.6776911710132971,75.5660927493099,-1.1591306304890048,-93.1587561927568,1.0190187259711307,25.80920109016122,0.41233514752840394,-55.91119974274178,0.5289697510476032,-0.24226780799064881,-54.52098398142892,-0.7226046688796173
2026-06-24T14:33:17.054000,1918,0.8530607973339724,75.52944361040183,-1.5778558737960737,-93.64105626591183,0.5259801288953196,25.716936952947062,0.111587990790978,-55.79603223760517,0.4026360480053167,0.28969427080861193,-54.02005608998582,-1.0829035076671156
2026-06-24T14:33:17.064000,1919,0.5607780867995136,75.30390625651688,-1.3271380494534224,-93.42788391957004,0.6519794043419649,25.890614051055724,0.24200158743968728,-55.864729215096936,0.6196011562272543,0.38910144249517703,-54.88383484364263,-0.8941754470203355
2026-06-24T14:33:17.074000,1920,0.7016056000210806,75.34901312187321,-1.345230430255406,-93.17474426178958,0.7423708922058604,25.966598509940695,0.22336903237995842,-55.65459651824243,0.5756596397119241,-0.3524208432986789,-54.69117106567401,-0.9570854828758936
2026-06-24T14:33:17.084000,1921,1.336658939930467,75.01071011814903,-1.4460359917663264,-93.35327388446477,0.5862401404409473,25.80648829608131,-0.06406956470823076,-55.97585712534678,0.22686998194401606,0.21446745586709548,-54.434283729799525,-0.7893281164875918
2026-06-24T14:33:17.094000,1922,0.7892918397161707,75.75779919740178,-1.6786614353069942,-93.27066981484305,1.1340624377979092,26.075148153183466,0.18078564235778893,-56.097086192305966,0.32573765687920797,0.238647812612105,-54.408597064936764,-1.1000607901731776
2026-06-24T14:33:17.104000,1923,0.6006354684791141,75.5632745161949,-1.3917560740296726,-93.31330371188275,0.4492853013744351,26.21626298078404,-0.10665581248427106,-55.8121949561371,0.7184688311624462,0.06670245548610296,-54.48566050739952,-0.7607326456441575
2026-06-24T14:33:17.115000,1924,0.8450921740676267,75.98051831817172,-2.012089665027898,-93.00686953694516,0.816324623003601,25.87975996088636,0.22869302779045053,-56.02030785554823,0.534463546448451,0.2359620679056562,-54.280153396999516,-0.8503304230069963
2026-06-24T14:33:17.129000,1925,0.2552086313487122,75.29826979028687,-1.6217976846931217,-93.44387198860287,0.9916283463760119,26.330238212186632,0.29256954170064015,-55.74350014813775,0.9546577999416201,-0.06494519186048783,-54.55630745545831,-0.6959169273723366
2026-06-24T14:33:17.135000,1926,0.4890347997762406,75.03608329749385,-1.4848045862475312,-93.45986005763564,0.8628909152971207,26.44964485944848,0.0716651695970998,-55.87079077691952,1.2485212992896664,0.026401860911061035,-54.241619951830906,-1.2335056384692429
2026-06-24T14:33:17.145000,1927,0.8318054291512454,75.89594105368906,-1.0867583319503673,-93.26001205586897,0.7724994274332252,25.72236254110689,-0.21577628524496018,-55.80613556380694,1.1826075500680993,0.3944758167037444,-54.69759445582694,-0.7607326456441575
2026-06-24T14:33:17.155000,1928,0.7016056000210806,75.58300820220643,-1.5959482545980574,-93.53713381719862,0.8574116629417358,25.65451937831137,-0.06406956470823076,-56.23448014728951,1.0370499864685765,-0.08106542969052023,-53.87876564174272,-0.9532720711234702
2026-06-24T14:33:17.165000,1929,0.7653774107084258,75.27289661094207,-0.9859527704394468,-93.14276812372398,0.7259360762306084,25.687084562669174,0.5374247487666598,-56.06475858574968,1.1826075500680993,0.13118052201056282,-54.395750284630914,-1.0238068835639809
2026-06-24T14:33:17.175000,1930,1.2702309214876861,75.47869725171223,-1.1022668798751323,-93.73698468010868,0.5643290132012134,25.868905870717,0.39104488139425464,-56.00010120314467,0.5784050629637711,0.13924064092553995,-54.585204091460305,-0.9914000478880141
2026-06-24T14:33:17.185000,1931,0.7627212029529514,75.36311034165475,-1.5003131341722866,-93.12411346909016,0.7642820194455993,25.890614051055724,-0.14391520709598715,-55.66671964188758,0.6580488773417268,0.10700016526551422,-54.02647603226426,-1.0161821069790284
2026-06-24T14:33:17.196000,1932,0.6803502318383149,75.2672571176088,-1.1384516414790995,-92.9722296744219,0.7724994274332252,26.560907296771166,-0.18383802828986537,-56.032430979193386,0.6800211100479737,0.06670245548610296,-54.7746578982897,-0.7302314923844571
2026-06-24T14:33:17.206000,1933,0.17283766023403693,75.10656334219497,-1.6502281723347112,-92.9775599844806,0.613633461126974,25.82819939026975,0.21006333048459247,-55.99000004643532,0.6800211100479737,0.2923829003106914,-54.35722028733676,-1.2754449800663157
2026-06-24T14:33:17.216000,1934,0.8530607973339724,75.4617817988157,-0.9859527704394468,-93.36659822903988,0.9368475871857642,25.752214931384778,-0.2104522898345068,-55.97585712534678,1.1990859873734887,0.37566983416722405,-54.27693997798582,-1.0447775778224626
2026-06-24T14:33:17.226000,1935,0.6670634869219336,75.66194597335584,-1.3167971672831136,-93.40123809156314,0.8382386913342428,26.083289449272915,0.4549185375506122,-56.00010120314467,1.284223597152292,0.09894004635053712,-54.7232811206897,-0.8789258938504306
2026-06-24T14:33:17.244000,1936,0.930119352937699,75.41103846722933,-1.5416711121921065,-92.9962117779711,1.0738024262522814,26.161986702237797,-0.11730094555134572,-56.16780296724112,0.8777594088155114,0.44820801960670015,-54.76181456585832,-1.1477192259389366
2026-06-24T14:33:17.246000,1937,1.0975175029224464,76.06509255555115,-1.2728581317167684,-93.06016405410229,0.5369386336060895,26.254253753301665,-0.3328813222444327,-55.9354459900321,1.1743683314154048,0.3998501909122727,-53.856288948019184,-0.5739102674136437
2026-06-24T14:33:17.256000,1938,0.7946042552270807,75.62811506756277,-1.3814179671900666,-93.26267578032667,1.1888431969881568,25.80920109016122,0.17812507352945892,-55.69096588917791,0.7953672222885549,0.3568609668351513,-54.45997384253676,-0.9189595530312372
2026-06-24T14:33:17.266000,1939,0.8530607973339724,75.50125219794202,-1.1255297017622656,-93.50516054027639,0.8491942549541098,25.782064407812953,0.16481651388022214,-55.967773596588394,1.0233169724150342,0.023713231408981565,-54.37327359090737,-1.0314337070688206
2026-06-24T14:33:17.277000,1940,0.8211777450598432,75.41667493345935,-1.6398900654951054,-93.2493542968949,0.6738934726726067,26.126708723800082,-0.021486174686061274,-55.88493369800806,0.43009912721524757,0.26014242465066567,-54.49529386869168,-0.9532720711234702
2026-06-24T14:33:17.287000,1941,0.7175485526928976,75.43359038635589,-1.46412837256831,-93.30530967736634,0.3835489785643204,25.76035622747423,0.3032146747677148,-55.74147818120194,0.6964995473533631,0.2628281693571536,-54.68474767552108,-1.3211977334158118
2026-06-24T14:33:17.297000,1942,0.8371206977316988,75.78035414363157,-1.3064590604435076,-93.35860419452347,0.460243806085205,25.708795656857614,-0.032134165506968036,-55.7576430692263,0.9711362372470094,0.2305876936970888,-54.58841751047401,-1.0409641660700428
2026-06-24T14:33:17.307000,1943,1.0124903240523742,75.98051831817172,-1.285782846764296,-93.2839941594182,1.325798036054669,25.920466441333616,0.03972691264200499,-55.97585712534678,1.031556191067729,0.042522098741054344,-54.687961094534785,-0.9475550238746715
2026-06-24T14:33:17.317000,1944,0.7839765711357172,75.55481678974662,-1.228919096150414,-92.9109439838917,0.2739845190929271,25.575822125346487,-0.08536268859625092,-56.10920931595113,0.6360795935326437,0.3380549842986701,-54.739337872134776,-1.1286562610166118
2026-06-24T14:33:17.327000,1945,1.2675747137322118,75.83110050232118,-1.5365006711069473,-93.04683970952718,0.7944134957638671,25.57039362333695,0.01843664650781693,-55.89907661909662,1.144156880056473,-0.3067458745151087,-54.48245053626031,-1.0848112370032692
2026-06-24T14:33:17.337000,1946,0.9434032447845369,75.0868266290802,-1.345230430255406,-93.40923212607956,0.986149094020622,25.643665288142007,0.22869302779045053,-56.27084951822499,0.4905220299331208,0.19566147333061426,-54.52098398142892,-0.6997303391247565
2026-06-24T14:33:17.347000,1947,0.8557198581589902,75.51252815750529,-1.0867583319503673,-93.07348553753407,0.7396297954827165,26.17555650033679,0.19675477083531698,-55.79603223760517,0.7569195011740825,-0.3148059934301249,-54.70401439810539,-1.15153263769136
2026-06-24T14:33:17.358000,1948,0.6458052656696246,75.43359038635589,-1.2909505125187521,-93.2253721933457,0.5341975368829456,25.871618664796912,0.09561886231341124,-55.77380578775823,0.5454481883529926,0.12043465838905872,-54.46639723268969,-1.0485909895748826
2026-06-24T14:33:17.368000,1949,0.7839765711357172,75.50689169127527,-1.1617144633662329,-92.91893801840811,1.0190187259711307,25.985593896199507,0.12223312385805267,-55.7879508783392,0.7596649244259295,-0.23420768907567172,-54.54346067515245,-0.978056177134372
2026-06-24T14:33:17.378000,1950,0.722863821273351,75.53226184351684,-1.5959482545980574,-93.2253721933457,0.13155042767102992,25.84719477652856,-0.026810170096514655,-55.917261304564356,0.9217009253308416,0.5288092087567839,-54.25767670327598,-0.6654157741126361
2026-06-24T14:33:17.388000,1951,0.5740648317158948,75.27571484405706,-0.9239185787404153,-93.40923212607956,1.139541690153299,26.44150356335903,-0.22110028065541357,-55.890995259830646,0.982120879151551,0.06938820019255178,-54.05216614500151,-0.8789258938504306
2026-06-24T14:33:17.398000,1952,1.001862639960972,75.54635906329837,-1.3917560740296726,-93.60908012784623,0.7697612718009842,26.16470241016742,-0.5564462631762643,-55.70915057464565,0.6525580308380329,0.29506864501717933,-54.755394623579875,-1.0104630128103387
2026-06-24T14:33:17.408000,1953,0.9194916688463354,75.63093632778103,-1.5261625642673415,-92.78570315608697,1.0217598226942797,25.852623278538097,0.19675477083531698,-55.816236720516294,0.8365633155520381,0.4267162923637701,-54.392540313491686,-1.1095932960942836
2026-06-24T14:33:17.418000,1954,1.336658939930467,75.34901312187321,-1.7639556735624655,-93.29998222845097,0.5478941972259564,26.389942992742412,-0.06939356011868414,-55.94958891112064,0.8777594088155114,0.04789358815399108,-54.8645715689328,-1.0752787310821632
2026-06-24T14:33:17.428000,1955,0.4146353049975319,75.63939405422929,-1.5416711121921065,-93.38791374698803,0.6875871919247147,25.7413579273657,-0.01616503702943999,-55.93948775441129,1.0919761448884482,0.053267962362558464,-54.52419395256815,-0.886550670435383
2026-06-24T14:33:17.439000,1956,0.6962903314405885,75.0868266290802,-1.657982446297089,-93.47584812666847,0.81358646737136,25.716936952947062,0.13554168350728943,-55.78997067578259,1.1112000054456845,0.22521620428415207,-54.04574275484858,-0.9380225179535654
2026-06-24T14:33:17.449000,1957,0.6325213738227866,75.36311034165475,-1.469298813653469,-93.39857436710548,0.8957605472476294,25.77121031764359,-0.4553103546543586,-55.53942901310582,1.1139483775946852,0.10700016526551422,-54.315473423154444,-0.7378562689694095
2026-06-24T14:33:17.459000,1958,0.5315483892113154,74.98251870568923,-1.4563740986059321,-92.68711101743246,0.8711083232847516,25.94217462167234,0.2606312847455453,-55.915241507120975,1.2045768338771825,0.1983472180370631,-53.759958782972106,-0.9246786471999233
2026-06-24T14:33:17.469000,1959,0.6644072791664593,75.45050583925243,-1.5907805888436013,-93.31330371188275,1.0217598226942797,26.061578355084475,0.05037204570907965,-55.917261304564356,1.0095869072586456,-0.09181129331198526,-54.19345314537012,-1.0447775778224626
2026-06-24T14:33:17.479000,1960,0.8450921740676267,76.13557260025229,-1.4977293012950585,-92.9935480535134,1.0683231738968966,26.278677641570017,0.6864680427212272,-55.97383515841097,0.979375455899704,0.18760135441559805,-54.742547843274004,-1.0752787310821632
2026-06-24T14:33:17.489000,1961,0.7414629817006424,75.0868266290802,-1.2806124056791464,-93.07082181307636,0.9395857428180052,26.259682255311205,-0.11996151437967574,-55.65055692335565,0.6305857981317959,0.5503038207953447,-54.851724788626946,-0.9323034237848793
2026-06-24T14:33:17.499000,1962,0.300378428539184,75.34901312187321,-1.3917560740296726,-93.31063998742505,0.3945045421841874,26.08600224335283,0.111587990790978,-56.10112795668516,0.5866442816164658,0.5476151912932652,-54.38290695219952,-0.7950472106562815
2026-06-24T14:33:17.509000,1963,0.5501504027081501,75.81982151565465,-1.259933416669241,-92.9775599844806,0.9067161108675015,26.232545572962938,0.24998615167843194,-56.0283892148142,0.7486802825213879,-0.03001897149401329,-54.38290695219952,-0.9647102594608461
2026-06-24T14:33:17.519000,1964,1.0045188477164464,75.7437050047235,-1.4124322877088937,-93.59842236887215,0.8245420309912269,25.882472754966276,0.24200158743968728,-55.63035027095211,0.9464185812889254,0.3380549842986701,-54.55630745545831,-0.7740765163977996
2026-06-24T14:33:17.530000,1965,0.8238339528153176,75.60556314843623,-1.244424868744476,-93.25201802135255,0.7478472034703424,25.858048866697924,0.24466215626797858,-55.96373400170162,0.6305857981317959,0.566424058625338,-54.57557073016814,-0.7607326456441575
2026-06-24T14:33:17.540000,1966,0.7786613025552638,75.3433766556432,-1.3012913946890514,-93.10546167559967,0.8464560993218688,26.121283135640255,0.17546450470116765,-55.78997067578259,1.1084545821938376,0.10162867585257748,-54.90310156622694,-0.9990248244729665
2026-06-24T14:33:17.550000,1967,0.7733488870443537,75.45050583925243,-1.7975566022892142,-93.06016405410229,0.7259360762306084,25.936749033512513,-0.04277929857408143,-56.060716821370484,0.957403223193467,0.5986616494897722,-55.0187019017328,-0.9342091062011455
2026-06-24T14:33:17.560000,1968,0.8636913344949181,75.61683910799951,-1.5390845039841754,-93.53180636828326,0.7177186682429825,26.17555650033679,0.3191838032452816,-55.77178599031484,1.1112000054456845,0.44820801960670015,-54.148499757923055,-0.9380225179535654
2026-06-24T14:33:17.570000,1969,0.6750349632578615,75.42795089302263,-1.3865856329445228,-93.29198819393457,0.816324623003601,26.029016084576387,-0.20513115217788552,-56.09304442792677,0.8118456595939443,0.47507700585378915,-54.19345314537012,-1.2144426735469147
2026-06-24T14:33:17.580000,1970,0.579377247226805,75.5407195699651,-0.9161643047780376,-92.9962117779711,0.45476455372982005,25.63009549004302,0.01577321992565483,-55.98798024899194,0.9546577999416201,0.3004430192257076,-54.59483745275246,-1.0943416960044914
2026-06-24T14:33:17.590000,1971,0.47840711568487704,75.73524727827522,-1.567517766956468,-93.14809557263935,0.4985897493001958,26.121283135640255,-0.09867124824548767,-55.94150755185468,0.6690364681434322,0.5556753102082814,-54.45997384253676,-1.0409641660700428
2026-06-24T14:33:17.600000,1972,1.4562310849692683,75.67604319313737,-1.5881939806356795,-93.07881584759278,1.0792787375167634,26.455070447608307,0.22070846355166712,-55.87079077691952,0.9244492974798423,0.05864233657108675,-54.51777401028969,-0.9704293536295322
2026-06-24T14:33:17.611000,1973,0.6803502318383149,75.59992365510297,-1.3865856329445228,-93.17740798624727,0.5588497608458285,25.82819939026975,0.2313535966187418,-56.062736618813865,0.9271947207316892,-0.09718566752051354,-54.620527565489695,-0.9475550238746715
2026-06-24T14:33:17.621000,1974,0.9513747211204647,75.88466509412578,-1.2754419645939965,-93.34261612549065,0.45476455372982005,26.05072426491511,0.01843664650781693,-55.63035027095211,0.9931084699532563,0.08550843802258418,-54.395750284630914,-0.9647102594608461
2026-06-24T14:33:17.631000,1975,1.3047730345867945,75.5407195699651,-1.6786614353069942,-93.34261612549065,0.7368916398504755,25.673514764570182,0.502825922983235,-56.08900483304,0.7486802825213879,-0.5404864382547524,-54.0007893674015,-0.7836090223189056
2026-06-24T14:33:17.641000,1976,0.4358935262498409,76.07637154221767,-1.3633228110573896,-93.26001205586897,0.5670671688334544,25.697938652838538,0.042387481470296265,-55.93140639514532,1.3803458488356468,-0.13480051738910664,-54.84209142733478,-0.9704293536295322
2026-06-24T14:33:17.651000,1977,1.0576601212428847,75.63093632778103,-1.3943399069069007,-93.06282777855999,0.3835489785643204,26.012733492397484,0.042387481470296265,-55.947569113677254,0.3449615174364442,-0.19121846499855033,-54.18060981293874,-0.7054494332934427
2026-06-24T14:33:17.661000,1978,0.7122332841124441,75.39975948056282,-1.5080674081346643,-93.20938412431288,0.8409768469664839,25.706079948927986,-0.18117745946153535,-55.864729215096936,0.8942378461209006,0.07744831910756797,-54.88383484364263,-0.8674877055130549
2026-06-24T14:33:17.671000,1979,0.8636913344949181,75.42795089302263,-1.6398900654951054,-93.73964840456634,1.008063162351264,26.020874788486935,-0.03745530316358932,-56.23448014728951,0.7514257057732348,0.026401860911061035,-54.44391709109168,-0.9246786471999233
2026-06-24T14:33:17.681000,1980,0.2950660130282739,75.57737173597641,-1.3038752275662795,-93.24668771129384,0.49037234131256985,25.912325145244164,-0.06673299129039285,-55.893015057274035,0.7239626265632939,0.5610496844168097,-54.585204091460305,-0.9914000478880141
2026-06-24T14:33:17.691000,1981,1.21443058713623,75.20523479935594,-1.345230430255406,-92.92160174286578,0.7040220078999666,25.554111031158047,0.12489369268634395,-55.91928327150016,0.7843825803840133,-0.09449992281406472,-54.55630745545831,-0.6997303391247565
2026-06-24T14:33:17.702000,1982,0.9062049239299542,75.51252815750529,-1.3736636932276889,-93.15342588269809,0.5971986451517222,25.836340686359197,0.0796497338358832,-55.618229316799365,0.3916514061007751,0.2520823057356495,-54.22556320038582,-0.9170518236950835
2026-06-24T14:33:17.712000,1983,0.48637859202080486,75.76343869073504,-1.1513763565266268,-93.39058033258907,0.4383297377545681,26.099572041451818,0.3803968905733091,-55.93140639514532,0.8942378461209006,-0.1804726013770853,-54.241619951830906,-1.0867169194195354
2026-06-24T14:33:17.722000,1984,0.6325213738227866,75.14321248110306,-1.4046780137465158,-93.45186602311927,0.9751935304007551,26.254253753301665,-0.08536268859625092,-55.78997067578259,0.6196011562272543,0.6335907546518773,-54.51777401028969,-1.0619348603285246
2026-06-24T14:33:17.732000,1985,0.6112631525705162,75.63093632778103,-1.5365006711069473,-93.14276812372398,0.6519794043419649,25.958457213851243,-0.026810170096514655,-55.84856432707259,0.9134617066781469,0.18760135441559805,-54.296206700570124,-1.1248448961840793
2026-06-24T14:33:17.742000,1986,0.8132062687239154,75.30672751673514,-1.5080674081346643,-93.30530967736634,0.7204568238752235,26.00187648837841,-0.08802325742454219,-55.82027848489549,0.3312314522800557,0.2359620679056562,-53.98473261595642,-0.903707952941445
2026-06-24T14:33:17.752000,1987,0.3641502392265679,75.83110050232118,-1.1979020003009029,-93.73698468010868,0.9478031508056362,25.890614051055724,-0.09867124824548767,-56.032430979193386,0.9024770647735953,-0.08643980389904853,-54.7232811206897,-1.00093255380912
2026-06-24T14:33:17.762000,1988,0.7308352976092789,75.33210069607992,-1.55976349299409,-93.40123809156314,0.7259360762306084,26.289534645589093,-0.026810170096514655,-55.814216923072905,0.6360795935326437,-0.15898087413411616,-54.48245053626031,-1.0219012011477147
2026-06-24T14:33:17.772000,1989,0.8344616369066812,75.60556314843623,-1.3736636932276889,-93.04150939946847,0.8272831277143758,25.711508450937522,-0.18117745946153535,-56.08900483304,1.0645130656785173,-0.08106542969052023,-54.8645715689328,-1.3669484398454208
2026-06-24T14:33:17.782000,1990,1.2941453504954308,75.59992365510297,-1.3142133344058855,-93.05749746850125,0.7040220078999666,25.78478011574258,0.5879955607814448,-55.89503702420985,1.0425408329722705,0.46432825743673256,-54.569150787889704,-1.2239731325481333
2026-06-24T14:33:17.792000,1991,0.9168326080213177,75.77753288341333,-1.572685432710924,-93.07082181307636,0.5205038176308376,25.988309604129135,0.1062639953804859,-55.9354459900321,1.0700068610793652,-0.00046424054043639446,-54.569150787889704,-0.554847302491319
2026-06-24T14:33:17.803000,1992,0.8663475422503537,74.76825731136756,-1.2806124056791464,-93.63306223139546,0.5643290132012134,25.953031625691416,-0.25835967526712966,-55.636411832774684,0.7843825803840133,0.06670245548610296,-54.04895617386228,-1.052402354407415
2026-06-24T14:33:17.813000,1993,0.8052347923880263,75.84519469499946,-1.5080674081346643,-93.19072946967906,0.7423708922058604,25.494409164451984,0.029081779574891595,-56.084963068660805,0.8612809715101221,-0.3201803676386532,-54.0007893674015,-0.720698986463351
2026-06-24T14:33:17.823000,1994,0.5368636577917688,75.61683910799951,-1.3142133344058855,-92.88163157028377,0.5095453129200628,26.172843706256874,0.1568319496414775,-55.893015057274035,0.8722656134146637,-0.12674039847409044,-54.85814817877987,-1.0981551077569114
2026-06-24T14:33:17.841000,1995,0.457148894432568,75.52380411706858,-1.4589579314831602,-93.50516054027639,0.9998457543636379,26.52562931833345,-0.14391520709598715,-56.111229113394515,0.6498096586890322,0.5073145967182233,-54.78750467859556,-0.8446113288383067
2026-06-24T14:33:17.843000,1996,0.8052347923880263,75.65348824690757,-1.3142133344058855,-93.22004188328695,0.8272831277143758,26.362803396544436,0.4549185375506122,-56.20215254073322,0.7376956406168362,-0.04345346461755778,-54.35400686832306,-1.1477192259389366
2026-06-24T14:33:17.853000,1997,0.512949228784024,75.41667493345935,-1.2754419645939965,-93.61174385230393,1.010801317983505,25.985593896199507,0.1568319496414775,-56.00010120314467,0.7267080498151409,-0.005838614748964683,-54.69117106567401,-0.9094270471101311
2026-06-24T14:33:17.863000,1998,1.0231180081437377,75.67322496002237,-1.598534862805979,-93.61707416236264,0.9450649951733952,25.923179235413528,-0.15189977133477056,-55.996061608257904,0.6827665332998207,0.16342099767058854,-54.28978675829167,-0.8579551995919488
2026-06-24T14:33:17.874000,1999,0.9726329423727738,75.8113637892064,-1.259933416669241,-93.47584812666847,0.6218508691146001,25.803775502001393,-0.19714658793910214,-56.01626609116904,1.031556191067729,-0.26375953523361795,-54.851724788626946,-0.8922697646040693
2026-06-24T14:33:17.884000,2000,0.6803502318383149,75.59710542198796,-1.425357002756421,-93.15608960715575,0.49037234131256985,25.79292141183203,0.18078564235778893,-55.915241507120975,0.7679041430786241,-0.1562922446320367,-54.1035429226015,-1.0543100837435686
2026-06-24T14:33:17.894000,2001,0.685662647349225,75.82827924210292,-1.4951454684178305,-93.40923212607956,0.7149805126107415,25.524261554729872,-0.0906866840067043,-55.7232934957342,0.7239626265632939,-0.005838614748964683,-54.65263762050538,-1.1019685195093312
2026-06-24T14:33:17.904000,2002,0.9274631451822632,75.76625692385005,-1.5494253861544842,-93.30264595290868,0.654717559974206,25.882472754966276,0.05835660994786304,-55.75562110229049,0.8228332503956496,-0.011212988957532066,-54.51777401028969,-0.9227709178637697
2026-06-24T14:33:17.914000,2003,0.5102930210285497,75.51816765083856,-1.2625200248771626,-93.20938412431288,0.7752405241563691,25.54868544299822,0.0796497338358832,-56.04859369772532,0.7596649244259295,0.2682025435656819,-54.22556320038582,-0.6978226097886029
2026-06-24T14:33:17.924000,2004,0.9540337819454824,75.52098588395357,-1.3038752275662795,-93.33195836651657,0.6711523759494579,25.803775502001393,0.39902944563299925,-56.00616276496726,0.8777594088155114,0.06670245548610296,-54.7264945397034,-0.84842474059073
2026-06-24T14:33:17.934000,2005,0.6750349632578615,75.66758546668909,-1.8234060323842691,-93.29465191839228,0.7095012602553565,25.944890329601968,0.12755711926850605,-55.947569113677254,0.5289697510476032,0.32193474646867676,-54.64621767822693,-1.0543100837435686
2026-06-24T14:33:17.944000,2006,0.3694655078070213,75.27853307717207,-2.063785749887324,-93.09214019216789,1.0464120466571576,26.01815908055731,-0.3435264553115074,-56.02030785554823,0.7679041430786241,0.5234348345482557,-54.49208389755246,-0.7531078690592051
2026-06-24T14:33:17.955000,2007,1.0124903240523742,75.84237646188446,-1.7122623640337427,-93.08414615765149,1.0409327943017725,25.991022398209047,-0.00019590855187321592,-55.893015057274035,1.0205715491631873,-0.22883331486710431,-53.843445615587804,-0.896083176356489
2026-06-24T14:33:17.965000,2008,0.558121879044078,75.2644388844938,-1.1384516414790995,-92.6977716375499,0.9286301791981383,25.7413579273657,-0.07737812435746752,-56.00010120314467,0.7624103476777764,0.19566147333061426,-54.40538364592307,-0.9189595530312372
2026-06-24T14:33:17.975000,2009,0.6165784211509697,75.10938157530998,-1.7329385777129545,-94.00344868246425,0.5889812371640912,26.28681893765947,-0.2956219276327166,-55.84856432707259,0.4960128764368147,0.238647812612105,-54.61410417533677,-0.9608988946283135
2026-06-24T14:33:17.985000,2010,0.6590920105860059,75.60556314843623,-0.8618871623720772,-93.08947360656686,0.460243806085205,25.776638819653126,0.1461868165743641,-55.816236720516294,0.7843825803840133,-0.22883331486710431,-54.66548440081125,-0.9723370829656858
2026-06-24T14:33:17.995000,2011,0.1861244051504182,75.38848352099954,-1.570101599833696,-93.23869367677744,0.632806432734472,26.313955620007736,-0.06406956470823076,-55.91928327150016,0.9381793626362308,0.43208778177670687,-54.755394623579875,-1.1305619434328782
2026-06-24T14:33:18.005000,2012,0.6032916762345885,75.63939405422929,-1.469298813653469,-93.36659822903988,0.8574116629417358,25.78478011574258,0.19675477083531698,-55.83644120342742,0.5179851091430616,-0.040764835115478314,-54.48245053626031,-0.9170518236950835
2026-06-24T14:33:18.015000,2013,0.6883188551046994,75.19677707290766,-1.4434493835584048,-93.28932160833357,1.0628468626324143,26.16470241016742,0.12223312385805267,-55.89907661909662,0.7953672222885549,-0.05151358353253489,-54.49208389755246,-1.0543100837435686
2026-06-24T14:33:18.025000,2014,0.43854973400527664,75.83955822876945,-1.3633228110573896,-93.27066981484305,0.8491942549541098,25.94217462167234,0.01577321992565483,-55.864729215096936,1.1331722381519214,0.35954959633723077,-54.30905348087599,-0.720698986463351
2026-06-24T14:33:18.035000,2015,0.4916938606012583,75.46460305903395,-1.0350622470909416,-93.43054764402774,1.0573676102770295,26.105000543461355,0.28192155087969467,-56.060716821370484,0.08405784159634021,0.2923829003106914,-53.9975759483878,-1.2335056384692429
2026-06-24T14:33:18.045000,2016,0.8690037500058281,75.77753288341333,-1.6993376489862153,-93.14276812372398,0.7259360762306084,25.719649747026974,0.02641835299276822,-55.87079077691952,0.8585355482582752,0.09087992743552091,-54.90310156622694,-0.9761484477982184
2026-06-24T14:33:18.056000,2017,0.6803502318383149,75.39694124744781,-0.9937070444018247,-93.31330371188275,0.5780227324533214,25.450989889924816,0.3484614913720464,-55.943527349298066,0.5454481883529926,-0.10524578643552975,-54.549884065305385,-1.0219012011477147
2026-06-24T14:33:18.066000,2018,1.0337456922351012,75.25598115804553,-1.8621774021961672,-93.55578847183249,0.980672782756145,26.0317288786563,-0.026810170096514655,-55.94150755185468,0.9107162834263,0.12043465838905872,-54.30584006186229,-0.8369865522533543
2026-06-24T14:33:18.076000,2019,0.5926639921431862,75.68450091958563,-1.4279408356336492,-93.32129774639917,1.0025839099958789,25.744073635295322,-0.24239054678960162,-55.96373400170162,0.4438321412687999,0.24133644211418448,-54.98659184671711,-0.9094270471101311
2026-06-24T14:33:18.086000,2020,0.8849467026776451,75.60838138155124,-1.6786614353069942,-93.69168419746795,1.2737554324966673,25.727791043116426,0.3457980647898843,-55.65863828262162,0.8338178923001912,0.18222698020706976,-54.2929967294309,-0.6921035156199168
2026-06-24T14:33:18.096000,2021,0.44652121034120446,75.46460305903395,-1.1927315592157532,-93.23869367677744,0.8300212833466168,26.235258367042853,0.17812507352945892,-56.024347450435,0.9876146745524087,-0.24226780799064881,-54.40538364592307,-1.15153263769136
2026-06-24T14:33:18.106000,2022,0.8477483818230624,75.41667493345935,-1.425357002756421,-92.95357788093138,0.42189492177931126,26.324812624026812,-0.5138628731540948,-55.99201984387871,1.100215363541143,-0.2825655177700992,-54.06500947743289,-0.7283237630483034
2026-06-24T14:33:18.116000,2023,1.1719169977011938,75.8113637892064,-1.4460359917663264,-93.09214019216789,0.635544588366713,25.309875062324245,-0.08802325742454219,-55.57377641710549,0.9985993164569502,-0.2180874512456393,-54.418230426228924,-0.9933057303042803
2026-06-24T14:33:18.127000,2024,0.6112631525705162,75.25598115804553,-1.1668849044513825,-93.07082181307636,1.131324282165673,26.324812624026812,0.09561886231341124,-56.02030785554823,1.004093111857798,0.22521620428415207,-54.42465036850737,-1.3116652274947058
2026-06-24T14:33:18.137000,2025,0.7786613025552638,75.00507062481579,-1.6295519586554994,-93.51315171364944,0.6191097723914561,25.646378082221922,0.13287825692512734,-55.88695349545145,0.5179851091430616,0.04520784344754226,-54.66227098179754,-0.9151461412788173
2026-06-24T14:33:18.147000,2026,0.964661466036846,75.48997623837874,-1.5261625642673415,-92.76705136259648,1.1094102138350312,25.342440246682045,-0.35417444613245286,-56.09304442792677,0.419114485310706,0.5798556669532909,-54.3283202034603,-0.7740765163977996
2026-06-24T14:33:18.157000,2027,0.7786613025552638,75.99743377106826,-1.23925720299002,-93.49716650575999,1.2080191096865527,25.836340686359197,0.324507798655735,-56.2082141025558,0.7157234079105993,0.15267513404908442,-54.37327359090737,-0.8045776696575001
2026-06-24T14:33:18.167000,2028,0.879634287166735,75.18550111334439,-1.2909505125187521,-93.31330371188275,0.9341064904626203,25.966598509940695,0.005128086858580163,-55.74350014813775,1.1853529733199462,0.08013406381401679,-54.569150787889704,-0.930397741368613
2026-06-24T14:33:18.177000,2029,0.791948047471645,75.41103846722933,-1.8544231282337895,-93.33462209097428,0.45750270936206106,25.364151340870485,-0.18117745946153535,-55.96373400170162,0.5866442816164658,0.32193474646867676,-54.0007893674015,-1.1324696727690318
2026-06-24T14:33:18.187000,2030,0.5501504027081501,75.82827924210292,-1.2806124056791464,-93.36393164343885,0.986149094020622,25.814629592170757,-0.056087858223318195,-55.78188931651662,0.8008610176894027,0.1177489136826099,-55.310909263762206,-0.8141101755786062
2026-06-24T14:33:18.202000,2031,0.7813203633802428,75.24188393826401,-1.3840018000672947,-93.51581829925047,0.33424453063855974,25.912325145244164,-0.22376084948374358,-55.95565047294323,1.2402820806369719,-0.05151358353253489,-54.21914325810737,-1.0752787310821632
2026-06-24T14:33:18.207000,2032,1.0337456922351012,75.65630950712583,-1.1306973675167218,-93.49449992015894,0.33698268627080075,25.60838730970429,0.40701400987178266,-56.01626609116904,0.814594031742945,0.690008702261321,-54.12280964518582,-1.1458135435226737
2026-06-24T14:33:18.218000,2033,0.8318054291512454,75.50689169127527,-1.1281135346394937,-93.76629423257323,0.5643290132012134,26.16470241016742,0.0716651695970998,-55.76774422593565,1.2485212992896664,0.026401860911061035,-54.35400686832306,-0.9456472945385178
2026-06-24T14:33:18.228000,2034,0.9513747211204647,75.19395883979266,-1.7458632927604818,-93.44120826414516,0.7861960877762362,25.849907570608472,0.13554168350728943,-55.90917994529839,0.7514257057732348,-0.03001897149401329,-54.7264945397034,-0.9837752713030616
2026-06-24T14:33:18.238000,2035,0.4040076209061683,75.67886142625238,-1.1565440222810832,-93.39590778150443,0.6108923644038302,25.974739806030144,0.17014050929071425,-55.86877097947613,0.9436731580370785,0.13118052201056282,-54.65263762050538,-1.0104630128103387
2026-06-24T14:33:18.248000,2036,0.8025757315630085,75.93259019259713,-1.2806124056791464,-93.10546167559967,0.8382386913342428,26.01001778446786,0.2020787662458091,-55.84048296780662,0.789876375784861,0.5798556669532909,-54.30905348087599,-0.8808315762666968
2026-06-24T14:33:18.258000,2037,0.6218908366618798,75.60556314843623,-1.4176027287940434,-93.16675022727321,0.7259360762306084,26.110426131621182,0.18078564235778893,-55.646515158976456,0.6360795935326437,-0.34973221379663855,-54.44391709109168,-0.9075213646938649
2026-06-24T14:33:18.268000,2038,0.4146353049975319,75.52944361040183,-1.5054835752574363,-93.49449992015894,0.6519794043419649,25.64094958021238,-0.01084104161894788,-55.759662866669686,0.7074841892579047,0.14461501513410732,-54.755394623579875,-0.8179235873310295
2026-06-24T14:33:18.278000,2039,0.44652121034120446,75.62811506756277,-1.4589579314831602,-93.63039850693775,1.2189746733064246,25.969314217870316,0.17014050929071425,-55.78188931651662,1.0590192702776597,0.5476151912932652,-53.85307897687996,-1.0485909895748826
2026-06-24T14:33:18.296000,2040,1.2649156529071939,75.73242601805698,-1.7872184954496082,-93.32396433200017,0.5862401404409473,25.61381289786412,0.04771147688074964,-55.893015057274035,0.8585355482582752,0.18760135441559805,-54.54346067515245,-1.2678202034813633
2026-06-24T14:33:18.298000,2041,0.4358935262498409,75.38848352099954,-1.704508090071365,-93.02818791603669,0.5533734495813464,25.708795656857614,0.4016900144613293,-55.87483037180629,0.9244492974798423,0.4186561734487539,-54.33474014573875,-0.7492944573067852
2026-06-24T14:33:18.309000,2042,0.8663475422503537,75.53508310373509,-1.228919096150414,-93.72366033553355,1.0436709499340135,26.07243535910355,0.10360342655219462,-55.862709417653555,1.1826075500680993,0.09087992743552091,-54.620527565489695,-1.0543100837435686
2026-06-24T14:33:18.319000,2043,0.7016056000210806,75.13193652153979,-1.2702742988395404,-93.19072946967906,1.0409327943017725,26.042582968825663,0.1568319496414775,-55.70308901282307,1.1743683314154048,-0.08643980389904853,-54.09711953244857,-0.9933057303042803
2026-06-24T14:33:18.329000,2044,1.1108042478388278,75.60556314843623,-1.5416711121921065,-93.47584812666847,0.8683701676525106,25.841766274519024,0.3537826290286677,-56.12739400141887,0.7486802825213879,0.04520784344754226,-54.66227098179754,-0.7492944573067852
2026-06-24T14:33:18.339000,2045,0.635177581578261,75.53508310373509,-1.244424868744476,-93.22004188328695,0.7204568238752235,25.94217462167234,-0.21577628524496018,-56.16982493417693,1.2512667225415135,0.5180633451353189,-53.9301458672172,-1.0943416960044914
2026-06-24T14:33:18.349000,2046,1.0231180081437377,75.85083418833271,-1.6192110764851906,-93.39058033258907,0.4985897493001958,25.421137499646928,0.18877020659657232,-56.060716821370484,0.9985993164569502,-0.027333226787525377,-54.469607203828915,-1.079092142834583
2026-06-24T14:33:18.364000,2047,0.5315483892113154,75.68450091958563,-1.4977293012950585,-93.01486357146158,0.7588057081811173,25.931320531502976,-0.49256974926607466,-55.67480317064598,0.7486802825213879,-0.19121846499855033,-54.2062964778015,-1.0104630128103387
2026-06-24T14:33:18.369000,2048,0.7600621421279724,75.42231442679261,-1.5830263148812234,-93.27333353930075,0.46572011734968705,26.039870174745747,0.3803968905733091,-55.83037964160484,0.7596649244259295,0.2493965610292007,-54.61089420419754,-1.1362810376015642
2026-06-24T14:33:18.379000,2049,0.9194916688463354,75.95796337194193,-1.9784887363011496,-93.39058033258907,0.4465471457421941,25.727791043116426,0.04771147688074964,-56.06475858574968,1.5231579891833227,0.4052216803252094,-53.987942587095645,-0.8808315762666968
2026-06-24T14:33:18.390000,2050,0.8158624764793898,75.50689169127527,-1.0815878908652177,-93.17740798624727,0.643761996354339,26.44964485944848,0.22336903237995842,-55.72531546267001,0.4740435926277315,-0.10256004172908093,-53.69252525392702,-1.0600291779122584
2026-06-24T14:33:18.400000,2051,0.9965473713805185,75.73242601805698,-1.567517766956468,-93.50249395467536,0.7095012602553565,25.575822125346487,-0.01084104161894788,-55.838463170363234,0.3532007360891388,0.1983472180370631,-54.30584006186229,-0.5434091141539431
2026-06-24T14:33:18.410000,2052,0.6059478839900242,75.7183318253787,-1.2728581317167684,-93.08147957205048,0.9149335188551274,25.63009549004302,-0.05874842705160947,-56.14153692250742,0.7129779846587523,0.21446745586709548,-54.21271986795444,-0.84842474059073
2026-06-24T14:33:18.420000,2053,0.8477483818230624,75.50125219794202,-1.4176027287940434,-93.31330371188275,0.8355005357020018,25.35601004478103,0.30587524359604484,-56.19002941708806,0.8997316415217583,-0.040764835115478314,-54.69117106567401,-1.2430381443903489
2026-06-24T14:33:18.430000,2054,1.2277173320526114,75.27571484405706,-1.200485833178131,-93.36659822903988,0.7314123874950905,26.289534645589093,0.25264672050676196,-56.030409012257586,0.5564328302575341,-0.22077319595212722,-54.736127900995555,-0.6978226097886029
2026-06-24T14:33:18.440000,2055,0.9221478766018099,75.40821720701109,-1.1798068441682164,-93.85422861225366,0.6081542087715891,25.849907570608472,-0.024149601268223377,-56.03849254101597,0.5619266256583818,0.415970428742266,-54.54667409416616,-1.0485909895748826
2026-06-24T14:33:18.450000,2056,1.1108042478388278,75.67604319313737,-1.3426465973781778,-93.31330371188275,0.7095012602553565,25.79292141183203,0.13287825692512734,-55.816236720516294,0.8393116877010389,0.088194182729033,-54.87741490136418,-0.9380225179535654
2026-06-24T14:33:18.461000,2057,0.7441191894561168,75.76343869073504,-1.4667122054455382,-93.36393164343885,0.8190657197267449,25.34515304076196,0.24998615167843194,-56.17386452906371,1.352882769625706,-0.42764765824023443,-54.581994120321085,-0.9456472945385178
2026-06-24T14:33:18.471000,2058,1.0682906584037917,75.40539897389608,-1.3814179671900666,-93.26267578032667,0.8491942549541098,26.121283135640255,0.0317423484032216,-55.76774422593565,0.7596649244259295,0.6120961426133167,-54.37969698106029,-1.008557330394076
2026-06-24T14:33:18.481000,2059,0.5474913418831324,75.40539897389608,-1.8285736981387253,-93.16941395173087,0.8711083232847516,25.868905870717,0.08497372924633657,-56.00818473190307,0.957403223193467,-0.2825655177700992,-54.30905348087599,-0.6120382441781874
2026-06-24T14:33:18.491000,2060,0.7308352976092789,75.42231442679261,-1.3142133344058855,-93.14543184818169,0.7478472034703424,26.07243535910355,0.22336903237995842,-55.747539743024525,0.8832532042163591,0.010281623081028628,-54.620527565489695,-1.1019685195093312
2026-06-24T14:33:18.508000,2061,0.9699767346172994,75.66194597335584,-1.6398900654951054,-93.18806574522135,0.5780227324533214,25.773923111723505,0.16481651388022214,-55.86877097947613,0.7596649244259295,0.1419292704276194,-54.700804426966165,-1.2716315683138957
2026-06-24T14:33:18.511000,2062,0.7281762367842611,75.65630950712583,-1.7742965557327743,-92.6897776030335,0.4383297377545681,25.858048866697924,-0.05874842705160947,-55.74955954046791,1.0919761448884482,0.3649210857501675,-54.9320016501034,-1.0619348603285246
2026-06-24T14:33:18.521000,2063,0.6989493922656063,75.21651075891921,-1.7303547448357264,-93.11611943457375,0.9779346271239039,26.48763563196611,0.4921807899161604,-55.878872136185485,0.8008610176894027,-0.52436620042472,-54.15170972906228,-0.9532720711234702
2026-06-24T14:33:18.531000,2064,0.7494344580365702,75.46460305903395,-1.3348923234158,-93.03085164049436,0.5232419732630786,25.93403332558289,0.27393698664091126,-55.75562110229049,0.7129779846587523,0.13924064092553995,-54.4310737586603,-1.1248448961840793
2026-06-24T14:33:18.542000,2065,0.9912321028000651,75.20805303247094,-1.3555685370950117,-93.26001205586897,0.43285048539917825,25.749499223455153,0.3378135005511396,-56.084963068660805,0.957403223193467,0.053267962362558464,-54.32189681330737,-1.00093255380912
2026-06-24T14:33:18.552000,2066,0.9752891501282095,75.33773716230995,-1.6683205531366947,-93.16941395173087,0.7642820194455993,25.619241399873655,0.21006333048459247,-55.75562110229049,0.4795344391314254,0.04789358815399108,-54.37327359090737,-1.2277865443005567
2026-06-24T14:33:18.568000,2067,0.685662647349225,75.42231442679261,-1.3969237397841288,-93.32662805645788,0.4931104969448109,25.782064407812953,0.2340170232009039,-56.23448014728951,0.6388250167844906,0.45358239381522847,-54.44391709109168,-0.5243461492316184
2026-06-24T14:33:18.572000,2068,0.41197909724205745,75.74088374450525,-1.2651038577543907,-93.45452974757694,0.630068277102231,26.077860947263378,-0.23440598255081824,-55.99201984387871,0.9985993164569502,0.1983472180370631,-54.08748617115642,-1.3421663807544064
2026-06-24T14:33:18.582000,2069,0.512949228784024,75.55481678974662,-1.3736636932276889,-92.77770912157055,0.5040690016555808,25.657232172391282,-0.1226249409617991,-55.78997067578259,1.1139483775946852,0.042522098741054344,-54.241619951830906,-1.0371528012375102
2026-06-24T14:33:18.592000,2070,0.7839765711357172,75.54635906329837,-1.4563740986059321,-93.81159471521394,0.8245420309912269,25.727791043116426,0.09561886231341124,-56.046573900281935,1.328165113667622,0.055953707069007284,-54.60126084290539,-0.5758179967498007
2026-06-24T14:33:18.602000,2071,1.0045188477164464,76.21169213828668,-1.3969237397841288,-93.25734833141131,1.0957135534920153,26.08600224335283,-0.08802325742454219,-56.11729067521709,0.6607972494907275,0.415970428742266,-54.19345314537012,-1.0409641660700428
2026-06-24T14:33:18.612000,2072,0.7786613025552638,75.44204811280416,-1.0143860334117298,-93.50516054027639,0.4273741741346962,25.4645596880238,0.1541713808131475,-55.57781818148469,0.792621799036708,-0.06494519186048783,-54.37327359090737,-0.8846449880191167
2026-06-24T14:33:18.622000,2073,0.7520906657920445,75.7465232378385,-1.6786614353069942,-93.11345571011609,0.6519794043419649,25.78478011574258,-0.18117745946153535,-55.62024911424275,0.9683908139951625,-0.00046424054043639446,-54.42465036850737,-0.9723370829656858
2026-06-24T14:33:18.633000,2074,1.1054889792583742,75.78035414363157,-1.3116295015286574,-93.31330371188275,0.5341975368829456,25.887901256975812,0.05303547229124175,-55.91928327150016,0.4548167831733415,0.20640733695207927,-54.42465036850737,-1.0943416960044914
2026-06-24T14:33:18.643000,2075,0.7281762367842611,75.94668741237865,-1.3219676083682632,-93.64371999036953,0.5588497608458285,25.999163694298495,0.1461868165743641,-56.0546552595479,0.6470642354371852,0.04520784344754226,-53.962255922232885,-0.8293617756684019
2026-06-24T14:33:18.653000,2076,0.6112631525705162,75.85365242144773,-0.9833689375622188,-93.1267800546912,0.5971986451517222,25.611100103784203,-0.1332700740289125,-55.917261304564356,1.3391497555721636,0.20372159224563047,-54.30905348087599,-1.0447775778224626
2026-06-24T14:33:18.663000,2077,1.0071750554718821,75.42231442679261,-0.9032423650612036,-93.22803591780337,0.5698053244656954,25.765781815634057,-0.03479473433529804,-55.56367526039614,1.0425408329722705,0.15267513404908442,-54.61089420419754,-0.9628045770445798
2026-06-24T14:33:18.673000,2078,0.4916938606012583,75.60838138155124,-1.3271380494534224,-93.60908012784623,1.008063162351264,25.56496512132741,0.11424855961926929,-55.92332286638694,0.5948835002691704,0.031773350323997765,-54.61410417533677,-1.0333393894850869
2026-06-24T14:33:18.683000,2079,0.8318054291512454,75.66758546668909,-1.510654016342586,-92.79369719060338,0.38080788184117653,25.868905870717,-0.3009430652893379,-56.15972160797516,1.5286488356870067,-0.15360649992558786,-54.31868684216815,-1.0485909895748826
2026-06-24T14:33:18.693000,2080,0.8424331132426089,75.45614533258568,-1.5313302300217977,-93.19605977973777,0.6738934726726067,25.836340686359197,0.33515293172280963,-56.084963068660805,0.8914924228690537,-0.40615304620167375,-54.687961094534785,-0.8998945411890217
2026-06-24T14:33:18.703000,2081,0.7441191894561168,75.864928381011,-1.3710770850197673,-93.27333353930075,0.5040690016555808,26.365519104474064,0.39104488139425464,-55.618229316799365,0.7157234079105993,0.49119724368382156,-53.987942587095645,-0.7607326456441575
2026-06-24T14:33:18.713000,2082,0.9938911636250828,75.2672571176088,-1.4977293012950585,-93.23602995231978,0.7149805126107415,26.17555650033679,-0.07737812435746752,-55.981918687169355,0.4905220299331208,0.36760971525224695,-54.01363269983288,-1.1400944493539842
2026-06-24T14:33:18.724000,2083,0.5846925158072971,75.01071011814903,-1.1875611181306036,-93.74764243908274,0.8793257312723776,25.61381289786412,0.0796497338358832,-56.046573900281935,0.7129779846587523,0.4294020370702189,-54.28978675829167,-0.9494607062909377
2026-06-24T14:33:18.734000,2084,0.8690037500058281,75.61683910799951,-1.4279408356336492,-93.43854167854415,0.7533264558257323,26.105000543461355,-0.10931638131256234,-56.10920931595113,1.0452892051212712,0.18760135441559805,-54.581994120321085,-1.0771844134984294
2026-06-24T14:33:18.744000,2085,0.5687495631354414,75.34055539542496,-1.1203592606771158,-93.29198819393457,0.5205038176308376,25.966598509940695,0.3803968905733091,-55.79199047322597,0.9656424418461617,0.2520823057356495,-54.35400686832306,-1.2678202034813633
2026-06-24T14:33:18.754000,2086,1.0895460265865573,75.2644388844938,-1.3659094192653112,-93.72632405999121,0.9998457543636379,26.029016084576387,-0.15456034016306183,-55.71925390084743,1.141411456804626,0.46432825743673256,-54.80355798216617,-1.052402354407415
2026-06-24T14:33:18.764000,2087,1.3180597795031757,75.15448844066633,-1.4020941808692877,-93.11345571011609,0.7149805126107415,25.863477368707457,0.43096770258813283,-55.838463170363234,1.0562738470258128,0.45089664910877963,-54.98337842770341,-0.9723370829656858
2026-06-24T14:33:18.774000,2088,0.722863821273351,75.59710542198796,-1.570101599833696,-93.18540202076369,0.6930664442800997,25.83905348043911,0.01577321992565483,-56.25872639457984,0.7267080498151409,0.16610962717266803,-54.296206700570124,-1.2049101676258085
2026-06-24T14:33:18.784000,2089,0.9274631451822632,75.23060797870073,-1.704508090071365,-93.07881584759278,0.7807168354208512,26.137565727819158,-0.01616503702943999,-56.08900483304,0.7514257057732348,-0.41421316511669,-54.55630745545831,-0.8655820230967886
2026-06-24T14:33:18.795000,2090,0.9274631451822632,75.32646120274667,-0.9988774854869743,-93.1267800546912,0.9176716744873684,26.313955620007736,0.06102003653002514,-55.6343920353313,1.031556191067729,-0.08375117439696905,-54.49850728770539,-0.9075213646938649
2026-06-24T14:33:18.804000,2091,0.7653774107084258,75.83955822876945,-1.3840018000672947,-93.53447009274096,0.9560205587932621,25.94760312368188,0.12223312385805267,-55.636411832774684,1.0452892051212712,-0.4706339975217252,-54.62695095564263,-0.9990248244729665
2026-06-24T14:33:18.815000,2092,1.1108042478388278,75.77471465029832,-1.510654016342586,-93.3745922635563,0.7423708922058604,26.183697796426237,0.4655665283715189,-56.024347450435,1.1551444708581684,-0.34973221379663855,-54.768237956011255,-1.0676539544972108
2026-06-24T14:33:18.825000,2093,0.8211777450598432,75.36592857476977,-1.0867583319503673,-93.55578847183249,0.6875871919247147,25.56768082925704,0.10360342655219462,-55.798052035048556,0.9162100788271477,0.13924064092553995,-54.90952495637987,-1.15153263769136
2026-06-24T14:33:18.835000,2094,1.1001737106779208,75.5407195699651,-1.0790040579879896,-93.0948039166256,0.7423708922058604,26.183697796426237,-0.21311571641663019,-55.947569113677254,0.7184688311624462,0.18491560970914925,-54.57557073016814,-1.0066516479778096
2026-06-24T14:33:18.845000,2095,0.7786613025552638,75.5660927493099,-1.0919259977048235,-93.41189585053726,0.7861960877762362,25.814629592170757,0.13287825692512734,-55.85664785583097,0.4026360480053167,-0.3524208432986789,-54.2929967294309,-0.8941754470203355
2026-06-24T14:33:18.855000,2096,0.8690037500058281,75.59428718887295,-1.520992123182192,-93.35593760892243,1.1231068741780421,26.254253753301665,0.11424855961926929,-55.893015057274035,0.42185990856255295,-0.15898087413411616,-54.58841751047401,-0.8941754470203355
2026-06-24T14:33:18.865000,2097,0.685662647349225,75.17422212667788,-1.3529847042177836,-93.40923212607956,0.6711523759494579,26.34109521620571,0.02641835299276822,-55.73945838375856,1.2045768338771825,0.19297572862412635,-54.174186422785816,-1.1667842377811521
2026-06-24T14:33:18.875000,2098,0.5076368132731139,75.73524727827522,-1.7432794598832537,-93.36393164343885,0.39176344546104347,26.213550186704126,0.3537826290286677,-55.699047248443875,0.9354339393843839,0.20909596645415876,-54.456763871397534,-0.9723370829656858
2026-06-24T14:33:18.886000,2099,0.9965473713805185,75.69013738581566,-0.794682529587896,-93.16941395173087,0.30411305432029195,26.34109521620571,0.029081779574891595,-55.80007400198436,1.031556191067729,0.055953707069007284,-54.58841751047401,-1.0238068835639809
2026-06-24T14:33:18.897000,2100,0.5900077843877505,75.43922987968915,-1.5416711121921065,-93.43854167854415,0.7971516513961081,26.183697796426237,-0.00019590855187321592,-56.0283892148142,0.3339768755319026,-0.27719402835716245,-54.49208389755246,-0.8713011172654782
2026-06-24T14:33:18.914000,2101,1.0895460265865573,75.74088374450525,-1.2754419645939965,-93.35860419452347,0.6245890247468411,26.31938412201727,-0.032134165506968036,-55.88291390056468,0.6415704400363375,0.49119724368382156,-53.98473261595642,-1.2906965801561114
2026-06-24T14:33:18.919000,2102,0.8344616369066812,75.3941230143328,-1.6941699832317592,-93.49183619570124,0.5478941972259564,25.80920109016122,0.09295829348511996,-55.75562110229049,0.605868142173712,-0.03001897149401329,-54.61410417533677,-0.9094270471101311
2026-06-24T14:33:18.926000,2103,0.457148894432568,75.84519469499946,-1.241841035867248,-93.15342588269809,0.7588057081811173,25.678943266579722,0.08231030266417447,-55.99808140570129,0.6800211100479737,-0.0380790904089904,-54.05858953515443,-0.6673214565289024
2026-06-24T14:33:18.936000,2104,0.7786613025552638,75.02480431082732,-1.6502281723347112,-93.14809557263935,0.8902812948922445,26.1945518865956,0.04771147688074964,-55.83037964160484,0.9326855672353831,-0.005838614748964683,-54.66548440081125,-0.7759821988140659
2026-06-24T14:33:18.946000,2105,0.9062049239299542,75.77471465029832,-1.3348923234158,-93.44120826414516,0.8628909152971207,26.237971161122765,-0.11730094555134572,-55.99201984387871,0.9491640045407724,0.19297572862412635,-54.8292480949034,-0.7454810455543653
2026-06-24T14:33:18.956000,2106,0.9008896553495007,75.55481678974662,-1.5365006711069473,-93.50516054027639,0.641023840722098,25.83905348043911,0.27393698664091126,-55.65459651824243,0.8997316415217583,-0.03001897149401329,-54.38611692333875,-1.1686899201974184
2026-06-24T14:33:18.966000,2107,0.6165784211509697,75.81700328253964,-1.2134105482256585,-93.56644623080656,0.8190657197267449,26.13213722580962,0.13820225233561945,-56.01626609116904,1.1716229081635576,-0.08106542969052023,-54.768237956011255,-0.8922697646040693
2026-06-24T14:33:18.976000,2108,0.7308352976092789,75.7211500584937,-1.0815878908652177,-93.07082181307636,0.5698053244656954,25.706079948927986,-0.15456034016306183,-55.93342619258871,0.6498096586890322,0.37566983416722405,-55.24989912487005,-1.0676539544972108
2026-06-24T14:33:18.986000,2109,0.5953201998986606,75.49561270460876,-1.2831962385563744,-93.29465191839228,0.7040220078999666,25.754927725464693,-0.3009430652893379,-55.814216923072905,1.097469940289296,0.1338691515126032,-54.50492722998384,-0.7340428572169896
2026-06-24T14:33:18.996000,2110,0.8264901605707533,75.27571484405706,-1.4744664794079252,-93.28132757381715,0.8848049836277625,25.95574441977133,0.05037204570907965,-55.90917994529839,0.770649566330471,0.3649210857501675,-54.893468204934784,-1.2010967558733852
2026-06-24T14:33:19.007000,2111,0.722863821273351,75.22215025225246,-1.3633228110573896,-93.29465191839228,1.164190973025274,25.94760312368188,0.17812507352945892,-55.96373400170162,1.1963376152244878,-0.20733870282854364,-54.23198659053875,-0.9628045770445798
2026-06-24T14:33:19.017000,2112,0.8105472078989363,75.70141637248217,-1.55976349299409,-92.85231915667588,0.8820638869046186,25.80920109016122,0.2313535966187418,-55.488916721081786,0.8805048320673583,0.4079103098272889,-54.62695095564263,-0.6539775857752603
2026-06-24T14:33:19.027000,2113,0.7786613025552638,75.52944361040183,-1.2909505125187521,-93.12144974463246,0.8355005357020018,26.493064133975647,-0.4978937446765281,-56.381975258982415,0.9546577999416201,0.17416686129205358,-53.93656580949564,-0.7950472106562815
2026-06-24T14:33:19.037000,2114,0.8424331132426089,75.85083418833271,-1.4020941808692877,-93.47051781660976,0.9779346271239039,25.988309604129135,-0.1598843355735152,-55.97989672023355,1.2485212992896664,0.25745379514858624,-54.51135062013677,-1.0447775778224626
2026-06-24T14:33:19.047000,2115,0.9194916688463354,75.3151852431834,-1.5907805888436013,-93.05749746850125,0.6191097723914561,26.14027852189907,0.17014050929071425,-56.10314775412855,0.8036064409412496,-0.36316670692018305,-54.6719043430897,-1.1705956026136848
2026-06-24T14:33:19.057000,2116,1.1373748846020468,75.45050583925243,-1.805310876251592,-93.37725598801396,0.6821108806602327,26.05072426491511,0.22336903237995842,-55.89907661909662,1.1633836895108631,-0.49212860956028587,-54.10996631275443,-0.8808315762666968
2026-06-24T14:33:19.067000,2117,0.5315483892113154,75.77471465029832,-1.6217976846931217,-93.48384216118487,0.5040690016555808,25.966598509940695,0.0690046007687698,-56.0546552595479,0.8338178923001912,0.2493965610292007,-54.66227098179754,-1.046683260238729
2026-06-24T14:33:19.078000,2118,0.8052347923880263,76.15812754648208,-1.4279408356336492,-93.18540202076369,1.1011928058474052,25.83905348043911,-0.032134165506968036,-55.89907661909662,0.8118456595939443,0.31656325705574,-54.241619951830906,-1.1210314844316593
2026-06-24T14:33:19.088000,2119,1.2277173320526114,75.1883193464594,-1.469298813653469,-93.46519036769439,0.7067631046231155,25.516120258640417,-0.021486174686061274,-55.99000004643532,1.0864852983847544,0.6120961426133167,-54.78750467859556,-0.8503304230069963
2026-06-24T14:33:19.098000,2120,0.9274631451822632,75.43077215324088,-1.4460359917663264,-92.72441746555681,0.816324623003601,25.765781815634057,-0.00019590855187321592,-55.95161087805646,1.004093111857798,0.22521620428415207,-54.421440397368144,-1.008557330394076
2026-06-24T14:33:19.108000,2121,1.1320596160215934,75.54354083018335,-1.5830263148812234,-93.33195836651657,0.4355915821223271,25.733216631276253,-0.024149601268223377,-55.95161087805646,0.5399543929521449,0.21715608536917497,-54.55630745545831,-0.8503304230069963
2026-06-24T14:33:19.118000,2122,0.5900077843877505,75.37156806810302,-1.4072646219544376,-93.75563647359915,0.808110156106878,25.716936952947062,0.01843664650781693,-55.7576430692263,0.8118456595939443,-0.3416720948816223,-55.028335263024964,-0.8141101755786062
2026-06-24T14:33:19.128000,2123,0.5315483892113154,75.57455047575817,-1.2237486550652643,-93.13210750360656,0.805369059383734,25.578534919426403,-0.18649859711815664,-55.86877097947613,1.12218759624738,-0.04882495403049452,-54.5338273138603,-1.138188766937718
2026-06-24T14:33:19.138000,2124,1.1825446817925573,75.53226184351684,-1.3710770850197673,-93.07881584759278,0.7834579321440001,26.01001778446786,0.3378135005511396,-56.21023389999919,0.979375455899704,0.3998501909122727,-54.44713051010538,-1.2010967558733852
2026-06-24T14:33:19.148000,2125,1.0071750554718821,75.43922987968915,-1.4486198246435544,-93.76096392251452,0.4985897493001958,26.411651173081143,0.46024253296106554,-55.965753799145006,0.7679041430786241,0.16342099767058854,-54.77787131730341,-0.7302314923844571
2026-06-24T14:33:19.159000,2126,0.8424331132426089,75.91849599991885,-1.0919259977048235,-93.31063998742505,0.4711993697050719,25.820058094180293,0.22869302779045053,-56.16578316979774,0.8255786736474966,-0.12674039847409044,-54.04574275484858,-0.9990248244729665
2026-06-24T14:33:19.169000,2127,0.685662647349225,75.66194597335584,-1.6502281723347112,-93.27333353930075,0.7697612718009842,25.958457213851243,0.49750478532661374,-56.09304442792677,0.7184688311624462,0.2843227813956752,-54.40538364592307,-1.0447775778224626
2026-06-24T14:33:19.179000,2128,0.9221478766018099,75.69013738581566,-1.4951454684178305,-93.49716650575999,0.6492412487097239,26.2271170709534,-0.14125463826765716,-55.58185994586388,0.7624103476777764,0.35417522212870245,-54.19345314537012,-0.6577889506077929
2026-06-24T14:33:19.189000,2129,0.7175485526928976,75.5660927493099,-1.6321357915327275,-92.82833991427002,0.8711083232847516,25.874331458876828,0.13287825692512734,-55.92736463076613,1.1359176614037685,0.13924064092553995,-54.418230426228924,-0.5662854908286913
2026-06-24T14:33:19.199000,2130,0.7706898262193359,75.58582946242468,-1.4744664794079252,-93.00686953694516,0.6766316283048478,25.920466441333616,-0.06673299129039285,-55.699047248443875,0.7843825803840133,0.8028503670714305,-54.228776619399525,-0.8808315762666968
2026-06-24T14:33:19.209000,2131,0.8105472078989363,75.65348824690757,-1.3917560740296726,-93.02818791603669,0.6848490362924737,26.07243535910355,0.04771147688074964,-56.030409012257586,0.6498096586890322,0.35417522212870245,-54.72970451084262,-1.0104630128103387
2026-06-24T14:33:19.220000,2132,0.9434032447845369,75.45332407236744,-1.4331112767187988,-93.0948039166256,0.8355005357020018,25.95574441977133,0.01843664650781693,-55.70106921537968,1.1029607867929898,0.38910144249517703,-54.51135062013677,-0.8789258938504306
2026-06-24T14:33:19.230000,2133,0.6112631525705162,75.60556314843623,-1.1668849044513825,-93.56644623080656,0.654717559974206,26.20540889061467,0.27127641781262,-55.606106193154204,1.1112000054456845,0.13118052201056282,-54.66548440081125,-0.9170518236950835
2026-06-24T14:33:19.240000,2134,0.9699767346172994,75.54635906329837,-1.1177754277998877,-93.01486357146158,0.8245420309912269,25.931320531502976,0.29789067935726143,-56.20619213562,0.8557871761092744,-0.13748626209555545,-54.3443735070309,-1.0066516479778096
2026-06-24T14:33:19.250000,2135,1.062975389823338,75.5632745161949,-1.6192110764851906,-93.41189585053726,0.7642820194455993,25.716936952947062,0.22869302779045053,-55.93342619258871,0.7047387660060577,0.45358239381522847,-54.31868684216815,-1.117218072679236
2026-06-24T14:33:19.260000,2136,0.7308352976092789,75.63093632778103,-1.6088729696455848,-93.18540202076369,0.816324623003601,25.67623047249981,0.010452082269033542,-55.901098586032425,0.9656424418461617,0.031773350323997765,-54.53061734272107,-0.7435753631380991
2026-06-24T14:33:19.270000,2137,0.9513747211204647,76.18068249271187,-1.1203592606771158,-93.48384216118487,0.8464560993218688,25.969314217870316,0.0317423484032216,-55.87079077691952,1.0370499864685765,0.012967367787516544,-54.05216614500151,-0.7607326456441575
2026-06-24T14:33:19.280000,2138,0.8663475422503537,75.67322496002237,-1.7717099475248528,-93.34794357440602,0.7259360762306084,26.08871795128245,-0.175853464051082,-55.88291390056468,0.9931084699532563,0.19297572862412635,-54.36685364862891,-0.9151461412788173
2026-06-24T14:33:19.290000,2139,0.858376065914426,75.63375456089604,-1.4563740986059321,-93.30530967736634,0.5314593812507046,25.94217462167234,-0.11730094555134572,-55.97383515841097,0.8502963296055805,-0.032704716200462114,-54.36685364862891,-0.9494607062909377
2026-06-24T14:33:19.300000,2140,0.7122332841124441,75.4730607854822,-1.4279408356336492,-92.88696188034251,0.7040220078999666,25.94760312368188,0.1488473854026941,-56.072839945015645,0.7843825803840133,0.03714772453252606,-53.93335583835643,-0.6806653272825409
2026-06-24T14:33:19.310000,2141,0.5368636577917688,75.59992365510297,-1.3323057152078785,-93.10279795114197,1.2956695008273091,26.029016084576387,0.2766004132230734,-55.83644120342742,1.1633836895108631,-0.1562922446320367,-54.187029755217196,-0.9532720711234702
2026-06-24T14:33:19.320000,2142,0.7999195238075342,75.25598115804553,-1.4150188959168153,-93.42788391957004,0.7971516513961081,26.00187648837841,0.21272389931288374,-56.15366004615258,0.957403223193467,-0.1804726013770853,-54.549884065305385,-0.6158496090107201
2026-06-24T14:33:19.331000,2143,0.4491774180966402,75.43077215324088,-1.3710770850197673,-93.56378250634886,1.2189746733064246,25.73864513328579,0.27127641781262,-55.981918687169355,1.2649997365950558,0.35954959633723077,-54.31868684216815,-1.1305619434328782
2026-06-24T14:33:19.341000,2144,0.8849467026776451,75.36592857476977,-1.4899750273326808,-93.39857436710548,0.791675340131626,25.887901256975812,0.10360342655219462,-55.8121949561371,0.792621799036708,0.14461501513410732,-54.3283202034603,-1.0600291779122584
2026-06-24T14:33:19.351000,2145,0.6989493922656063,75.59992365510297,-1.8725155090357732,-93.19872350419543,0.36711416258906854,26.289534645589093,-0.0906866840067043,-55.878872136185485,1.2512667225415135,0.22521620428415207,-54.315473423154444,-0.9990248244729665
2026-06-24T14:33:19.361000,2146,1.4695149768161062,75.50689169127527,-1.5080674081346643,-93.30530967736634,0.5150245652754477,25.96388571586078,-0.04277929857408143,-56.15770181053177,0.6168527840782536,0.1983472180370631,-54.33474014573875,-1.2087235793782285
2026-06-24T14:33:19.371000,2147,0.6218908366618798,75.2926302969536,-1.4434493835584048,-93.08147957205048,0.7807168354208512,26.039870174745747,0.15949537622360088,-55.62833047350872,0.8283240968993335,-0.3174946229322044,-54.15491970020151,-1.1153123902629698
2026-06-24T14:33:19.381000,2148,0.7946042552270807,75.27289661094207,-1.7303547448357264,-92.75372987916471,0.3561556578782937,25.657232172391282,-0.08003869318579752,-55.878872136185485,1.144156880056473,0.1419292704276194,-53.91087914463288,-0.886550670435383
2026-06-24T14:33:19.391000,2149,0.7733488870443537,75.9015805470223,-1.0790040579879896,-93.14543184818169,0.6958045999123407,25.795634205911945,0.4416128356552075,-56.22437682108774,0.7953672222885549,0.3837299530822403,-54.45355045238383,-0.9399282003698317
2026-06-24T14:33:19.401000,2150,0.879634287166735,75.29826979028687,-1.1487925236493988,-93.64105626591183,0.7204568238752235,26.400797082911776,0.2313535966187418,-56.08092130428162,0.6168527840782536,-0.4706339975217252,-54.50492722998384,-1.197285391040856
2026-06-24T14:33:19.412000,2151,0.7175485526928976,75.58864769553969,-1.376247526104917,-92.9322595018399,0.5122864096432117,25.94760312368188,0.25530728933505326,-55.58792150768646,0.770649566330471,0.17416686129205358,-54.34116353589168,-1.138188766937718
2026-06-24T14:33:19.422000,2152,1.2941453504954308,75.65348824690757,-1.2651038577543907,-93.25734833141131,0.3945045421841874,25.871618664796912,0.18078564235778893,-56.14355671995081,0.9244492974798423,0.021027486702532745,-54.64942764936616,-1.1324696727690318
2026-06-24T14:33:19.432000,2153,0.6112631525705162,75.61965734111452,-1.520992123182192,-93.52647605822455,0.7177186682429825,25.83905348043911,-0.22642141831203486,-55.95565047294323,0.8173394549947919,-0.1804726013770853,-54.30263009072306,-1.2201617677156007
2026-06-24T14:33:19.442000,2154,0.5687495631354414,75.56045628307989,-1.0376488552988725,-93.54779443731607,0.9176716744873684,25.719649747026974,0.1488473854026941,-56.10314775412855,0.6607972494907275,0.07476257440108006,-54.85814817877987,-1.0619348603285246
2026-06-24T14:33:19.452000,2155,0.7095770763569698,75.43922987968915,-1.4176027287940434,-93.22004188328695,0.9560205587932621,25.472698070263544,0.7476839878031255,-55.67682296808937,0.6360795935326437,0.20640733695207927,-54.69117106567401,-0.9246786471999233
2026-06-24T14:33:19.462000,2156,0.791948047471645,75.59428718887295,-1.6993376489862153,-93.79827037063883,0.7095012602553565,25.776638819653126,0.05037204570907965,-56.03849254101597,0.5729112675629234,-0.0380790904089904,-54.21914325810737,-0.9990248244729665
2026-06-24T14:33:19.472000,2157,0.21269504191363736,75.40539897389608,-1.4176027287940434,-93.20405381425418,0.6519794043419649,26.427933765260043,0.05835660994786304,-55.77178599031484,0.770649566330471,-0.16703810825354082,-54.26409664555444,-0.9723370829656858
2026-06-24T14:33:19.483000,2158,0.9221478766018099,75.80290606275813,-1.5080674081346643,-93.51848202370813,1.2052780129634086,25.597530305685215,0.48419622567737697,-55.75562110229049,1.3638674115302476,0.29506864501717933,-54.62373753662892,-0.8674877055130549
2026-06-24T14:33:19.493000,2159,0.14892323122629214,75.2644388844938,-1.782050829695152,-93.33462209097428,1.0327153863141467,26.099572041451818,0.2845849774618568,-55.79603223760517,0.6937511752043624,0.0962543016440492,-54.67832773324263,-1.2678202034813633
2026-06-24T14:33:19.503000,2160,1.0550039134874103,75.67604319313737,-1.1513763565266268,-93.3745922635563,1.1203657774548983,25.958457213851243,0.02641835299276822,-56.030409012257586,0.9024770647735953,0.3568609668351513,-54.2929967294309,-1.0981551077569114
2026-06-24T14:33:19.513000,2161,0.6883188551046994,75.95796337194193,-1.6734909942218446,-93.29198819393457,0.9669761224131291,26.020874788486935,0.12223312385805267,-56.2082141025558,0.5207305323949086,0.14998938934263562,-54.35400686832306,-1.00093255380912
2026-06-24T14:33:19.523000,2162,0.8052347923880263,75.56045628307989,-1.1487925236493988,-93.23069964226107,1.0409327943017725,25.540544146908772,0.36709118867790447,-55.60206442877501,0.3751729687953858,-0.13748626209555545,-54.67511431422893,-1.0638405427447875
2026-06-24T14:33:19.533000,2163,0.9008896553495007,75.96360286527519,-1.425357002756421,-93.33728581543194,0.6245890247468411,25.76306902155414,0.042387481470296265,-56.032430979193386,0.41087526665801133,0.25745379514858624,-54.228776619399525,-0.968523671213266
2026-06-24T14:33:19.543000,2164,0.1914368206613283,75.55199855663162,-0.8127776857205825,-93.2493542968949,0.8464560993218688,25.77121031764359,-0.053424431641156095,-55.8768523387421,0.6360795935326437,0.29506864501717933,-54.1035429226015,-0.8598629289281023
2026-06-24T14:33:19.553000,2165,1.0310894844796656,75.25034166471227,-1.6812452681842223,-92.96157191544779,0.5533734495813464,26.056152766924647,0.01843664650781693,-56.11729067521709,0.7404410638686832,0.238647812612105,-54.69117106567401,-0.7588269632278913
2026-06-24T14:33:19.563000,2166,0.9540337819454824,75.83110050232118,-1.1772230112909883,-93.16941395173087,0.7861960877762362,25.999163694298495,0.17014050929071425,-55.83644120342742,0.5838988583646189,0.2843227813956752,-54.80034801102694,-1.1439078611064075
2026-06-24T14:33:19.573000,2167,1.3499456848468483,75.51252815750529,-1.3840018000672947,-93.49716650575999,1.0190187259711307,25.68437176858926,0.05037204570907965,-55.58589954075065,1.0645130656785173,0.29506864501717933,-54.25767670327598,-1.2887888508199576
2026-06-24T14:33:19.584000,2168,0.7653774107084258,75.95232387860868,-1.0376488552988725,-93.38791374698803,0.3835489785643204,25.874331458876828,0.05037204570907965,-55.90917994529839,0.8008610176894027,-0.23957917848860844,-54.347586926044606,-0.9018022705251787
2026-06-24T14:33:19.594000,2169,0.613919360325952,75.60838138155124,-1.0815878908652177,-93.07348553753407,0.7642820194455993,25.668089176410355,-0.18117745946153535,-55.95969223732242,1.3034474577095383,0.20640733695207927,-54.537040732874004,-0.9704293536295322
2026-06-24T14:33:19.604000,2170,0.6644072791664593,75.81982151565465,-1.4046780137465158,-93.55578847183249,0.6821108806602327,26.064294063014103,0.005128086858580163,-56.07890150683823,1.215564424678888,0.00490724887250034,-54.37006361976814,-0.8217349521635586
2026-06-24T14:33:19.614000,2171,0.8371206977316988,75.83110050232118,-1.2237486550652643,-93.48650588564253,0.9478031508056362,26.09414353944228,0.11690912844759929,-55.60408422621839,0.9107162834263,-0.3604809622136951,-54.49208389755246,-1.0829035076671156
2026-06-24T14:33:19.624000,2172,0.8025757315630085,75.63093632778103,-1.0919259977048235,-93.07348553753407,0.6766316283048478,25.84719477652856,-0.20246772559572343,-55.97383515841097,0.982120879151551,0.26014242465066567,-54.06500947743289,-1.3021347684934872
2026-06-24T14:33:19.634000,2173,0.7175485526928976,75.44204811280416,-1.5313302300217977,-93.80360068069757,0.1425059912908969,25.97745260011006,-0.4153875334604804,-56.062736618813865,0.982120879151551,0.021027486702532745,-55.27558923760728,-0.9189595530312372
2026-06-24T14:33:19.644000,2174,0.2552086313487122,75.4617817988157,-1.2909505125187521,-93.14276812372398,0.6601968123295908,25.874331458876828,0.5161344826324717,-56.097086192305966,0.7294564219641416,-0.23420768907567172,-54.50492722998384,-0.7912337989038581
2026-06-24T14:33:19.654000,2175,0.5262359737004053,75.79726959652811,-1.6321357915327275,-92.9775599844806,0.5314593812507046,25.852623278538097,0.16747994046238426,-55.97181536096758,0.770649566330471,0.021027486702532745,-54.87099151121125,-1.1629708260287321
2026-06-24T14:33:19.665000,2176,0.8450921740676267,75.51816765083856,-1.141038249687021,-93.29998222845097,0.48763418568032885,26.11585463363072,0.02641835299276822,-56.07082014757226,0.8118456595939443,0.6550824818948465,-54.2062964778015,-0.9342091062011455
2026-06-24T14:33:19.675000,2177,0.879634287166735,75.36311034165475,-1.5365006711069473,-93.69701450752666,0.8491942549541098,25.91503793932408,-0.04277929857408143,-56.0546552595479,0.39989062475346976,0.28163415189363483,-54.270520035707364,-0.9608988946283135
2026-06-24T14:33:19.685000,2178,0.8557198581589902,76.22296809784996,-1.572685432710924,-93.13210750360656,0.6930664442800997,25.63552399205256,0.9419712406081536,-56.21023389999919,0.8173394549947919,0.21715608536917497,-54.94163501139557,-1.0066516479778096
2026-06-24T14:33:19.695000,2179,1.1267472005106833,75.91003827347059,-1.4382817178039486,-93.4065684016219,0.8272831277143758,26.05072426491511,-0.15456034016306183,-55.80007400198436,0.6415704400363375,0.5879157858683072,-54.203086506662274,-0.8846449880191167
2026-06-24T14:33:19.705000,2180,0.9699767346172994,75.7183318253787,-1.2134105482256585,-92.71908715549806,0.8711083232847516,25.974739806030144,0.19675477083531698,-56.248623068378066,0.789876375784861,-0.08643980389904853,-54.49850728770539,-0.9875866361355942
2026-06-24T14:33:19.715000,2181,0.5102930210285497,75.28417257050535,-1.1487925236493988,-93.34261612549065,0.5205038176308376,25.95574441977133,0.16747994046238426,-55.8465445296292,0.2790507171120409,-0.22883331486710431,-54.469607203828915,-0.8655820230967886
2026-06-24T14:33:19.725000,2182,0.9008896553495007,75.4194961936776,-1.3529847042177836,-92.9775599844806,0.9916283463760119,26.0317288786563,0.39902944563299925,-55.775827754694035,1.2759843784995972,-0.23957917848860844,-54.1356529776172,-0.9018022705251787
2026-06-24T14:33:19.735000,2183,0.7175485526928976,75.44204811280416,-1.244424868744476,-93.44387198860287,0.5013279049324368,26.08871795128245,0.03972691264200499,-56.12739400141887,0.8777594088155114,0.19297572862412635,-54.177396393925044,-0.9914000478880141
2026-06-24T14:33:19.746000,2184,0.6165784211509697,75.77471465029832,-1.704508090071365,-93.22803591780337,0.5122864096432117,25.898755347145176,0.4735510926103023,-56.14557868688661,0.4548167831733415,0.07476257440108006,-54.57557073016814,-0.7588269632278913
2026-06-24T14:33:19.756000,2185,0.7946042552270807,75.64503052045931,-1.345230430255406,-93.08414615765149,0.5999368007839632,26.197267594525222,0.2845849774618568,-56.54361546125628,0.7376956406168362,-0.04882495403049452,-54.18060981293874,-0.978056177134372
2026-06-24T14:33:19.766000,2186,1.0682906584037917,75.69577687914891,-1.3840018000672947,-93.30530967736634,0.7204568238752235,26.099572041451818,0.13287825692512734,-55.66671964188758,0.8118456595939443,-0.2019672134156069,-54.21592983909367,-1.1667842377811521
2026-06-24T14:33:19.776000,2187,0.7414629817006424,75.33210069607992,-0.9937070444018247,-93.39058033258907,0.2438530427746593,26.20540889061467,-0.09867124824548767,-55.85664785583097,0.5509419837538403,0.0962543016440492,-54.48566050739952,-0.8560495171756826
2026-06-24T14:33:19.786000,2188,0.9380908292736267,75.65630950712583,-1.3814179671900666,-93.34527984994835,0.8382386913342428,25.858048866697924,0.4655665283715189,-55.7273352601134,1.0205715491631873,-0.00046424054043639446,-54.52098398142892,-1.0257146129001344
2026-06-24T14:33:19.796000,2189,0.8238339528153176,75.59710542198796,-1.5571768847861684,-93.08147957205048,0.7095012602553565,25.953031625691416,-0.053424431641156095,-55.97989672023355,0.4658043739750369,-0.040764835115478314,-54.47281717496814,-0.978056177134372
2026-06-24T14:33:19.806000,2190,0.512949228784024,75.48433674504548,-1.3142133344058855,-92.8416613977018,0.8601527596648846,26.02358758256685,-0.024149601268223377,-55.695007653557106,0.6305857981317959,0.07744831910756797,-54.69759445582694,-1.0257146129001344
2026-06-24T14:33:19.816000,2191,0.5262359737004053,75.66194597335584,-1.1772230112909883,-93.17474426178958,0.39176344546104347,25.974739806030144,0.36442776209574235,-55.70915057464565,0.9711362372470094,-0.17778685667059738,-54.270520035707364,-0.8331731405009344
2026-06-24T14:33:19.826000,2192,0.6431490579141889,75.30390625651688,-1.3167971672831136,-93.16675022727321,1.0354535419463877,25.874331458876828,0.06368060535831642,-55.80411359687113,0.7129779846587523,-0.26107379052713003,-54.05858953515443,-0.9723370829656858
2026-06-24T14:33:19.837000,2193,0.7946042552270807,75.24470519848225,-1.1823934523761475,-93.0948039166256,1.0765405818845224,26.29224743966901,0.0690046007687698,-55.85664785583097,0.8612809715101221,0.3246233759707171,-54.2929967294309,-1.0066516479778096
2026-06-24T14:33:19.847000,2194,0.8105472078989363,75.67604319313737,-1.4124322877088937,-93.20671753871184,0.44380899010995306,25.711508450937522,-0.26634423950591307,-55.84856432707259,0.7514257057732348,0.5153747156332396,-54.283363368138744,-0.9170518236950835
2026-06-24T14:33:19.857000,2195,0.7733488870443537,75.67604319313737,-1.5287463971445696,-93.62773192133672,0.6519794043419649,25.716936952947062,-0.1598843355735152,-55.917261304564356,0.8063548130902504,0.5610496844168097,-54.752181204566156,-1.0848112370032692
2026-06-24T14:33:19.867000,2196,0.720204760448372,75.61965734111452,-1.3142133344058855,-93.15342588269809,0.42463307741155226,25.4157119114871,0.25530728933505326,-55.78188931651662,0.9244492974798423,-0.008524359455452598,-53.83381225429564,-0.9875866361355942
2026-06-24T14:33:19.877000,2197,1.3180597795031757,75.33773716230995,-1.1513763565266268,-93.10546167559967,0.630068277102231,26.083289449272915,0.22336903237995842,-55.838463170363234,0.8914924228690537,0.026401860911061035,-54.76502798487203,-0.5529416200750527
2026-06-24T14:33:19.887000,2198,1.3260312558391034,75.47587901859723,-1.5080674081346643,-93.50782426473405,0.961499811148647,26.254253753301665,-0.03745530316358932,-55.73945838375856,1.0343016143195758,0.1983472180370631,-54.090699590170125,-0.7054494332934427
2026-06-24T14:33:19.897000,2199,0.4226067813334597,75.91003827347059,-1.066079342940462,-93.03085164049436,0.4164156694239263,25.96388571586078,0.25530728933505326,-55.747539743024525,0.9162100788271477,0.10968879476759369,-54.713647759397546,-0.6959169273723366
2026-06-24T14:33:19.907000,2200,0.7388067739452067,75.37720756143628,-1.453790265728704,-93.16675022727321,0.961499811148647,25.687084562669174,0.42031971176718735,-56.08092130428162,0.3669337501426912,0.021027486702532745,-54.585204091460305,-1.0371528012375102
2026-06-24T14:33:19.917000,2201,0.985919687289155,75.65630950712583,-1.347814263132634,-93.38525002253037,0.9560205587932621,25.773923111723505,-0.43668065734850053,-56.01424629372565,0.5646720489102288,-0.0165844783704688,-54.1356529776172,-0.9551798004596274
2026-06-24T14:33:19.928000,2202,0.8690037500058281,75.47869725171223,-1.141038249687021,-93.3159702974838,0.6026749564162043,26.042582968825663,0.09561886231341124,-55.862709417653555,1.3254196904157751,0.2520823057356495,-54.37006361976814,-0.7759821988140659
2026-06-24T14:33:19.938000,2203,1.2117743793807942,75.76625692385005,-1.5959482545980574,-93.52647605822455,0.3287652782831748,25.852623278538097,-0.4127269646321891,-55.82431807978226,0.701990393857057,0.5503038207953447,-54.360430258475986,-0.7492944573067852
2026-06-24T14:33:19.948000,2204,0.7999195238075342,75.76343869073504,-1.3917560740296726,-93.20671753871184,0.9560205587932621,25.836340686359197,0.37773632174501787,-56.0283892148142,0.5427027651011456,0.06938820019255178,-54.31868684216815,-0.7759821988140659
2026-06-24T14:33:19.958000,2205,0.579377247226805,75.5660927493099,-1.572685432710924,-93.16941395173087,1.0354535419463877,26.07243535910355,-0.26634423950591307,-55.901098586032425,0.6745273146471261,0.3568609668351513,-54.893468204934784,-1.0981551077569114
2026-06-24T14:33:19.968000,2206,0.4598079552575857,75.52098588395357,-1.1255297017622656,-93.71566630101715,1.3723643283481937,25.820058094180293,0.1914307754248636,-55.90917994529839,1.097469940289296,0.36760971525224695,-54.569150787889704,-0.9856809537193278
2026-06-24T14:33:19.978000,2207,0.8982334475940263,75.67604319313737,-1.3710770850197673,-92.9775599844806,0.4492853013744351,26.007304990387947,0.03972691264200499,-55.6929856866213,0.982120879151551,0.37835557887371196,-54.395750284630914,-0.7512001397230516
2026-06-24T14:33:19.988000,2208,1.1373748846020468,75.30672751673514,-0.9471814006275486,-93.16941395173087,0.980672782756145,26.11856742771063,0.30587524359604484,-55.89503702420985,0.7239626265632939,0.17148111658560475,-54.49208389755246,-1.0447775778224626
2026-06-24T14:33:19.998000,2209,1.116116663349738,75.3433766556432,-1.4279408356336492,-92.80702153517849,0.8848049836277625,25.849907570608472,0.09295829348511996,-56.05263546210451,0.8173394549947919,0.1338691515126032,-54.16455306149366,-1.1934719792884327
2026-06-24T14:33:20.008000,2210,0.7334915053647533,75.8113637892064,-1.4667122054455382,-93.23602995231978,0.81358646737136,26.02358758256685,-0.09867124824548767,-56.133455563241455,0.9985993164569502,-0.27450539885508296,-54.64942764936616,-1.0333393894850869
2026-06-24T14:33:20.019000,2211,0.9513747211204647,75.1883193464594,-1.1979020003009029,-93.27866384935945,0.21646266317954044,25.84719477652856,0.6465480792811811,-55.735416619379365,0.8997316415217583,-0.0703195660690552,-54.88383484364263,-0.5815370909184869
2026-06-24T14:33:20.029000,2212,0.722863821273351,75.73242601805698,-1.2909505125187521,-93.18540202076369,0.7095012602553565,26.067006857094015,0.13554168350728943,-56.00616276496726,0.5838988583646189,-0.24495355269713673,-54.40538364592307,-0.9494607062909377
2026-06-24T14:33:20.039000,2213,0.7600621421279724,75.84237646188446,-1.3374761562930282,-93.39857436710548,0.9888901907437709,25.78478011574258,-0.032134165506968036,-56.07688170939484,0.814594031742945,0.26014242465066567,-54.47924056512108,-0.8713011172654782
2026-06-24T14:33:20.049000,2214,0.5687495631354414,75.91849599991885,-1.4977293012950585,-93.25734833141131,0.8848049836277625,25.646378082221922,0.27127641781262,-56.09304442792677,1.0452892051212712,0.5771699222468422,-54.62373753662892,-0.8102967638261863
2026-06-24T14:33:20.059000,2215,1.2835176664040673,75.5407195699651,-1.0583250689780843,-93.19072946967906,0.7752405241563691,25.689797356749086,0.19941533966364697,-55.95565047294323,1.4407658026563563,-0.3927214378737208,-54.21592983909367,-0.9856809537193278
2026-06-24T14:33:20.069000,2216,0.8105472078989363,75.0586352166204,-1.0764174497800678,-93.40923212607956,0.9587587144255031,26.313955620007736,-0.06673299129039285,-55.88493369800806,1.2485212992896664,0.088194182729033,-54.78108128844263,-0.8598629289281023
2026-06-24T14:33:20.079000,2217,0.9513747211204647,75.16012793399959,-1.3736636932276889,-93.62773192133672,0.7204568238752235,26.16470241016742,0.48153565684908567,-55.96373400170162,0.957403223193467,0.49119724368382156,-54.38290695219952,-0.8922697646040693
2026-06-24T14:33:20.089000,2218,1.0310894844796656,75.34901312187321,-1.981072569178378,-93.29198819393457,1.0957135534920153,26.259682255311205,0.25264672050676196,-55.53336745128323,0.7843825803840133,0.6443366182733423,-54.3283202034603,-1.1076876136780174
2026-06-24T14:33:20.099000,2219,0.8264901605707533,75.58582946242468,-1.2961209536039018,-92.5938491888367,0.5752845768210804,25.836340686359197,0.029081779574891595,-56.03849254101597,0.9601515953424677,0.46164251273024465,-54.37969698106029,-0.5986923265046581
2026-06-24T14:33:20.109000,2220,0.706920868601534,75.45050583925243,-1.1772230112909883,-93.90485654380974,0.5451560415937154,25.621954193953567,0.40701400987178266,-56.121332439596294,0.9354339393843839,0.18222698020706976,-54.44391709109168,-0.8179235873310295
2026-06-24T14:33:20.120000,2221,0.5501504027081501,75.64221228734431,-1.2521791427068538,-93.32396433200017,0.5040690016555808,26.105000543461355,0.08497372924633657,-55.816236720516294,0.8036064409412496,0.10162867585257748,-54.37969698106029,-0.6882921507873841
2026-06-24T14:33:20.130000,2222,0.9115201925104076,75.78035414363157,-1.345230430255406,-93.29998222845097,0.7149805126107415,26.07243535910355,0.3883814548120925,-55.77380578775823,0.8255786736474966,-0.04882495403049452,-54.62373753662892,-0.8446113288383067
2026-06-24T14:33:20.140000,2223,0.9806044187087016,75.77753288341333,-1.4848045862475312,-93.46252378209334,0.47941677769270286,26.34109521620571,-0.013501610447277887,-55.93342619258871,0.789876375784861,-0.11599165005699477,-54.244829922970126,-0.9227709178637697
2026-06-24T14:33:20.150000,2224,1.1187757241747556,75.3180034762984,-1.572685432710924,-93.51581829925047,0.9039779552352604,25.765781815634057,-0.37546471226660216,-56.086982866104194,0.4355929226160953,0.5449294465867773,-54.48245053626031,-0.6768539624500084
2026-06-24T14:33:20.160000,2225,0.7441191894561168,75.70705283871219,-1.0583250689780843,-93.54779443731607,1.0025839099958789,25.841766274519024,0.19675477083531698,-56.27488911311177,0.44657756452064684,0.37566983416722405,-54.742547843274004,-0.9914000478880141
2026-06-24T14:33:20.170000,2226,0.8424331132426089,75.41667493345935,-1.259933416669241,-92.92160174286578,0.635544588366713,26.107713337541266,0.39902944563299925,-56.02030785554823,1.001347688605951,-0.17509822716851792,-54.581994120321085,-0.896083176356489
2026-06-24T14:33:20.180000,2227,0.879634287166735,75.58300820220643,-1.5520092190317123,-93.35593760892243,1.2545824608891745,25.90960943731454,-0.013501610447277887,-56.28903420369274,1.0535284237739657,-0.11599165005699477,-54.54346067515245,-1.0257146129001344
2026-06-24T14:33:20.190000,2228,0.9274631451822632,75.69859511226392,-1.2134105482256585,-93.21737815882929,0.5917193927963322,25.67623047249981,-0.15189977133477056,-55.92534483332275,0.5866442816164658,-0.05151358353253489,-54.633370897921075,-0.9875866361355942
2026-06-24T14:33:20.201000,2229,0.5714057708909158,75.65348824690757,-1.4176027287940434,-93.52647605822455,1.1066720582027902,26.09414353944228,0.005128086858580163,-55.9354459900321,0.7129779846587523,0.16073525296410063,-54.54667409416616,-0.9475550238746715
2026-06-24T14:33:20.211000,2230,0.457148894432568,75.83955822876945,-1.3245514412454913,-93.13210750360656,0.6930664442800997,26.07243535910355,-0.01084104161894788,-55.85664785583097,0.5674204210592295,0.06938820019255178,-54.93521506911711,-0.9170518236950835
2026-06-24T14:33:20.221000,2231,0.8105472078989363,75.30390625651688,-1.1281135346394937,-93.62773192133672,0.8601527596648846,25.689797356749086,0.3750757529166878,-55.903118383475814,0.6827665332998207,0.22790194899063998,-54.64942764936616,-1.0180877893952947
2026-06-24T14:33:20.231000,2232,0.7999195238075342,75.2108742926892,-1.1513763565266268,-93.19072946967906,0.980672782756145,25.904183849154716,0.32982893631235627,-55.864729215096936,0.5509419837538403,0.26014242465066567,-54.52419395256815,-0.7969528930725477
2026-06-24T14:33:20.241000,2233,1.0656315975787738,75.60556314843623,-1.3012913946890514,-93.44920229866156,0.6191097723914561,25.56768082925704,0.1568319496414775,-55.88493369800806,0.7596649244259295,-0.011212988957532066,-54.49850728770539,-1.1248448961840793
2026-06-24T14:33:20.251000,2234,1.0045188477164464,75.61965734111452,-1.453790265728704,-93.43054764402774,0.5122864096432117,25.752214931384778,-0.3861127030875477,-55.7273352601134,0.7459348592695408,0.1123745394740816,-54.71043778825832,-1.1458135435226737
2026-06-24T14:33:20.261000,2235,1.0178027395632843,75.36592857476977,-1.3323057152078785,-93.43854167854415,0.7368916398504755,25.589389009595763,-0.00019590855187321592,-55.88291390056468,0.8063548130902504,-0.08106542969052023,-54.35722028733676,-0.6196630207631398
2026-06-24T14:33:20.271000,2236,0.7095770763569698,75.96923933150521,-1.4873911944554528,-93.11345571011609,0.8628909152971207,26.126708723800082,-0.032134165506968036,-55.903118383475814,0.6086135654255589,-0.2718196541486342,-54.11638625503288,-1.15153263769136
2026-06-24T14:33:20.282000,2237,0.8876057635026628,75.36311034165475,-1.46412837256831,-93.75030616354044,0.6875871919247147,25.82819939026975,0.1062639953804859,-55.878872136185485,0.5509419837538403,0.3864156977887282,-54.50492722998384,-0.8808315762666968
2026-06-24T14:33:20.292000,2238,1.1798884740371216,75.2108742926892,-1.567517766956468,-93.17474426178958,0.6848490362924737,26.26511075732074,-0.09867124824548767,-55.71925390084743,0.8805048320673583,0.3649210857501675,-54.55951742659754,-0.7111685274621323
2026-06-24T14:33:20.302000,2239,0.9088611316854286,75.59710542198796,-1.259933416669241,-93.73964840456634,0.9121953632228863,25.773923111723505,-0.00019590855187321592,-55.96373400170162,0.7184688311624462,-0.2100273323306231,-54.64942764936616,-0.8884583997715366
2026-06-24T14:33:20.312000,2240,0.9938911636250828,75.43077215324088,-1.3038752275662795,-93.34794357440602,0.6492412487097239,25.765781815634057,-0.1226249409617991,-55.733396821935976,0.770649566330471,-0.09718566752051354,-54.23198659053875,-0.8713011172654782
2026-06-24T14:33:20.322000,2241,0.7813203633802428,75.17704338689612,-1.345230430255406,-93.46252378209334,0.7259360762306084,25.79292141183203,0.15949537622360088,-55.707130777202266,1.031556191067729,-0.4706339975217252,-54.37006361976814,-0.781701292982752
2026-06-24T14:33:20.332000,2242,1.4216889718701213,75.5632745161949,-1.1927315592157532,-93.37991971247166,0.5451560415937154,26.105000543461355,0.17812507352945892,-56.10516755157193,0.6525580308380329,-0.1804726013770853,-54.5338273138603,-1.178222426118528
2026-06-24T14:33:20.342000,2243,0.9832606264641373,75.68731915270065,-1.2134105482256585,-93.4065684016219,0.7067631046231155,26.064294063014103,0.03706634381367498,-55.80411359687113,0.6855119565516676,-0.07300531077550403,-55.07328865047203,-0.9380225179535654
2026-06-24T14:33:20.352000,2244,0.2950660130282739,75.498433964827,-1.6114568025228129,-92.82567332866897,1.150497253773166,25.597530305685215,0.1541713808131475,-56.03849254101597,1.1963376152244878,0.1338691515126032,-54.80034801102694,-0.9914000478880141
2026-06-24T14:33:20.363000,2245,0.6803502318383149,75.59710542198796,-0.9213347458631872,-93.50516054027639,0.7861960877762362,26.099572041451818,0.01577321992565483,-56.03849254101597,1.1963376152244878,0.5261234640502961,-54.2929967294309,-1.15153263769136
2026-06-24T14:33:20.372000,2246,0.9115201925104076,75.74088374450525,-1.5520092190317123,-93.30530967736634,1.0299772306819057,26.09414353944228,0.08497372924633657,-56.03647057408016,0.5509419837538403,0.6416508735668935,-54.59483745275246,-1.0638405427447875
2026-06-24T14:33:20.383000,2247,0.5953201998986606,75.69859511226392,-1.2185782139801147,-93.01486357146158,0.8848049836277625,25.78478011574258,-0.013501610447277887,-55.92332286638694,0.27630234496303013,0.38910144249517703,-54.687961094534785,-1.0867169194195354
2026-06-24T14:33:20.393000,2248,0.3588349706460758,75.44204811280416,-1.5468387779465627,-93.57444026532296,1.1669320697484178,25.974739806030144,0.43894940907304536,-55.80411359687113,0.8832532042163591,0.15536087875557233,-54.78108128844263,-1.029525977732667
2026-06-24T14:33:20.403000,2249,0.8769752263417173,75.18267985312615,-1.4486198246435544,-93.0948039166256,0.8464560993218688,26.077860947263378,-0.19714658793910214,-55.65459651824243,0.5838988583646189,-0.424959028738155,-54.58841751047401,-1.0104630128103387
2026-06-24T14:33:20.413000,2250,1.1373748846020468,75.30672751673514,-1.2702742988395404,-93.04683970952718,1.0135424147066487,25.765781815634057,0.07432573842539109,-55.864729215096936,0.7569195011740825,0.20909596645415876,-54.418230426228924,-1.056215766159835
2026-06-24T14:33:20.423000,2251,0.879634287166735,75.51816765083856,-1.5468387779465627,-93.45186602311927,0.6519794043419649,26.27053634548057,-0.06939356011868414,-55.82229828233888,1.0809915029839066,0.07744831910756797,-54.25125331312306,-0.9704293536295322
2026-06-24T14:33:20.433000,2252,0.8158624764793898,75.3828440276663,-1.5261625642673415,-93.2839941594182,0.7067631046231155,26.083289449272915,0.24200158743968728,-55.90917994529839,0.7157234079105993,0.010281623081028628,-54.280153396999516,-1.1305619434328782
2026-06-24T14:33:20.443000,2253,1.1612893136098303,76.03690114309134,-1.4951454684178305,-93.2839941594182,1.0847579898721484,25.404854907468025,0.6997766023704639,-55.65459651824243,1.2183098479307348,0.28163415189363483,-54.79071464973479,-0.7283237630483034
2026-06-24T14:33:20.453000,2254,1.2356888083885391,75.58300820220643,-1.4486198246435544,-92.97489339887956,0.8930223916153884,25.421137499646928,0.1488473854026941,-55.798052035048556,0.5674204210592295,0.21984183007562377,-54.35722028733676,-1.1229371668479258
2026-06-24T14:33:20.463000,2255,1.0762621347397194,75.96923933150521,-1.1798068441682164,-92.94291726081397,0.6985456966354846,26.01001778446786,-0.6362919055640207,-55.64247339459727,0.6607972494907275,0.5691098033318259,-54.80355798216617,-1.2887888508199576
2026-06-24T14:33:20.474000,2256,0.19409302841680268,75.38848352099954,-1.241841035867248,-93.53713381719862,0.808110156106878,26.064294063014103,0.07432573842539109,-55.96373400170162,0.7376956406168362,0.18491560970914925,-54.2062964778015,-1.0142764245627622
2026-06-24T14:33:20.484000,2257,1.1905161581284853,75.58582946242468,-1.1798068441682164,-93.35593760892243,1.0984546502151642,25.882472754966276,0.2020787662458091,-55.917261304564356,0.8612809715101221,-0.1562922446320367,-54.71686117841124,-1.1000607901731776
2026-06-24T14:33:20.494000,2258,0.6458052656696246,75.76625692385005,-1.4563740986059321,-93.85422861225366,0.635544588366713,26.354662100454988,0.18078564235778893,-56.084963068660805,1.119439224098379,-0.10524578643552975,-53.843445615587804,-0.863674293760635
2026-06-24T14:33:20.504000,2259,0.9620052582813715,75.54354083018335,-1.1694687373286106,-93.04150939946847,0.5862401404409473,26.0317288786563,0.3484614913720464,-55.917261304564356,0.3449615174364442,0.47507700585378915,-54.48245053626031,-0.6882921507873841
2026-06-24T14:33:20.514000,2260,0.9168326080213177,75.63939405422929,-1.691583375023828,-93.25734833141131,0.3945045421841874,25.874331458876828,-0.46595548772143325,-56.1819480578221,0.5756596397119241,0.327309120677205,-53.91729908691133,-0.9628045770445798
2026-06-24T14:33:20.524000,2261,0.9752891501282095,75.39694124744781,-1.4046780137465158,-93.06282777855999,0.9505413064378772,25.695225858758622,0.55605730382635,-55.828359844161454,1.0562738470258128,-0.6372078652348296,-55.028335263024964,-0.9323034237848793
2026-06-24T14:33:20.534000,2262,0.7547497266170623,75.28417257050535,-1.376247526104917,-93.13210750360656,1.2847139372074372,26.180985002346322,-0.5324925704599529,-55.89503702420985,0.26806312631033546,-0.12405176897201098,-54.418230426228924,-1.2983213567410639
2026-06-24T14:33:20.544000,2263,1.2038029030448665,75.12065753487326,-1.1151888195919661,-93.2253721933457,0.18359303122903164,25.820058094180293,0.1488473854026941,-55.97585712534678,0.8036064409412496,0.05864233657108675,-54.21592983909367,-1.052402354407415
2026-06-24T14:33:20.554000,2264,0.7999195238075342,75.92977195948212,-1.0583250689780843,-93.56910995526422,1.2107572653187937,26.142991315978986,-0.27965279915514984,-55.903118383475814,0.9052224880254423,0.6523967371883586,-54.241619951830906,-0.995213459640434
2026-06-24T14:33:20.565000,2265,1.0124903240523742,75.81700328253964,-1.0996802716672012,-92.66845922394198,0.8190657197267449,25.518833052720332,0.0690046007687698,-55.71723193391162,0.5646720489102288,-0.3174946229322044,-54.27693997798582,-0.7187933040470847
2026-06-24T14:33:20.575000,2266,0.4970062761121684,75.50125219794202,-1.066079342940462,-93.28132757381715,0.7259360762306084,25.887901256975812,-0.013501610447277887,-56.12739400141887,0.8777594088155114,0.19297572862412635,-53.82096892186426,-1.0314337070688206
2026-06-24T14:33:20.585000,2267,0.7733488870443537,75.70141637248217,-1.4796369204930748,-93.07082181307636,0.7834579321440001,25.83905348043911,0.2340170232009039,-56.05667722648371,0.701990393857057,0.3246233759707171,-54.64621767822693,-0.9532720711234702
2026-06-24T14:33:20.595000,2268,0.7122332841124441,75.22215025225246,-1.3426465973781778,-93.44920229866156,0.25207045076229023,25.646378082221922,0.03706634381367498,-55.917261304564356,0.5619266256583818,-0.12674039847409044,-54.57236075902892,-1.2335056384692429
2026-06-24T14:33:20.605000,2269,1.062975389823338,75.16012793399959,-1.285782846764296,-92.73507522453087,1.2436268972693025,26.137565727819158,-0.2636836706776218,-56.218315259265154,0.8228332503956496,-0.23957917848860844,-54.45997384253676,-0.7359505865531432
2026-06-24T14:33:20.615000,2270,0.6325213738227866,75.68450091958563,-1.3142133344058855,-93.52381233376688,0.4821549333249439,25.80648829608131,0.16747994046238426,-55.88695349545145,0.512491313742204,0.13924064092553995,-54.748971233426936,-0.7264180806320372
2026-06-24T14:33:20.625000,2271,0.2950660130282739,75.62247860133276,-1.3038752275662795,-92.9642356399055,0.6821108806602327,26.075148153183466,0.18877020659657232,-55.890995259830646,0.8063548130902504,0.27088828827213074,-54.52419395256815,-1.0161821069790284
2026-06-24T14:33:20.636000,2272,0.9540337819454824,75.52380411706858,-1.3736636932276889,-93.39058033258907,0.6738934726726067,26.107713337541266,0.2020787662458091,-56.05667722648371,0.3339768755319026,0.12312040309554663,-54.55951742659754,-1.1934719792884327
2026-06-24T14:33:20.646000,2273,0.558121879044078,75.97487882483846,-1.572685432710924,-93.38791374698803,0.5889812371640912,26.042582968825663,-0.1598843355735152,-55.82431807978226,1.026062395666881,-0.09718566752051354,-54.562727397736765,-1.317384321663392
2026-06-24T14:33:20.656000,2274,0.6245498974868975,75.58300820220643,-1.285782846764296,-93.12144974463246,0.5013279049324368,25.874331458876828,0.25530728933505326,-55.95565047294323,0.7596649244259295,-0.12405176897201098,-54.37969698106029,-0.9475550238746715
2026-06-24T14:33:20.666000,2275,1.036404753060119,75.74088374450525,-1.4951454684178305,-93.4065684016219,1.1861050413559158,26.15384540614835,-0.18383802828986537,-55.862709417653555,1.1084545821938376,0.16342099767058854,-54.244829922970126,-1.1591574142763124
2026-06-24T14:33:20.676000,2276,0.7122332841124441,75.63375456089604,-1.2495953098296257,-93.71300257655945,0.6026749564162043,25.749499223455153,-0.11996151437967574,-55.92534483332275,0.6388250167844906,-0.28793989197862746,-54.37969698106029,-1.0447775778224626
2026-06-24T14:33:20.686000,2277,0.6670634869219336,75.43077215324088,-1.657982446297089,-93.49183619570124,0.6985456966354846,26.322096916097184,-0.013501610447277887,-55.965753799145006,0.8585355482582752,-0.10256004172908093,-55.39439954425237,-0.9475550238746715
2026-06-24T14:33:20.696000,2278,0.5209207051199132,75.50970992439028,-1.2030696660553593,-93.39058033258907,1.1888431969881568,25.706079948927986,0.577347569960538,-56.23448014728951,0.982120879151551,-0.13211188788702719,-54.19987653552305,-0.8503304230069963
2026-06-24T14:33:20.706000,2279,0.5315483892113154,75.77471465029832,-1.9397173664892609,-93.3745922635563,1.0792787375167634,26.191839092515686,-0.1279460786184204,-56.060716821370484,1.0370499864685765,0.026401860911061035,-54.47924056512108,-1.0981551077569114
2026-06-24T14:33:20.716000,2280,0.6006354684791141,75.84519469499946,-1.1901477263385252,-93.08414615765149,0.7642820194455993,25.836340686359197,0.22070846355166712,-55.97585712534678,0.8997316415217583,-0.04882495403049452,-54.51135062013677,-0.9323034237848793
2026-06-24T14:33:20.727000,2281,0.6325213738227866,75.73524727827522,-1.704508090071365,-93.17474426178958,0.9560205587932621,25.78749290982249,-0.21577628524496018,-55.733396821935976,0.8173394549947919,0.4294020370702189,-54.280153396999516,-1.1153123902629698
2026-06-24T14:33:20.737000,2282,1.01514653180781,75.28699080362036,-1.3348923234158,-93.02552133043565,0.3506793466138116,26.297675941678545,-0.06939356011868414,-56.23246034984612,1.0095869072586456,0.5395550723782491,-54.12280964518582,-0.7759821988140659
2026-06-24T14:33:20.747000,2283,0.9912321028000651,75.46742129214896,-1.1720525702058386,-93.21471157322826,1.1998017016989266,26.007304990387947,0.2313535966187418,-56.086982866104194,0.9052224880254423,-0.15360649992558786,-55.028335263024964,-0.9189595530312372
2026-06-24T14:33:20.757000,2284,0.7308352976092789,75.83391873543619,-1.2237486550652643,-93.29998222845097,0.20550709955967345,26.191839092515686,-0.06673299129039285,-56.20619213562,1.3721066301829523,-0.40615304620167375,-54.59483745275246,-1.34026069833814
2026-06-24T14:33:20.767000,2285,1.32071598725865,75.50970992439028,-1.1617144633662329,-93.39058033258907,0.7067631046231155,25.773923111723505,0.3591066244391598,-55.775827754694035,1.1359176614037685,0.6765770939333681,-54.16776648050736,-0.9628045770445798
2026-06-24T14:33:20.777000,2286,0.720204760448372,76.03690114309134,-1.3840018000672947,-93.50516054027639,0.808110156106878,26.01001778446786,0.11424855961926929,-55.86877097947613,1.1963376152244878,0.05864233657108675,-54.2929967294309,-0.9723370829656858
2026-06-24T14:33:20.787000,2287,1.1825446817925573,75.5632745161949,-1.0273079731285637,-93.43321422962879,1.4024958046664615,26.148419817988522,-0.247714542200055,-56.20619213562,1.031556191067729,0.18222698020706976,-54.26409664555444,-0.903707952941445
2026-06-24T14:33:20.797000,2288,0.9912321028000651,75.30954574985014,-1.3245514412454913,-93.30264595290868,0.6026749564162043,25.882472754966276,-0.2769893725729877,-56.14153692250742,0.8448025342047328,0.36760971525224695,-54.99301178899556,-1.1458135435226737
2026-06-24T14:33:20.807000,2289,1.0417171685710291,75.46742129214896,-1.4279408356336492,-93.42255647065467,0.7067631046231155,26.08871795128245,0.16481651388022214,-55.85260609145178,0.8036064409412496,0.17685549079413304,-54.14207636777013,-1.0219012011477147
2026-06-24T14:33:20.818000,2290,0.4704356393489492,75.37438630121802,-1.1151888195919661,-93.35860419452347,0.8793257312723776,26.0317288786563,-0.18117745946153535,-55.83037964160484,1.21007062927803,0.5368693276718002,-54.76181456585832,-0.7187933040470847
2026-06-24T14:33:20.828000,2291,0.9593461974563925,75.24470519848225,-1.1798068441682164,-93.24136026237848,1.1669320697484178,26.075148153183466,-0.1279460786184204,-55.92534483332275,0.6141073608264066,0.20372159224563047,-54.68474767552108,-0.8446113288383067
2026-06-24T14:33:20.838000,2292,0.8530607973339724,75.65067001379256,-1.4848045862475312,-93.49183619570124,0.5780227324533214,25.904183849154716,-0.3382053176548861,-55.72531546267001,0.9024770647735953,0.29506864501717933,-54.62695095564263,-1.189658567536013
2026-06-24T14:33:20.848000,2293,0.5820363080518227,75.66758546668909,-1.6734909942218446,-93.35593760892243,0.7423708922058604,25.632811197972643,0.0690046007687698,-55.747539743024525,0.6250920027309482,0.20372159224563047,-54.581994120321085,-1.0543100837435686
2026-06-24T14:33:20.860000,2294,0.879634287166735,75.47587901859723,-1.141038249687021,-93.40123809156314,1.0573676102770295,25.72236254110689,-0.3382053176548861,-55.915241507120975,0.6168527840782536,0.33536923959222126,-54.569150787889704,-0.8293617756684019
2026-06-24T14:33:20.868000,2295,0.6325213738227866,75.63939405422929,-1.4331112767187988,-92.94291726081397,0.6711523759494579,26.096859247371906,-0.01616503702943999,-55.8465445296292,0.7953672222885549,0.09087992743552091,-54.10996631275443,-1.1362810376015642
2026-06-24T14:33:20.879000,2296,0.8636913344949181,75.1629461671146,-1.3840018000672947,-93.3745922635563,0.7505883001934913,25.61381289786412,0.30587524359604484,-56.060716821370484,0.5756596397119241,0.14461501513410732,-54.0328994224172,-1.0829035076671156
2026-06-24T14:33:20.888000,2297,0.5182644973644774,75.76343869073504,-1.3323057152078785,-93.10013136554096,0.5588497608458285,25.689797356749086,-0.5458011301091896,-55.78997067578259,0.9464185812889254,0.2628281693571536,-54.50814064899754,-0.9608988946283135
2026-06-24T14:33:20.898000,2298,0.8158624764793898,75.36311034165475,-1.4434493835584048,-93.36393164343885,1.0436709499340135,26.28139334949964,-0.06406956470823076,-55.967773596588394,0.8914924228690537,-0.38197268945666424,-54.28978675829167,-0.9532720711234702
2026-06-24T14:33:20.909000,2299,1.2782023978235753,75.21651075891921,-1.1487925236493988,-93.37725598801396,0.8683701676525106,26.105000543461355,0.0690046007687698,-55.95161087805646,0.6800211100479737,0.6416508735668935,-54.58841751047401,-0.9856809537193278
2026-06-24T14:33:20.919000,2300,0.5900077843877505,75.58582946242468,-1.616627243607972,-93.25734833141131,0.7396297954827165,26.18641059050615,-0.06406956470823076,-55.75562110229049,0.9134617066781469,-0.12674039847409044,-54.8645715689328,-1.206815850042075
2026-06-24T14:33:20.929000,2301,1.1001737106779208,75.66758546668909,-1.46412837256831,-93.34261612549065,0.808110156106878,25.974739806030144,0.1461868165743641,-55.83644120342742,0.8887440507200529,0.37566983416722405,-54.11317628389366,-0.5967866440883918
2026-06-24T14:33:20.939000,2302,0.17283766023403693,75.7690781840683,-1.097096438789973,-93.15608960715575,0.9751935304007551,26.042582968825663,0.6412240838707277,-55.97181536096758,0.5866442816164658,0.04520784344754226,-53.94619917078781,-0.9227709178637697
2026-06-24T14:33:20.949000,2303,0.8238339528153176,75.48715497816049,-1.1565440222810832,-93.14276812372398,0.9971075987313969,25.95574441977133,0.05835660994786304,-55.96373400170162,0.7184688311624462,0.07476257440108006,-54.46639723268969,-0.9323034237848793
